id,category,title_en,title_ar,amazon_asin,amazon_english_url,amazon_arabic_url,source_platform,status,collection_note
"ORDER-371011","mobile","Retail MagSafe Power Bank Set","تجزئة - إكسسوارات الجوال","B0CH33F5P2","https://www.amazon.ae/-/en/dp/B0CH33F5P2","https://www.amazon.ae/-/ar/dp/B0CH33F5P2","amazon.ae","ready","Amazon.ae popularity-rank query: power bank"
"ORDER-371012","mobile","Retail 65W GaN Fast Charger Kit","تجزئة - إكسسوارات الجوال","B0C3GTMX5M","https://www.amazon.ae/-/en/dp/B0C3GTMX5M","https://www.amazon.ae/-/ar/dp/B0C3GTMX5M","amazon.ae","ready","Amazon.ae popularity-rank query: power bank"
"ORDER-371013","mobile","Retail Wireless Earbuds Retail Pack","تجزئة - إكسسوارات الجوال","B0F6NFHB31","https://www.amazon.ae/-/en/dp/B0F6NFHB31","https://www.amazon.ae/-/ar/dp/B0F6NFHB31","amazon.ae","ready","Amazon.ae popularity-rank query: power bank"
"ORDER-371014","mobile","Retail Privacy Screen Protector Bundle","تجزئة - إكسسوارات الجوال","B0D7CG2PHM","https://www.amazon.ae/-/en/dp/B0D7CG2PHM","https://www.amazon.ae/-/ar/dp/B0D7CG2PHM","amazon.ae","ready","Amazon.ae popularity-rank query: power bank"
"ORDER-371015","mobile","Retail Magnetic Car Phone Mount","تجزئة - إكسسوارات الجوال","B0CSSRD4NT","https://www.amazon.ae/-/en/dp/B0CSSRD4NT","https://www.amazon.ae/-/ar/dp/B0CSSRD4NT","amazon.ae","ready","Amazon.ae popularity-rank query: power bank"
"ORDER-371016","mobile","Retail USB-C Hub Adapter","تجزئة - إكسسوارات الجوال","B0CXHM5RY2","https://www.amazon.ae/-/en/dp/B0CXHM5RY2","https://www.amazon.ae/-/ar/dp/B0CXHM5RY2","amazon.ae","ready","Amazon.ae popularity-rank query: power bank"
"ORDER-371017","mobile","Retail Smart Watch Strap Set","تجزئة - إكسسوارات الجوال","B0FHHNTC1J","https://www.amazon.ae/-/en/dp/B0FHHNTC1J","https://www.amazon.ae/-/ar/dp/B0FHHNTC1J","amazon.ae","ready","Amazon.ae popularity-rank query: power bank"
"ORDER-371018","mobile","Retail Rugged Phone Case Bundle","تجزئة - إكسسوارات الجوال","B0FQC2X8FD","https://www.amazon.ae/-/en/dp/B0FQC2X8FD","https://www.amazon.ae/-/ar/dp/B0FQC2X8FD","amazon.ae","ready","Amazon.ae popularity-rank query: power bank"
"ORDER-371019","mobile","Retail 3-in-1 Wireless Charging Stand","تجزئة - إكسسوارات الجوال","B0CCS1KZZT","https://www.amazon.ae/-/en/dp/B0CCS1KZZT","https://www.amazon.ae/-/ar/dp/B0CCS1KZZT","amazon.ae","ready","Amazon.ae popularity-rank query: power bank"
"ORDER-371020","mobile","Retail Bluetooth Tracking Tag Pack","تجزئة - إكسسوارات الجوال","B0F37VLJQW","https://www.amazon.ae/-/en/dp/B0F37VLJQW","https://www.amazon.ae/-/ar/dp/B0F37VLJQW","amazon.ae","ready","Amazon.ae popularity-rank query: power bank"
"ORDER-371021","mobile","Pro MagSafe Power Bank Set","احترافي - إكسسوارات الجوال","B0C5975H8M","https://www.amazon.ae/-/en/dp/B0C5975H8M","https://www.amazon.ae/-/ar/dp/B0C5975H8M","amazon.ae","ready","Amazon.ae popularity-rank query: power bank"
"ORDER-371022","mobile","Pro 65W GaN Fast Charger Kit","احترافي - إكسسوارات الجوال","B09DRMV91Y","https://www.amazon.ae/-/en/dp/B09DRMV91Y","https://www.amazon.ae/-/ar/dp/B09DRMV91Y","amazon.ae","ready","Amazon.ae popularity-rank query: power bank"
"ORDER-371023","mobile","Pro Wireless Earbuds Retail Pack","احترافي - إكسسوارات الجوال","B0D8KH4LNB","https://www.amazon.ae/-/en/dp/B0D8KH4LNB","https://www.amazon.ae/-/ar/dp/B0D8KH4LNB","amazon.ae","ready","Amazon.ae popularity-rank query: power bank"
"ORDER-371024","mobile","Pro Privacy Screen Protector Bundle","احترافي - إكسسوارات الجوال","B0DNQVVVJT","https://www.amazon.ae/-/en/dp/B0DNQVVVJT","https://www.amazon.ae/-/ar/dp/B0DNQVVVJT","amazon.ae","ready","Amazon.ae popularity-rank query: power bank"
"ORDER-371025","mobile","Pro Magnetic Car Phone Mount","احترافي - إكسسوارات الجوال","B0DM1RGZHD","https://www.amazon.ae/-/en/dp/B0DM1RGZHD","https://www.amazon.ae/-/ar/dp/B0DM1RGZHD","amazon.ae","ready","Amazon.ae popularity-rank query: power bank"
"ORDER-371026","mobile","Pro USB-C Hub Adapter","احترافي - إكسسوارات الجوال","B0F8FB3ZB6","https://www.amazon.ae/-/en/dp/B0F8FB3ZB6","https://www.amazon.ae/-/ar/dp/B0F8FB3ZB6","amazon.ae","ready","Amazon.ae popularity-rank query: power bank"
"ORDER-371027","mobile","Pro Smart Watch Strap Set","احترافي - إكسسوارات الجوال","B0F48HV99S","https://www.amazon.ae/-/en/dp/B0F48HV99S","https://www.amazon.ae/-/ar/dp/B0F48HV99S","amazon.ae","ready","Amazon.ae popularity-rank query: power bank"
"ORDER-371028","mobile","Pro Rugged Phone Case Bundle","احترافي - إكسسوارات الجوال","B0DGGKSV1X","https://www.amazon.ae/-/en/dp/B0DGGKSV1X","https://www.amazon.ae/-/ar/dp/B0DGGKSV1X","amazon.ae","ready","Amazon.ae popularity-rank query: power bank"
"ORDER-371029","mobile","Pro 3-in-1 Wireless Charging Stand","احترافي - إكسسوارات الجوال","B0DSZKKJTK","https://www.amazon.ae/-/en/dp/B0DSZKKJTK","https://www.amazon.ae/-/ar/dp/B0DSZKKJTK","amazon.ae","ready","Amazon.ae popularity-rank query: power bank"
"ORDER-371030","mobile","Pro Bluetooth Tracking Tag Pack","احترافي - إكسسوارات الجوال","B0F37QGJHP","https://www.amazon.ae/-/en/dp/B0F37QGJHP","https://www.amazon.ae/-/ar/dp/B0F37QGJHP","amazon.ae","ready","Amazon.ae popularity-rank query: power bank"
"ORDER-371031","mobile","Compact MagSafe Power Bank Set","مدمج - إكسسوارات الجوال","B0CXHRNVNW","https://www.amazon.ae/-/en/dp/B0CXHRNVNW","https://www.amazon.ae/-/ar/dp/B0CXHRNVNW","amazon.ae","ready","Amazon.ae popularity-rank query: power bank"
"ORDER-371032","mobile","Compact 65W GaN Fast Charger Kit","مدمج - إكسسوارات الجوال","B0DQDBR8QQ","https://www.amazon.ae/-/en/dp/B0DQDBR8QQ","https://www.amazon.ae/-/ar/dp/B0DQDBR8QQ","amazon.ae","ready","Amazon.ae popularity-rank query: power bank"
"ORDER-371033","mobile","Compact Wireless Earbuds Retail Pack","مدمج - إكسسوارات الجوال","B0C93TL5BX","https://www.amazon.ae/-/en/dp/B0C93TL5BX","https://www.amazon.ae/-/ar/dp/B0C93TL5BX","amazon.ae","ready","Amazon.ae popularity-rank query: power bank"
"ORDER-371034","mobile","Compact Privacy Screen Protector Bundle","مدمج - إكسسوارات الجوال","B09RKFMM5F","https://www.amazon.ae/-/en/dp/B09RKFMM5F","https://www.amazon.ae/-/ar/dp/B09RKFMM5F","amazon.ae","ready","Amazon.ae popularity-rank query: power bank"
"ORDER-371035","mobile","Compact Magnetic Car Phone Mount","مدمج - إكسسوارات الجوال","B09FVHB15T","https://www.amazon.ae/-/en/dp/B09FVHB15T","https://www.amazon.ae/-/ar/dp/B09FVHB15T","amazon.ae","ready","Amazon.ae popularity-rank query: power bank"
"ORDER-371036","mobile","Compact USB-C Hub Adapter","مدمج - إكسسوارات الجوال","B0DN26GV6P","https://www.amazon.ae/-/en/dp/B0DN26GV6P","https://www.amazon.ae/-/ar/dp/B0DN26GV6P","amazon.ae","ready","Amazon.ae popularity-rank query: power bank"
"ORDER-371037","mobile","Compact Smart Watch Strap Set","مدمج - إكسسوارات الجوال","B0G5F48M35","https://www.amazon.ae/-/en/dp/B0G5F48M35","https://www.amazon.ae/-/ar/dp/B0G5F48M35","amazon.ae","ready","Amazon.ae popularity-rank query: power bank"
"ORDER-371038","mobile","Compact Rugged Phone Case Bundle","مدمج - إكسسوارات الجوال","B0GJ3K11MK","https://www.amazon.ae/-/en/dp/B0GJ3K11MK","https://www.amazon.ae/-/ar/dp/B0GJ3K11MK","amazon.ae","ready","Amazon.ae popularity-rank query: power bank"
"ORDER-371039","mobile","Compact 3-in-1 Wireless Charging Stand","مدمج - إكسسوارات الجوال","B08M3NF5KW","https://www.amazon.ae/-/en/dp/B08M3NF5KW","https://www.amazon.ae/-/ar/dp/B08M3NF5KW","amazon.ae","ready","Amazon.ae popularity-rank query: power bank"
"ORDER-371040","mobile","Compact Bluetooth Tracking Tag Pack","مدمج - إكسسوارات الجوال","B08861XCML","https://www.amazon.ae/-/en/dp/B08861XCML","https://www.amazon.ae/-/ar/dp/B08861XCML","amazon.ae","ready","Amazon.ae popularity-rank query: power bank"
"ORDER-371041","mobile","Premium MagSafe Power Bank Set","فاخر - إكسسوارات الجوال","B0F48YTC8V","https://www.amazon.ae/-/en/dp/B0F48YTC8V","https://www.amazon.ae/-/ar/dp/B0F48YTC8V","amazon.ae","ready","Amazon.ae popularity-rank query: power bank"
"ORDER-371042","mobile","Premium 65W GaN Fast Charger Kit","فاخر - إكسسوارات الجوال","B0BYNYBTYK","https://www.amazon.ae/-/en/dp/B0BYNYBTYK","https://www.amazon.ae/-/ar/dp/B0BYNYBTYK","amazon.ae","ready","Amazon.ae popularity-rank query: power bank"
"ORDER-371043","mobile","Premium Wireless Earbuds Retail Pack","فاخر - إكسسوارات الجوال","B0F6LGCRFW","https://www.amazon.ae/-/en/dp/B0F6LGCRFW","https://www.amazon.ae/-/ar/dp/B0F6LGCRFW","amazon.ae","ready","Amazon.ae popularity-rank query: power bank"
"ORDER-371044","mobile","Premium Privacy Screen Protector Bundle","فاخر - إكسسوارات الجوال","B0F98H2B53","https://www.amazon.ae/-/en/dp/B0F98H2B53","https://www.amazon.ae/-/ar/dp/B0F98H2B53","amazon.ae","ready","Amazon.ae popularity-rank query: power bank"
"ORDER-371045","mobile","Premium Magnetic Car Phone Mount","فاخر - إكسسوارات الجوال","B0GPXS51KD","https://www.amazon.ae/-/en/dp/B0GPXS51KD","https://www.amazon.ae/-/ar/dp/B0GPXS51KD","amazon.ae","ready","Amazon.ae popularity-rank query: power bank"
"ORDER-371046","mobile","Premium USB-C Hub Adapter","فاخر - إكسسوارات الجوال","B0GDWDXS79","https://www.amazon.ae/-/en/dp/B0GDWDXS79","https://www.amazon.ae/-/ar/dp/B0GDWDXS79","amazon.ae","ready","Amazon.ae popularity-rank query: power bank"
"ORDER-371047","mobile","Premium Smart Watch Strap Set","فاخر - إكسسوارات الجوال","B0D4MDHB21","https://www.amazon.ae/-/en/dp/B0D4MDHB21","https://www.amazon.ae/-/ar/dp/B0D4MDHB21","amazon.ae","ready","Amazon.ae popularity-rank query: power bank"
"ORDER-371048","mobile","Premium Rugged Phone Case Bundle","فاخر - إكسسوارات الجوال","B0DN26M81Y","https://www.amazon.ae/-/en/dp/B0DN26M81Y","https://www.amazon.ae/-/ar/dp/B0DN26M81Y","amazon.ae","ready","Amazon.ae popularity-rank query: power bank"
"ORDER-371049","mobile","Premium 3-in-1 Wireless Charging Stand","فاخر - إكسسوارات الجوال","B0BMD1NMQ4","https://www.amazon.ae/-/en/dp/B0BMD1NMQ4","https://www.amazon.ae/-/ar/dp/B0BMD1NMQ4","amazon.ae","ready","Amazon.ae popularity-rank query: power bank"
"ORDER-371050","mobile","Premium Bluetooth Tracking Tag Pack","فاخر - إكسسوارات الجوال","B0FJR63WW4","https://www.amazon.ae/-/en/dp/B0FJR63WW4","https://www.amazon.ae/-/ar/dp/B0FJR63WW4","amazon.ae","ready","Amazon.ae popularity-rank query: power bank"
"ORDER-371051","mobile","Travel MagSafe Power Bank Set","سفر - إكسسوارات الجوال","B0FQVTHSC3","https://www.amazon.ae/-/en/dp/B0FQVTHSC3","https://www.amazon.ae/-/ar/dp/B0FQVTHSC3","amazon.ae","ready","Amazon.ae popularity-rank query: power bank"
"ORDER-371052","mobile","Travel 65W GaN Fast Charger Kit","سفر - إكسسوارات الجوال","B0DZXDMXNJ","https://www.amazon.ae/-/en/dp/B0DZXDMXNJ","https://www.amazon.ae/-/ar/dp/B0DZXDMXNJ","amazon.ae","ready","Amazon.ae popularity-rank query: power bank"
"ORDER-371053","mobile","Travel Wireless Earbuds Retail Pack","سفر - إكسسوارات الجوال","B0CZXJHQQ4","https://www.amazon.ae/-/en/dp/B0CZXJHQQ4","https://www.amazon.ae/-/ar/dp/B0CZXJHQQ4","amazon.ae","ready","Amazon.ae popularity-rank query: power bank"
"ORDER-371054","mobile","Travel Privacy Screen Protector Bundle","سفر - إكسسوارات الجوال","B0D6GMFV56","https://www.amazon.ae/-/en/dp/B0D6GMFV56","https://www.amazon.ae/-/ar/dp/B0D6GMFV56","amazon.ae","ready","Amazon.ae popularity-rank query: power bank"
"ORDER-371055","mobile","Travel Magnetic Car Phone Mount","سفر - إكسسوارات الجوال","B0G7GX2M71","https://www.amazon.ae/-/en/dp/B0G7GX2M71","https://www.amazon.ae/-/ar/dp/B0G7GX2M71","amazon.ae","ready","Amazon.ae popularity-rank query: power bank"
"ORDER-371056","mobile","Travel USB-C Hub Adapter","سفر - إكسسوارات الجوال","B0BKLJS7CD","https://www.amazon.ae/-/en/dp/B0BKLJS7CD","https://www.amazon.ae/-/ar/dp/B0BKLJS7CD","amazon.ae","ready","Amazon.ae popularity-rank query: power bank"
"ORDER-371057","mobile","Travel Smart Watch Strap Set","سفر - إكسسوارات الجوال","B08LN1YV1X","https://www.amazon.ae/-/en/dp/B08LN1YV1X","https://www.amazon.ae/-/ar/dp/B08LN1YV1X","amazon.ae","ready","Amazon.ae popularity-rank query: power bank"
"ORDER-371058","mobile","Travel Rugged Phone Case Bundle","سفر - إكسسوارات الجوال","B0CTQ8LPTY","https://www.amazon.ae/-/en/dp/B0CTQ8LPTY","https://www.amazon.ae/-/ar/dp/B0CTQ8LPTY","amazon.ae","ready","Amazon.ae popularity-rank query: power bank"
"ORDER-371059","mobile","Travel 3-in-1 Wireless Charging Stand","سفر - إكسسوارات الجوال","B0GCN5LXQC","https://www.amazon.ae/-/en/dp/B0GCN5LXQC","https://www.amazon.ae/-/ar/dp/B0GCN5LXQC","amazon.ae","ready","Amazon.ae popularity-rank query: power bank"
"ORDER-371060","mobile","Travel Bluetooth Tracking Tag Pack","سفر - إكسسوارات الجوال","B0G43FHH3T","https://www.amazon.ae/-/en/dp/B0G43FHH3T","https://www.amazon.ae/-/ar/dp/B0G43FHH3T","amazon.ae","ready","Amazon.ae popularity-rank query: power bank"
"ORDER-371061","fashion","Retail Premium Modest Wear Set","تجزئة - أزياء وملابس محتشمة","B0CG1BDZVQ","https://www.amazon.ae/-/en/dp/B0CG1BDZVQ","https://www.amazon.ae/-/ar/dp/B0CG1BDZVQ","amazon.ae","ready","Amazon.ae popularity-rank query: abaya"
"ORDER-371062","fashion","Retail Breathable Abaya Collection","تجزئة - أزياء وملابس محتشمة","B09WMFKT5G","https://www.amazon.ae/-/en/dp/B09WMFKT5G","https://www.amazon.ae/-/ar/dp/B09WMFKT5G","amazon.ae","ready","Amazon.ae popularity-rank query: abaya"
"ORDER-371063","fashion","Retail Men's Business Thobe Pack","تجزئة - أزياء وملابس محتشمة","B07T2J3TC4","https://www.amazon.ae/-/en/dp/B07T2J3TC4","https://www.amazon.ae/-/ar/dp/B07T2J3TC4","amazon.ae","ready","Amazon.ae popularity-rank query: abaya"
"ORDER-371064","fashion","Retail Luxury Hijab Bundle","تجزئة - أزياء وملابس محتشمة","B0DQVRW9FM","https://www.amazon.ae/-/en/dp/B0DQVRW9FM","https://www.amazon.ae/-/ar/dp/B0DQVRW9FM","amazon.ae","ready","Amazon.ae popularity-rank query: abaya"
"ORDER-371065","fashion","Retail Kaftan Lounge Set","تجزئة - أزياء وملابس محتشمة","B0GNTBJ49Q","https://www.amazon.ae/-/en/dp/B0GNTBJ49Q","https://www.amazon.ae/-/ar/dp/B0GNTBJ49Q","amazon.ae","ready","Amazon.ae popularity-rank query: abaya"
"ORDER-371066","fashion","Retail Modest Activewear Set","تجزئة - أزياء وملابس محتشمة","B0GGGPT741","https://www.amazon.ae/-/en/dp/B0GGGPT741","https://www.amazon.ae/-/ar/dp/B0GGGPT741","amazon.ae","ready","Amazon.ae popularity-rank query: abaya"
"ORDER-371067","fashion","Retail Family Eid Outfit Pack","تجزئة - أزياء وملابس محتشمة","B0DHPVZ8WL","https://www.amazon.ae/-/en/dp/B0DHPVZ8WL","https://www.amazon.ae/-/ar/dp/B0DHPVZ8WL","amazon.ae","ready","Amazon.ae popularity-rank query: abaya"
"ORDER-371068","fashion","Retail Men's Sandal Retail Set","تجزئة - أزياء وملابس محتشمة","B0C81VV6CC","https://www.amazon.ae/-/en/dp/B0C81VV6CC","https://www.amazon.ae/-/ar/dp/B0C81VV6CC","amazon.ae","ready","Amazon.ae popularity-rank query: abaya"
"ORDER-371069","fashion","Retail Women's Tote & Scarf Set","تجزئة - أزياء وملابس محتشمة","B0H5C4ND89","https://www.amazon.ae/-/en/dp/B0H5C4ND89","https://www.amazon.ae/-/ar/dp/B0H5C4ND89","amazon.ae","ready","Amazon.ae popularity-rank query: abaya"
"ORDER-371070","fashion","Retail Premium Prayer Wear Set","تجزئة - أزياء وملابس محتشمة","B0F63BH917","https://www.amazon.ae/-/en/dp/B0F63BH917","https://www.amazon.ae/-/ar/dp/B0F63BH917","amazon.ae","ready","Amazon.ae popularity-rank query: abaya"
"ORDER-371071","fashion","Pro Premium Modest Wear Set","احترافي - أزياء وملابس محتشمة","B0GHBB2VSP","https://www.amazon.ae/-/en/dp/B0GHBB2VSP","https://www.amazon.ae/-/ar/dp/B0GHBB2VSP","amazon.ae","ready","Amazon.ae popularity-rank query: abaya"
"ORDER-371072","fashion","Pro Breathable Abaya Collection","احترافي - أزياء وملابس محتشمة","B0GXH8J97D","https://www.amazon.ae/-/en/dp/B0GXH8J97D","https://www.amazon.ae/-/ar/dp/B0GXH8J97D","amazon.ae","ready","Amazon.ae popularity-rank query: abaya"
"ORDER-371073","fashion","Pro Men's Business Thobe Pack","احترافي - أزياء وملابس محتشمة","B0C81WQQ6Z","https://www.amazon.ae/-/en/dp/B0C81WQQ6Z","https://www.amazon.ae/-/ar/dp/B0C81WQQ6Z","amazon.ae","ready","Amazon.ae popularity-rank query: abaya"
"ORDER-371074","fashion","Pro Luxury Hijab Bundle","احترافي - أزياء وملابس محتشمة","B084R1CKVG","https://www.amazon.ae/-/en/dp/B084R1CKVG","https://www.amazon.ae/-/ar/dp/B084R1CKVG","amazon.ae","ready","Amazon.ae popularity-rank query: abaya"
"ORDER-371075","fashion","Pro Kaftan Lounge Set","احترافي - أزياء وملابس محتشمة","B0F63DSL3V","https://www.amazon.ae/-/en/dp/B0F63DSL3V","https://www.amazon.ae/-/ar/dp/B0F63DSL3V","amazon.ae","ready","Amazon.ae popularity-rank query: abaya"
"ORDER-371076","fashion","Pro Modest Activewear Set","احترافي - أزياء وملابس محتشمة","B0GJFQPKDC","https://www.amazon.ae/-/en/dp/B0GJFQPKDC","https://www.amazon.ae/-/ar/dp/B0GJFQPKDC","amazon.ae","ready","Amazon.ae popularity-rank query: abaya"
"ORDER-371077","fashion","Pro Family Eid Outfit Pack","احترافي - أزياء وملابس محتشمة","B0CM9C1FN4","https://www.amazon.ae/-/en/dp/B0CM9C1FN4","https://www.amazon.ae/-/ar/dp/B0CM9C1FN4","amazon.ae","ready","Amazon.ae popularity-rank query: abaya"
"ORDER-371078","fashion","Pro Men's Sandal Retail Set","احترافي - أزياء وملابس محتشمة","B0C3XCYKGQ","https://www.amazon.ae/-/en/dp/B0C3XCYKGQ","https://www.amazon.ae/-/ar/dp/B0C3XCYKGQ","amazon.ae","ready","Amazon.ae popularity-rank query: abaya"
"ORDER-371079","fashion","Pro Women's Tote & Scarf Set","احترافي - أزياء وملابس محتشمة","B0CPSVB1S4","https://www.amazon.ae/-/en/dp/B0CPSVB1S4","https://www.amazon.ae/-/ar/dp/B0CPSVB1S4","amazon.ae","ready","Amazon.ae popularity-rank query: abaya"
"ORDER-371080","fashion","Pro Premium Prayer Wear Set","احترافي - أزياء وملابس محتشمة","B0GXHBMYRL","https://www.amazon.ae/-/en/dp/B0GXHBMYRL","https://www.amazon.ae/-/ar/dp/B0GXHBMYRL","amazon.ae","ready","Amazon.ae popularity-rank query: abaya"
"ORDER-371081","fashion","Compact Premium Modest Wear Set","مدمج - أزياء وملابس محتشمة","B0F665HYD8","https://www.amazon.ae/-/en/dp/B0F665HYD8","https://www.amazon.ae/-/ar/dp/B0F665HYD8","amazon.ae","ready","Amazon.ae popularity-rank query: abaya"
"ORDER-371082","fashion","Compact Breathable Abaya Collection","مدمج - أزياء وملابس محتشمة","B084R1JSLG","https://www.amazon.ae/-/en/dp/B084R1JSLG","https://www.amazon.ae/-/ar/dp/B084R1JSLG","amazon.ae","ready","Amazon.ae popularity-rank query: abaya"
"ORDER-371083","fashion","Compact Men's Business Thobe Pack","مدمج - أزياء وملابس محتشمة","B0F2T8VSK2","https://www.amazon.ae/-/en/dp/B0F2T8VSK2","https://www.amazon.ae/-/ar/dp/B0F2T8VSK2","amazon.ae","ready","Amazon.ae popularity-rank query: abaya"
"ORDER-371084","fashion","Compact Luxury Hijab Bundle","مدمج - أزياء وملابس محتشمة","B0FT4238X1","https://www.amazon.ae/-/en/dp/B0FT4238X1","https://www.amazon.ae/-/ar/dp/B0FT4238X1","amazon.ae","ready","Amazon.ae popularity-rank query: abaya"
"ORDER-371085","fashion","Compact Kaftan Lounge Set","مدمج - أزياء وملابس محتشمة","B0B4PTBCQ9","https://www.amazon.ae/-/en/dp/B0B4PTBCQ9","https://www.amazon.ae/-/ar/dp/B0B4PTBCQ9","amazon.ae","ready","Amazon.ae popularity-rank query: abaya"
"ORDER-371086","fashion","Compact Modest Activewear Set","مدمج - أزياء وملابس محتشمة","B0H65KWVHF","https://www.amazon.ae/-/en/dp/B0H65KWVHF","https://www.amazon.ae/-/ar/dp/B0H65KWVHF","amazon.ae","ready","Amazon.ae popularity-rank query: abaya"
"ORDER-371087","fashion","Compact Family Eid Outfit Pack","مدمج - أزياء وملابس محتشمة","B0CDGY7B6R","https://www.amazon.ae/-/en/dp/B0CDGY7B6R","https://www.amazon.ae/-/ar/dp/B0CDGY7B6R","amazon.ae","ready","Amazon.ae popularity-rank query: abaya"
"ORDER-371088","fashion","Compact Men's Sandal Retail Set","مدمج - أزياء وملابس محتشمة","B0DHPWX18B","https://www.amazon.ae/-/en/dp/B0DHPWX18B","https://www.amazon.ae/-/ar/dp/B0DHPWX18B","amazon.ae","ready","Amazon.ae popularity-rank query: abaya"
"ORDER-371089","fashion","Compact Women's Tote & Scarf Set","مدمج - أزياء وملابس محتشمة","B0F5QGKT42","https://www.amazon.ae/-/en/dp/B0F5QGKT42","https://www.amazon.ae/-/ar/dp/B0F5QGKT42","amazon.ae","ready","Amazon.ae popularity-rank query: abaya"
"ORDER-371090","fashion","Compact Premium Prayer Wear Set","مدمج - أزياء وملابس محتشمة","B0FT1BH9JY","https://www.amazon.ae/-/en/dp/B0FT1BH9JY","https://www.amazon.ae/-/ar/dp/B0FT1BH9JY","amazon.ae","ready","Amazon.ae popularity-rank query: abaya"
"ORDER-371091","fashion","Premium Premium Modest Wear Set","فاخر - أزياء وملابس محتشمة","B07T1L2ZFK","https://www.amazon.ae/-/en/dp/B07T1L2ZFK","https://www.amazon.ae/-/ar/dp/B07T1L2ZFK","amazon.ae","ready","Amazon.ae popularity-rank query: abaya"
"ORDER-371092","fashion","Premium Breathable Abaya Collection","فاخر - أزياء وملابس محتشمة","B0GNT86CHL","https://www.amazon.ae/-/en/dp/B0GNT86CHL","https://www.amazon.ae/-/ar/dp/B0GNT86CHL","amazon.ae","ready","Amazon.ae popularity-rank query: abaya"
"ORDER-371093","fashion","Premium Men's Business Thobe Pack","فاخر - أزياء وملابس محتشمة","B0CDHBRHZM","https://www.amazon.ae/-/en/dp/B0CDHBRHZM","https://www.amazon.ae/-/ar/dp/B0CDHBRHZM","amazon.ae","ready","Amazon.ae popularity-rank query: abaya"
"ORDER-371094","fashion","Premium Luxury Hijab Bundle","فاخر - أزياء وملابس محتشمة","B0F5NWS1G5","https://www.amazon.ae/-/en/dp/B0F5NWS1G5","https://www.amazon.ae/-/ar/dp/B0F5NWS1G5","amazon.ae","ready","Amazon.ae popularity-rank query: abaya"
"ORDER-371095","fashion","Premium Kaftan Lounge Set","فاخر - أزياء وملابس محتشمة","1945913207","https://www.amazon.ae/-/en/dp/1945913207","https://www.amazon.ae/-/ar/dp/1945913207","amazon.ae","ready","Amazon.ae popularity-rank query: abaya"
"ORDER-371096","fashion","Premium Modest Activewear Set","فاخر - أزياء وملابس محتشمة","B07T6SVQ3Z","https://www.amazon.ae/-/en/dp/B07T6SVQ3Z","https://www.amazon.ae/-/ar/dp/B07T6SVQ3Z","amazon.ae","ready","Amazon.ae popularity-rank query: abaya"
"ORDER-371097","fashion","Premium Family Eid Outfit Pack","فاخر - أزياء وملابس محتشمة","B0F2TCT17L","https://www.amazon.ae/-/en/dp/B0F2TCT17L","https://www.amazon.ae/-/ar/dp/B0F2TCT17L","amazon.ae","ready","Amazon.ae popularity-rank query: abaya"
"ORDER-371098","fashion","Premium Men's Sandal Retail Set","فاخر - أزياء وملابس محتشمة","B0DQVT7PZW","https://www.amazon.ae/-/en/dp/B0DQVT7PZW","https://www.amazon.ae/-/ar/dp/B0DQVT7PZW","amazon.ae","ready","Amazon.ae popularity-rank query: abaya"
"ORDER-371099","fashion","Premium Women's Tote & Scarf Set","فاخر - أزياء وملابس محتشمة","B0BHYW1LQM","https://www.amazon.ae/-/en/dp/B0BHYW1LQM","https://www.amazon.ae/-/ar/dp/B0BHYW1LQM","amazon.ae","ready","Amazon.ae popularity-rank query: abaya"
"ORDER-371100","fashion","Premium Premium Prayer Wear Set","فاخر - أزياء وملابس محتشمة","B09TXM2TDX","https://www.amazon.ae/-/en/dp/B09TXM2TDX","https://www.amazon.ae/-/ar/dp/B09TXM2TDX","amazon.ae","ready","Amazon.ae popularity-rank query: abaya"
"ORDER-371101","fashion","Travel Premium Modest Wear Set","سفر - أزياء وملابس محتشمة","B0FYMSBN21","https://www.amazon.ae/-/en/dp/B0FYMSBN21","https://www.amazon.ae/-/ar/dp/B0FYMSBN21","amazon.ae","ready","Amazon.ae popularity-rank query: abaya"
"ORDER-371102","fashion","Travel Breathable Abaya Collection","سفر - أزياء وملابس محتشمة","B0F5QGYHFQ","https://www.amazon.ae/-/en/dp/B0F5QGYHFQ","https://www.amazon.ae/-/ar/dp/B0F5QGYHFQ","amazon.ae","ready","Amazon.ae popularity-rank query: abaya"
"ORDER-371103","fashion","Travel Men's Business Thobe Pack","سفر - أزياء وملابس محتشمة","B07SZFLMQM","https://www.amazon.ae/-/en/dp/B07SZFLMQM","https://www.amazon.ae/-/ar/dp/B07SZFLMQM","amazon.ae","ready","Amazon.ae popularity-rank query: abaya"
"ORDER-371104","fashion","Travel Luxury Hijab Bundle","سفر - أزياء وملابس محتشمة","B0H2FZW3PD","https://www.amazon.ae/-/en/dp/B0H2FZW3PD","https://www.amazon.ae/-/ar/dp/B0H2FZW3PD","amazon.ae","ready","Amazon.ae popularity-rank query: abaya"
"ORDER-371105","fashion","Travel Kaftan Lounge Set","سفر - أزياء وملابس محتشمة","B09XHNBN85","https://www.amazon.ae/-/en/dp/B09XHNBN85","https://www.amazon.ae/-/ar/dp/B09XHNBN85","amazon.ae","ready","Amazon.ae popularity-rank query: abaya"
"ORDER-371106","fashion","Travel Modest Activewear Set","سفر - أزياء وملابس محتشمة","B0FDBFMTG8","https://www.amazon.ae/-/en/dp/B0FDBFMTG8","https://www.amazon.ae/-/ar/dp/B0FDBFMTG8","amazon.ae","ready","Amazon.ae popularity-rank query: abaya"
"ORDER-371107","fashion","Travel Family Eid Outfit Pack","سفر - أزياء وملابس محتشمة","B0GVL2ZSW4","https://www.amazon.ae/-/en/dp/B0GVL2ZSW4","https://www.amazon.ae/-/ar/dp/B0GVL2ZSW4","amazon.ae","ready","Amazon.ae popularity-rank query: abaya"
"ORDER-371108","fashion","Travel Men's Sandal Retail Set","سفر - أزياء وملابس محتشمة","B0GH25N687","https://www.amazon.ae/-/en/dp/B0GH25N687","https://www.amazon.ae/-/ar/dp/B0GH25N687","amazon.ae","ready","Amazon.ae popularity-rank query: abaya"
"ORDER-371109","fashion","Travel Women's Tote & Scarf Set","سفر - أزياء وملابس محتشمة","B0BQD6ZWT2","https://www.amazon.ae/-/en/dp/B0BQD6ZWT2","https://www.amazon.ae/-/ar/dp/B0BQD6ZWT2","amazon.ae","ready","Amazon.ae popularity-rank query: abaya"
"ORDER-371110","fashion","Travel Premium Prayer Wear Set","سفر - أزياء وملابس محتشمة","B09WMK5TSG","https://www.amazon.ae/-/en/dp/B09WMK5TSG","https://www.amazon.ae/-/ar/dp/B09WMK5TSG","amazon.ae","ready","Amazon.ae popularity-rank query: abaya"
"ORDER-371111","jewelry","Retail Smart Luxury Watch","تجزئة - مجوهرات وساعات","B0CT3SGHXL","https://www.amazon.ae/-/en/dp/B0CT3SGHXL","https://www.amazon.ae/-/ar/dp/B0CT3SGHXL","amazon.ae","ready","Amazon.ae popularity-rank query: watches"
"ORDER-371112","jewelry","Retail Minimal Gold Jewelry Set","تجزئة - مجوهرات وساعات","B0GR61WW1Z","https://www.amazon.ae/-/en/dp/B0GR61WW1Z","https://www.amazon.ae/-/ar/dp/B0GR61WW1Z","amazon.ae","ready","Amazon.ae popularity-rank query: watches"
"ORDER-371113","jewelry","Retail Luxury Watch Display Box","تجزئة - مجوهرات وساعات","B0F9F5X1QB","https://www.amazon.ae/-/en/dp/B0F9F5X1QB","https://www.amazon.ae/-/ar/dp/B0F9F5X1QB","amazon.ae","ready","Amazon.ae popularity-rank query: watches"
"ORDER-371114","jewelry","Retail Men's Steel Bracelet Set","تجزئة - مجوهرات وساعات","B01MUA5DU5","https://www.amazon.ae/-/en/dp/B01MUA5DU5","https://www.amazon.ae/-/ar/dp/B01MUA5DU5","amazon.ae","ready","Amazon.ae popularity-rank query: watches"
"ORDER-371115","jewelry","Retail Pearl Necklace Gift Box","تجزئة - مجوهرات وساعات","B0GMJH7TCM","https://www.amazon.ae/-/en/dp/B0GMJH7TCM","https://www.amazon.ae/-/ar/dp/B0GMJH7TCM","amazon.ae","ready","Amazon.ae popularity-rank query: watches"
"ORDER-371116","jewelry","Retail Arabic Initial Pendant Set","تجزئة - مجوهرات وساعات","B07C9M757Q","https://www.amazon.ae/-/en/dp/B07C9M757Q","https://www.amazon.ae/-/ar/dp/B07C9M757Q","amazon.ae","ready","Amazon.ae popularity-rank query: watches"
"ORDER-371117","jewelry","Retail Women's Fashion Watch Pack","تجزئة - مجوهرات وساعات","B07WGJ1JNW","https://www.amazon.ae/-/en/dp/B07WGJ1JNW","https://www.amazon.ae/-/ar/dp/B07WGJ1JNW","amazon.ae","ready","Amazon.ae popularity-rank query: watches"
"ORDER-371118","jewelry","Retail Travel Jewelry Organizer","تجزئة - مجوهرات وساعات","B087N9LLLV","https://www.amazon.ae/-/en/dp/B087N9LLLV","https://www.amazon.ae/-/ar/dp/B087N9LLLV","amazon.ae","ready","Amazon.ae popularity-rank query: watches"
"ORDER-371119","jewelry","Retail Luxury Cufflink Set","تجزئة - مجوهرات وساعات","B07WGMD9ND","https://www.amazon.ae/-/en/dp/B07WGMD9ND","https://www.amazon.ae/-/ar/dp/B07WGMD9ND","amazon.ae","ready","Amazon.ae popularity-rank query: watches"
"ORDER-371120","jewelry","Retail Crystal Bracelet Gift Set","تجزئة - مجوهرات وساعات","B01MXY3COB","https://www.amazon.ae/-/en/dp/B01MXY3COB","https://www.amazon.ae/-/ar/dp/B01MXY3COB","amazon.ae","ready","Amazon.ae popularity-rank query: watches"
"ORDER-371121","jewelry","Pro Smart Luxury Watch","احترافي - مجوهرات وساعات","B07BS3LCP1","https://www.amazon.ae/-/en/dp/B07BS3LCP1","https://www.amazon.ae/-/ar/dp/B07BS3LCP1","amazon.ae","ready","Amazon.ae popularity-rank query: watches"
"ORDER-371122","jewelry","Pro Minimal Gold Jewelry Set","احترافي - مجوهرات وساعات","B015ZXPZUG","https://www.amazon.ae/-/en/dp/B015ZXPZUG","https://www.amazon.ae/-/ar/dp/B015ZXPZUG","amazon.ae","ready","Amazon.ae popularity-rank query: watches"
"ORDER-371123","jewelry","Pro Luxury Watch Display Box","احترافي - مجوهرات وساعات","B01MFG732O","https://www.amazon.ae/-/en/dp/B01MFG732O","https://www.amazon.ae/-/ar/dp/B01MFG732O","amazon.ae","ready","Amazon.ae popularity-rank query: watches"
"ORDER-371124","jewelry","Pro Men's Steel Bracelet Set","احترافي - مجوهرات وساعات","B00A2ERBSS","https://www.amazon.ae/-/en/dp/B00A2ERBSS","https://www.amazon.ae/-/ar/dp/B00A2ERBSS","amazon.ae","ready","Amazon.ae popularity-rank query: watches"
"ORDER-371125","jewelry","Pro Pearl Necklace Gift Box","احترافي - مجوهرات وساعات","B079C94BMZ","https://www.amazon.ae/-/en/dp/B079C94BMZ","https://www.amazon.ae/-/ar/dp/B079C94BMZ","amazon.ae","ready","Amazon.ae popularity-rank query: watches"
"ORDER-371126","jewelry","Pro Arabic Initial Pendant Set","احترافي - مجوهرات وساعات","B07W8Q5KBV","https://www.amazon.ae/-/en/dp/B07W8Q5KBV","https://www.amazon.ae/-/ar/dp/B07W8Q5KBV","amazon.ae","ready","Amazon.ae popularity-rank query: watches"
"ORDER-371127","jewelry","Pro Women's Fashion Watch Pack","احترافي - مجوهرات وساعات","B0BS3TFFJY","https://www.amazon.ae/-/en/dp/B0BS3TFFJY","https://www.amazon.ae/-/ar/dp/B0BS3TFFJY","amazon.ae","ready","Amazon.ae popularity-rank query: watches"
"ORDER-371128","jewelry","Pro Travel Jewelry Organizer","احترافي - مجوهرات وساعات","B000J39T2S","https://www.amazon.ae/-/en/dp/B000J39T2S","https://www.amazon.ae/-/ar/dp/B000J39T2S","amazon.ae","ready","Amazon.ae popularity-rank query: watches"
"ORDER-371129","jewelry","Pro Luxury Cufflink Set","احترافي - مجوهرات وساعات","B0CCSC9GP3","https://www.amazon.ae/-/en/dp/B0CCSC9GP3","https://www.amazon.ae/-/ar/dp/B0CCSC9GP3","amazon.ae","ready","Amazon.ae popularity-rank query: watches"
"ORDER-371130","jewelry","Pro Crystal Bracelet Gift Set","احترافي - مجوهرات وساعات","B08WGB2RFN","https://www.amazon.ae/-/en/dp/B08WGB2RFN","https://www.amazon.ae/-/ar/dp/B08WGB2RFN","amazon.ae","ready","Amazon.ae popularity-rank query: watches"
"ORDER-371131","jewelry","Compact Smart Luxury Watch","مدمج - مجوهرات وساعات","B09WS9FH1V","https://www.amazon.ae/-/en/dp/B09WS9FH1V","https://www.amazon.ae/-/ar/dp/B09WS9FH1V","amazon.ae","ready","Amazon.ae popularity-rank query: watches"
"ORDER-371132","jewelry","Compact Minimal Gold Jewelry Set","مدمج - مجوهرات وساعات","B0B3GJYFQX","https://www.amazon.ae/-/en/dp/B0B3GJYFQX","https://www.amazon.ae/-/ar/dp/B0B3GJYFQX","amazon.ae","ready","Amazon.ae popularity-rank query: watches"
"ORDER-371133","jewelry","Compact Luxury Watch Display Box","مدمج - مجوهرات وساعات","B015ZXPT0M","https://www.amazon.ae/-/en/dp/B015ZXPT0M","https://www.amazon.ae/-/ar/dp/B015ZXPT0M","amazon.ae","ready","Amazon.ae popularity-rank query: watches"
"ORDER-371134","jewelry","Compact Men's Steel Bracelet Set","مدمج - مجوهرات وساعات","B01N18OW9V","https://www.amazon.ae/-/en/dp/B01N18OW9V","https://www.amazon.ae/-/ar/dp/B01N18OW9V","amazon.ae","ready","Amazon.ae popularity-rank query: watches"
"ORDER-371135","jewelry","Compact Pearl Necklace Gift Box","مدمج - مجوهرات وساعات","B0DJ5ZXZQP","https://www.amazon.ae/-/en/dp/B0DJ5ZXZQP","https://www.amazon.ae/-/ar/dp/B0DJ5ZXZQP","amazon.ae","ready","Amazon.ae popularity-rank query: watches"
"ORDER-371136","jewelry","Compact Arabic Initial Pendant Set","مدمج - مجوهرات وساعات","B01BY7JUCQ","https://www.amazon.ae/-/en/dp/B01BY7JUCQ","https://www.amazon.ae/-/ar/dp/B01BY7JUCQ","amazon.ae","ready","Amazon.ae popularity-rank query: watches"
"ORDER-371137","jewelry","Compact Women's Fashion Watch Pack","مدمج - مجوهرات وساعات","B000GBPDIW","https://www.amazon.ae/-/en/dp/B000GBPDIW","https://www.amazon.ae/-/ar/dp/B000GBPDIW","amazon.ae","ready","Amazon.ae popularity-rank query: watches"
"ORDER-371138","jewelry","Compact Travel Jewelry Organizer","مدمج - مجوهرات وساعات","B09B9P5GPY","https://www.amazon.ae/-/en/dp/B09B9P5GPY","https://www.amazon.ae/-/ar/dp/B09B9P5GPY","amazon.ae","ready","Amazon.ae popularity-rank query: watches"
"ORDER-371139","jewelry","Compact Luxury Cufflink Set","مدمج - مجوهرات وساعات","B0CR3PZT31","https://www.amazon.ae/-/en/dp/B0CR3PZT31","https://www.amazon.ae/-/ar/dp/B0CR3PZT31","amazon.ae","ready","Amazon.ae popularity-rank query: watches"
"ORDER-371140","jewelry","Compact Crystal Bracelet Gift Set","مدمج - مجوهرات وساعات","B000LAKYW8","https://www.amazon.ae/-/en/dp/B000LAKYW8","https://www.amazon.ae/-/ar/dp/B000LAKYW8","amazon.ae","ready","Amazon.ae popularity-rank query: watches"
"ORDER-371141","jewelry","Premium Smart Luxury Watch","فاخر - مجوهرات وساعات","B00HFPIIOI","https://www.amazon.ae/-/en/dp/B00HFPIIOI","https://www.amazon.ae/-/ar/dp/B00HFPIIOI","amazon.ae","ready","Amazon.ae popularity-rank query: watches"
"ORDER-371142","jewelry","Premium Minimal Gold Jewelry Set","فاخر - مجوهرات وساعات","B0CHPJ2XTC","https://www.amazon.ae/-/en/dp/B0CHPJ2XTC","https://www.amazon.ae/-/ar/dp/B0CHPJ2XTC","amazon.ae","ready","Amazon.ae popularity-rank query: watches"
"ORDER-371143","jewelry","Premium Luxury Watch Display Box","فاخر - مجوهرات وساعات","B0833XQXSM","https://www.amazon.ae/-/en/dp/B0833XQXSM","https://www.amazon.ae/-/ar/dp/B0833XQXSM","amazon.ae","ready","Amazon.ae popularity-rank query: watches"
"ORDER-371144","jewelry","Premium Men's Steel Bracelet Set","فاخر - مجوهرات وساعات","B08C2X57ZH","https://www.amazon.ae/-/en/dp/B08C2X57ZH","https://www.amazon.ae/-/ar/dp/B08C2X57ZH","amazon.ae","ready","Amazon.ae popularity-rank query: watches"
"ORDER-371145","jewelry","Premium Pearl Necklace Gift Box","فاخر - مجوهرات وساعات","B0D7PVBQYH","https://www.amazon.ae/-/en/dp/B0D7PVBQYH","https://www.amazon.ae/-/ar/dp/B0D7PVBQYH","amazon.ae","ready","Amazon.ae popularity-rank query: watches"
"ORDER-371146","jewelry","Premium Arabic Initial Pendant Set","فاخر - مجوهرات وساعات","B0CTCLBST5","https://www.amazon.ae/-/en/dp/B0CTCLBST5","https://www.amazon.ae/-/ar/dp/B0CTCLBST5","amazon.ae","ready","Amazon.ae popularity-rank query: watches"
"ORDER-371147","jewelry","Premium Women's Fashion Watch Pack","فاخر - مجوهرات وساعات","B0CZSM9692","https://www.amazon.ae/-/en/dp/B0CZSM9692","https://www.amazon.ae/-/ar/dp/B0CZSM9692","amazon.ae","ready","Amazon.ae popularity-rank query: watches"
"ORDER-371148","jewelry","Premium Travel Jewelry Organizer","فاخر - مجوهرات وساعات","B079MRQ1VW","https://www.amazon.ae/-/en/dp/B079MRQ1VW","https://www.amazon.ae/-/ar/dp/B079MRQ1VW","amazon.ae","ready","Amazon.ae popularity-rank query: watches"
"ORDER-371149","jewelry","Premium Luxury Cufflink Set","فاخر - مجوهرات وساعات","B01NC2LLDE","https://www.amazon.ae/-/en/dp/B01NC2LLDE","https://www.amazon.ae/-/ar/dp/B01NC2LLDE","amazon.ae","ready","Amazon.ae popularity-rank query: watches"
"ORDER-371150","jewelry","Premium Crystal Bracelet Gift Set","فاخر - مجوهرات وساعات","B095KYR2KJ","https://www.amazon.ae/-/en/dp/B095KYR2KJ","https://www.amazon.ae/-/ar/dp/B095KYR2KJ","amazon.ae","ready","Amazon.ae popularity-rank query: watches"
"ORDER-371151","jewelry","Travel Smart Luxury Watch","سفر - مجوهرات وساعات","B0992HV713","https://www.amazon.ae/-/en/dp/B0992HV713","https://www.amazon.ae/-/ar/dp/B0992HV713","amazon.ae","ready","Amazon.ae popularity-rank query: watches"
"ORDER-371152","jewelry","Travel Minimal Gold Jewelry Set","سفر - مجوهرات وساعات","B0CWCZ5V6T","https://www.amazon.ae/-/en/dp/B0CWCZ5V6T","https://www.amazon.ae/-/ar/dp/B0CWCZ5V6T","amazon.ae","ready","Amazon.ae popularity-rank query: watches"
"ORDER-371153","jewelry","Travel Luxury Watch Display Box","سفر - مجوهرات وساعات","B00HF49WWG","https://www.amazon.ae/-/en/dp/B00HF49WWG","https://www.amazon.ae/-/ar/dp/B00HF49WWG","amazon.ae","ready","Amazon.ae popularity-rank query: watches"
"ORDER-371154","jewelry","Travel Men's Steel Bracelet Set","سفر - مجوهرات وساعات","B0D53LKQ3F","https://www.amazon.ae/-/en/dp/B0D53LKQ3F","https://www.amazon.ae/-/ar/dp/B0D53LKQ3F","amazon.ae","ready","Amazon.ae popularity-rank query: watches"
"ORDER-371155","jewelry","Travel Pearl Necklace Gift Box","سفر - مجوهرات وساعات","B00EECW2EM","https://www.amazon.ae/-/en/dp/B00EECW2EM","https://www.amazon.ae/-/ar/dp/B00EECW2EM","amazon.ae","ready","Amazon.ae popularity-rank query: watches"
"ORDER-371156","jewelry","Travel Arabic Initial Pendant Set","سفر - مجوهرات وساعات","B00DUCIMCI","https://www.amazon.ae/-/en/dp/B00DUCIMCI","https://www.amazon.ae/-/ar/dp/B00DUCIMCI","amazon.ae","ready","Amazon.ae popularity-rank query: watches"
"ORDER-371157","jewelry","Travel Women's Fashion Watch Pack","سفر - مجوهرات وساعات","B01BY7JU76","https://www.amazon.ae/-/en/dp/B01BY7JU76","https://www.amazon.ae/-/ar/dp/B01BY7JU76","amazon.ae","ready","Amazon.ae popularity-rank query: watches"
"ORDER-371158","jewelry","Travel Travel Jewelry Organizer","سفر - مجوهرات وساعات","B07ZW91L56","https://www.amazon.ae/-/en/dp/B07ZW91L56","https://www.amazon.ae/-/ar/dp/B07ZW91L56","amazon.ae","ready","Amazon.ae popularity-rank query: watches"
"ORDER-371159","jewelry","Travel Luxury Cufflink Set","سفر - مجوهرات وساعات","B000KKO85S","https://www.amazon.ae/-/en/dp/B000KKO85S","https://www.amazon.ae/-/ar/dp/B000KKO85S","amazon.ae","ready","Amazon.ae popularity-rank query: watches"
"ORDER-371160","jewelry","Travel Crystal Bracelet Gift Set","سفر - مجوهرات وساعات","B007V2ZZWS","https://www.amazon.ae/-/en/dp/B007V2ZZWS","https://www.amazon.ae/-/ar/dp/B007V2ZZWS","amazon.ae","ready","Amazon.ae popularity-rank query: watches"
"ORDER-371161","home","Retail Compact Air Fryer","تجزئة - المنزل والمطبخ","B0BVT84FLK","https://www.amazon.ae/-/en/dp/B0BVT84FLK","https://www.amazon.ae/-/ar/dp/B0BVT84FLK","amazon.ae","ready","Amazon.ae popularity-rank query: kitchen organizer"
"ORDER-371162","home","Retail Arabic Coffee Gift Kit","تجزئة - المنزل والمطبخ","B099VYY4MT","https://www.amazon.ae/-/en/dp/B099VYY4MT","https://www.amazon.ae/-/ar/dp/B099VYY4MT","amazon.ae","ready","Amazon.ae popularity-rank query: kitchen organizer"
"ORDER-371163","home","Retail Electric Kettle Set","تجزئة - المنزل والمطبخ","B09BJNFH1V","https://www.amazon.ae/-/en/dp/B09BJNFH1V","https://www.amazon.ae/-/ar/dp/B09BJNFH1V","amazon.ae","ready","Amazon.ae popularity-rank query: kitchen organizer"
"ORDER-371164","home","Retail Capsule Coffee Machine","تجزئة - المنزل والمطبخ","B0DK6YX8CW","https://www.amazon.ae/-/en/dp/B0DK6YX8CW","https://www.amazon.ae/-/ar/dp/B0DK6YX8CW","amazon.ae","ready","Amazon.ae popularity-rank query: kitchen organizer"
"ORDER-371165","home","Retail Kitchen Storage Organizer","تجزئة - المنزل والمطبخ","B0FJS15KS4","https://www.amazon.ae/-/en/dp/B0FJS15KS4","https://www.amazon.ae/-/ar/dp/B0FJS15KS4","amazon.ae","ready","Amazon.ae popularity-rank query: kitchen organizer"
"ORDER-371166","home","Retail Digital Kitchen Scale","تجزئة - المنزل والمطبخ","B0DP92ZRVP","https://www.amazon.ae/-/en/dp/B0DP92ZRVP","https://www.amazon.ae/-/ar/dp/B0DP92ZRVP","amazon.ae","ready","Amazon.ae popularity-rank query: kitchen organizer"
"ORDER-371167","home","Retail Countertop Blender","تجزئة - المنزل والمطبخ","B0DK6R412K","https://www.amazon.ae/-/en/dp/B0DK6R412K","https://www.amazon.ae/-/ar/dp/B0DK6R412K","amazon.ae","ready","Amazon.ae popularity-rank query: kitchen organizer"
"ORDER-371168","home","Retail Stainless Cookware Set","تجزئة - المنزل والمطبخ","B0DDT53QQM","https://www.amazon.ae/-/en/dp/B0DDT53QQM","https://www.amazon.ae/-/ar/dp/B0DDT53QQM","amazon.ae","ready","Amazon.ae popularity-rank query: kitchen organizer"
"ORDER-371169","home","Retail Smart Home Diffuser","تجزئة - المنزل والمطبخ","B09SG2XVGJ","https://www.amazon.ae/-/en/dp/B09SG2XVGJ","https://www.amazon.ae/-/ar/dp/B09SG2XVGJ","amazon.ae","ready","Amazon.ae popularity-rank query: kitchen organizer"
"ORDER-371170","home","Retail Cordless Vacuum Cleaner","تجزئة - المنزل والمطبخ","B0839XY3SD","https://www.amazon.ae/-/en/dp/B0839XY3SD","https://www.amazon.ae/-/ar/dp/B0839XY3SD","amazon.ae","ready","Amazon.ae popularity-rank query: kitchen organizer"
"ORDER-371171","home","Pro Compact Air Fryer","احترافي - المنزل والمطبخ","B0CY226XY8","https://www.amazon.ae/-/en/dp/B0CY226XY8","https://www.amazon.ae/-/ar/dp/B0CY226XY8","amazon.ae","ready","Amazon.ae popularity-rank query: kitchen organizer"
"ORDER-371172","home","Pro Arabic Coffee Gift Kit","احترافي - المنزل والمطبخ","B0D2HBKMJS","https://www.amazon.ae/-/en/dp/B0D2HBKMJS","https://www.amazon.ae/-/ar/dp/B0D2HBKMJS","amazon.ae","ready","Amazon.ae popularity-rank query: kitchen organizer"
"ORDER-371173","home","Pro Electric Kettle Set","احترافي - المنزل والمطبخ","B0D2HC9VL7","https://www.amazon.ae/-/en/dp/B0D2HC9VL7","https://www.amazon.ae/-/ar/dp/B0D2HC9VL7","amazon.ae","ready","Amazon.ae popularity-rank query: kitchen organizer"
"ORDER-371174","home","Pro Capsule Coffee Machine","احترافي - المنزل والمطبخ","B0D2FDK1PS","https://www.amazon.ae/-/en/dp/B0D2FDK1PS","https://www.amazon.ae/-/ar/dp/B0D2FDK1PS","amazon.ae","ready","Amazon.ae popularity-rank query: kitchen organizer"
"ORDER-371175","home","Pro Kitchen Storage Organizer","احترافي - المنزل والمطبخ","B0FR3X6C6K","https://www.amazon.ae/-/en/dp/B0FR3X6C6K","https://www.amazon.ae/-/ar/dp/B0FR3X6C6K","amazon.ae","ready","Amazon.ae popularity-rank query: kitchen organizer"
"ORDER-371176","home","Pro Digital Kitchen Scale","احترافي - المنزل والمطبخ","B0FR4C7BKK","https://www.amazon.ae/-/en/dp/B0FR4C7BKK","https://www.amazon.ae/-/ar/dp/B0FR4C7BKK","amazon.ae","ready","Amazon.ae popularity-rank query: kitchen organizer"
"ORDER-371177","home","Pro Countertop Blender","احترافي - المنزل والمطبخ","B0FQTF3657","https://www.amazon.ae/-/en/dp/B0FQTF3657","https://www.amazon.ae/-/ar/dp/B0FQTF3657","amazon.ae","ready","Amazon.ae popularity-rank query: kitchen organizer"
"ORDER-371178","home","Pro Stainless Cookware Set","احترافي - المنزل والمطبخ","B09N6RL7HQ","https://www.amazon.ae/-/en/dp/B09N6RL7HQ","https://www.amazon.ae/-/ar/dp/B09N6RL7HQ","amazon.ae","ready","Amazon.ae popularity-rank query: kitchen organizer"
"ORDER-371179","home","Pro Smart Home Diffuser","احترافي - المنزل والمطبخ","B0BFW6SQ1L","https://www.amazon.ae/-/en/dp/B0BFW6SQ1L","https://www.amazon.ae/-/ar/dp/B0BFW6SQ1L","amazon.ae","ready","Amazon.ae popularity-rank query: kitchen organizer"
"ORDER-371180","home","Pro Cordless Vacuum Cleaner","احترافي - المنزل والمطبخ","B09DTPL1SJ","https://www.amazon.ae/-/en/dp/B09DTPL1SJ","https://www.amazon.ae/-/ar/dp/B09DTPL1SJ","amazon.ae","ready","Amazon.ae popularity-rank query: kitchen organizer"
"ORDER-371181","home","Compact Compact Air Fryer","مدمج - المنزل والمطبخ","B0BWSBHN51","https://www.amazon.ae/-/en/dp/B0BWSBHN51","https://www.amazon.ae/-/ar/dp/B0BWSBHN51","amazon.ae","ready","Amazon.ae popularity-rank query: kitchen organizer"
"ORDER-371182","home","Compact Arabic Coffee Gift Kit","مدمج - المنزل والمطبخ","B0F5WZWRBP","https://www.amazon.ae/-/en/dp/B0F5WZWRBP","https://www.amazon.ae/-/ar/dp/B0F5WZWRBP","amazon.ae","ready","Amazon.ae popularity-rank query: kitchen organizer"
"ORDER-371183","home","Compact Electric Kettle Set","مدمج - المنزل والمطبخ","B0CPDCG9GX","https://www.amazon.ae/-/en/dp/B0CPDCG9GX","https://www.amazon.ae/-/ar/dp/B0CPDCG9GX","amazon.ae","ready","Amazon.ae popularity-rank query: kitchen organizer"
"ORDER-371184","home","Compact Capsule Coffee Machine","مدمج - المنزل والمطبخ","B07N6MWYRR","https://www.amazon.ae/-/en/dp/B07N6MWYRR","https://www.amazon.ae/-/ar/dp/B07N6MWYRR","amazon.ae","ready","Amazon.ae popularity-rank query: kitchen organizer"
"ORDER-371185","home","Compact Kitchen Storage Organizer","مدمج - المنزل والمطبخ","B0G1H6K93L","https://www.amazon.ae/-/en/dp/B0G1H6K93L","https://www.amazon.ae/-/ar/dp/B0G1H6K93L","amazon.ae","ready","Amazon.ae popularity-rank query: kitchen organizer"
"ORDER-371186","home","Compact Digital Kitchen Scale","مدمج - المنزل والمطبخ","B0CF9BX15B","https://www.amazon.ae/-/en/dp/B0CF9BX15B","https://www.amazon.ae/-/ar/dp/B0CF9BX15B","amazon.ae","ready","Amazon.ae popularity-rank query: kitchen organizer"
"ORDER-371187","home","Compact Countertop Blender","مدمج - المنزل والمطبخ","B09HNS14B8","https://www.amazon.ae/-/en/dp/B09HNS14B8","https://www.amazon.ae/-/ar/dp/B09HNS14B8","amazon.ae","ready","Amazon.ae popularity-rank query: kitchen organizer"
"ORDER-371188","home","Compact Stainless Cookware Set","مدمج - المنزل والمطبخ","B0CX9CV1S7","https://www.amazon.ae/-/en/dp/B0CX9CV1S7","https://www.amazon.ae/-/ar/dp/B0CX9CV1S7","amazon.ae","ready","Amazon.ae popularity-rank query: kitchen organizer"
"ORDER-371189","home","Compact Smart Home Diffuser","مدمج - المنزل والمطبخ","B0FM58W5Z7","https://www.amazon.ae/-/en/dp/B0FM58W5Z7","https://www.amazon.ae/-/ar/dp/B0FM58W5Z7","amazon.ae","ready","Amazon.ae popularity-rank query: kitchen organizer"
"ORDER-371190","home","Compact Cordless Vacuum Cleaner","مدمج - المنزل والمطبخ","B09ZKX7WG3","https://www.amazon.ae/-/en/dp/B09ZKX7WG3","https://www.amazon.ae/-/ar/dp/B09ZKX7WG3","amazon.ae","ready","Amazon.ae popularity-rank query: kitchen organizer"
"ORDER-371191","home","Premium Compact Air Fryer","فاخر - المنزل والمطبخ","B07ZJMZRBK","https://www.amazon.ae/-/en/dp/B07ZJMZRBK","https://www.amazon.ae/-/ar/dp/B07ZJMZRBK","amazon.ae","ready","Amazon.ae popularity-rank query: kitchen organizer"
"ORDER-371192","home","Premium Arabic Coffee Gift Kit","فاخر - المنزل والمطبخ","1452135215","https://www.amazon.ae/-/en/dp/1452135215","https://www.amazon.ae/-/ar/dp/1452135215","amazon.ae","ready","Amazon.ae popularity-rank query: kitchen organizer"
"ORDER-371193","home","Premium Electric Kettle Set","فاخر - المنزل والمطبخ","B0GLH29BQM","https://www.amazon.ae/-/en/dp/B0GLH29BQM","https://www.amazon.ae/-/ar/dp/B0GLH29BQM","amazon.ae","ready","Amazon.ae popularity-rank query: kitchen organizer"
"ORDER-371194","home","Premium Capsule Coffee Machine","فاخر - المنزل والمطبخ","B0F21QG7ZS","https://www.amazon.ae/-/en/dp/B0F21QG7ZS","https://www.amazon.ae/-/ar/dp/B0F21QG7ZS","amazon.ae","ready","Amazon.ae popularity-rank query: kitchen organizer"
"ORDER-371195","home","Premium Kitchen Storage Organizer","فاخر - المنزل والمطبخ","B0C713YJWP","https://www.amazon.ae/-/en/dp/B0C713YJWP","https://www.amazon.ae/-/ar/dp/B0C713YJWP","amazon.ae","ready","Amazon.ae popularity-rank query: kitchen organizer"
"ORDER-371196","home","Premium Digital Kitchen Scale","فاخر - المنزل والمطبخ","B0FC2KVHQC","https://www.amazon.ae/-/en/dp/B0FC2KVHQC","https://www.amazon.ae/-/ar/dp/B0FC2KVHQC","amazon.ae","ready","Amazon.ae popularity-rank query: kitchen organizer"
"ORDER-371197","home","Premium Countertop Blender","فاخر - المنزل والمطبخ","B0H85D9XVB","https://www.amazon.ae/-/en/dp/B0H85D9XVB","https://www.amazon.ae/-/ar/dp/B0H85D9XVB","amazon.ae","ready","Amazon.ae popularity-rank query: kitchen organizer"
"ORDER-371198","home","Premium Stainless Cookware Set","فاخر - المنزل والمطبخ","B0F53RLK9M","https://www.amazon.ae/-/en/dp/B0F53RLK9M","https://www.amazon.ae/-/ar/dp/B0F53RLK9M","amazon.ae","ready","Amazon.ae popularity-rank query: kitchen organizer"
"ORDER-371199","home","Premium Smart Home Diffuser","فاخر - المنزل والمطبخ","B0H2KQQ8BH","https://www.amazon.ae/-/en/dp/B0H2KQQ8BH","https://www.amazon.ae/-/ar/dp/B0H2KQQ8BH","amazon.ae","ready","Amazon.ae popularity-rank query: kitchen organizer"
"ORDER-371200","home","Premium Cordless Vacuum Cleaner","فاخر - المنزل والمطبخ","B0DNMM7V53","https://www.amazon.ae/-/en/dp/B0DNMM7V53","https://www.amazon.ae/-/ar/dp/B0DNMM7V53","amazon.ae","ready","Amazon.ae popularity-rank query: kitchen organizer"
"ORDER-371201","home","Travel Compact Air Fryer","سفر - المنزل والمطبخ","B07RGGYLGY","https://www.amazon.ae/-/en/dp/B07RGGYLGY","https://www.amazon.ae/-/ar/dp/B07RGGYLGY","amazon.ae","ready","Amazon.ae popularity-rank query: kitchen organizer"
"ORDER-371202","home","Travel Arabic Coffee Gift Kit","سفر - المنزل والمطبخ","B0CTDVSW5Y","https://www.amazon.ae/-/en/dp/B0CTDVSW5Y","https://www.amazon.ae/-/ar/dp/B0CTDVSW5Y","amazon.ae","ready","Amazon.ae popularity-rank query: kitchen organizer"
"ORDER-371203","home","Travel Electric Kettle Set","سفر - المنزل والمطبخ","B0DMS24JL7","https://www.amazon.ae/-/en/dp/B0DMS24JL7","https://www.amazon.ae/-/ar/dp/B0DMS24JL7","amazon.ae","ready","Amazon.ae popularity-rank query: kitchen organizer"
"ORDER-371204","home","Travel Capsule Coffee Machine","سفر - المنزل والمطبخ","B093315R74","https://www.amazon.ae/-/en/dp/B093315R74","https://www.amazon.ae/-/ar/dp/B093315R74","amazon.ae","ready","Amazon.ae popularity-rank query: kitchen organizer"
"ORDER-371205","home","Travel Kitchen Storage Organizer","سفر - المنزل والمطبخ","B0H3TN1BPL","https://www.amazon.ae/-/en/dp/B0H3TN1BPL","https://www.amazon.ae/-/ar/dp/B0H3TN1BPL","amazon.ae","ready","Amazon.ae popularity-rank query: kitchen organizer"
"ORDER-371206","home","Travel Digital Kitchen Scale","سفر - المنزل والمطبخ","B0CHMCTK38","https://www.amazon.ae/-/en/dp/B0CHMCTK38","https://www.amazon.ae/-/ar/dp/B0CHMCTK38","amazon.ae","ready","Amazon.ae popularity-rank query: kitchen organizer"
"ORDER-371207","home","Travel Countertop Blender","سفر - المنزل والمطبخ","B0FJXH4G5X","https://www.amazon.ae/-/en/dp/B0FJXH4G5X","https://www.amazon.ae/-/ar/dp/B0FJXH4G5X","amazon.ae","ready","Amazon.ae popularity-rank query: kitchen organizer"
"ORDER-371208","home","Travel Stainless Cookware Set","سفر - المنزل والمطبخ","B0D7HF36CJ","https://www.amazon.ae/-/en/dp/B0D7HF36CJ","https://www.amazon.ae/-/ar/dp/B0D7HF36CJ","amazon.ae","ready","Amazon.ae popularity-rank query: kitchen organizer"
"ORDER-371209","home","Travel Smart Home Diffuser","سفر - المنزل والمطبخ","B0GCJQ9GSV","https://www.amazon.ae/-/en/dp/B0GCJQ9GSV","https://www.amazon.ae/-/ar/dp/B0GCJQ9GSV","amazon.ae","ready","Amazon.ae popularity-rank query: kitchen organizer"
"ORDER-371210","home","Travel Cordless Vacuum Cleaner","سفر - المنزل والمطبخ","B0DPJ25LL5","https://www.amazon.ae/-/en/dp/B0DPJ25LL5","https://www.amazon.ae/-/ar/dp/B0DPJ25LL5","amazon.ae","ready","Amazon.ae popularity-rank query: kitchen organizer"
"ORDER-371211","furniture","Retail LED Decor Light Panel","تجزئة - أثاث وديكور","B0BPVM5KBP","https://www.amazon.ae/-/en/dp/B0BPVM5KBP","https://www.amazon.ae/-/ar/dp/B0BPVM5KBP","amazon.ae","ready","Amazon.ae popularity-rank query: home decor"
"ORDER-371212","furniture","Retail Foldable Study Desk","تجزئة - أثاث وديكور","B0B917JJLQ","https://www.amazon.ae/-/en/dp/B0B917JJLQ","https://www.amazon.ae/-/ar/dp/B0B917JJLQ","amazon.ae","ready","Amazon.ae popularity-rank query: home decor"
"ORDER-371213","furniture","Retail Luxury Storage Organizer","تجزئة - أثاث وديكور","B0BCL7MSQL","https://www.amazon.ae/-/en/dp/B0BCL7MSQL","https://www.amazon.ae/-/ar/dp/B0BCL7MSQL","amazon.ae","ready","Amazon.ae popularity-rank query: home decor"
"ORDER-371214","furniture","Retail 3D LED Wall Clock","تجزئة - أثاث وديكور","B0BVQP7T45","https://www.amazon.ae/-/en/dp/B0BVQP7T45","https://www.amazon.ae/-/ar/dp/B0BVQP7T45","amazon.ae","ready","Amazon.ae popularity-rank query: home decor"
"ORDER-371215","furniture","Retail Velvet Hanger Storage Pack","تجزئة - أثاث وديكور","B092VSSQPN","https://www.amazon.ae/-/en/dp/B092VSSQPN","https://www.amazon.ae/-/ar/dp/B092VSSQPN","amazon.ae","ready","Amazon.ae popularity-rank query: home decor"
"ORDER-371216","furniture","Retail Gaming Chair Cushion Set","تجزئة - أثاث وديكور","B08ZSXD1BR","https://www.amazon.ae/-/en/dp/B08ZSXD1BR","https://www.amazon.ae/-/ar/dp/B08ZSXD1BR","amazon.ae","ready","Amazon.ae popularity-rank query: home decor"
"ORDER-371217","furniture","Retail Minimal Coffee Table","تجزئة - أثاث وديكور","B0C9Q4XMSJ","https://www.amazon.ae/-/en/dp/B0C9Q4XMSJ","https://www.amazon.ae/-/ar/dp/B0C9Q4XMSJ","amazon.ae","ready","Amazon.ae popularity-rank query: home decor"
"ORDER-371218","furniture","Retail Decorative Floor Lamp","تجزئة - أثاث وديكور","B0C9Q7DCJS","https://www.amazon.ae/-/en/dp/B0C9Q7DCJS","https://www.amazon.ae/-/ar/dp/B0C9Q7DCJS","amazon.ae","ready","Amazon.ae popularity-rank query: home decor"
"ORDER-371219","furniture","Retail Under-Sink Organizer Rack","تجزئة - أثاث وديكور","B0C9Q54M4D","https://www.amazon.ae/-/en/dp/B0C9Q54M4D","https://www.amazon.ae/-/ar/dp/B0C9Q54M4D","amazon.ae","ready","Amazon.ae popularity-rank query: home decor"
"ORDER-371220","furniture","Retail Luxury Cushion Cover Set","تجزئة - أثاث وديكور","B0CQCV1YNW","https://www.amazon.ae/-/en/dp/B0CQCV1YNW","https://www.amazon.ae/-/ar/dp/B0CQCV1YNW","amazon.ae","ready","Amazon.ae popularity-rank query: home decor"
"ORDER-371221","furniture","Pro LED Decor Light Panel","احترافي - أثاث وديكور","B0F5GTD4HN","https://www.amazon.ae/-/en/dp/B0F5GTD4HN","https://www.amazon.ae/-/ar/dp/B0F5GTD4HN","amazon.ae","ready","Amazon.ae popularity-rank query: home decor"
"ORDER-371222","furniture","Pro Foldable Study Desk","احترافي - أثاث وديكور","B0CDLXVVVZ","https://www.amazon.ae/-/en/dp/B0CDLXVVVZ","https://www.amazon.ae/-/ar/dp/B0CDLXVVVZ","amazon.ae","ready","Amazon.ae popularity-rank query: home decor"
"ORDER-371223","furniture","Pro Luxury Storage Organizer","احترافي - أثاث وديكور","B0H73K1RWY","https://www.amazon.ae/-/en/dp/B0H73K1RWY","https://www.amazon.ae/-/ar/dp/B0H73K1RWY","amazon.ae","ready","Amazon.ae popularity-rank query: home decor"
"ORDER-371224","furniture","Pro 3D LED Wall Clock","احترافي - أثاث وديكور","B0B27WGC8Q","https://www.amazon.ae/-/en/dp/B0B27WGC8Q","https://www.amazon.ae/-/ar/dp/B0B27WGC8Q","amazon.ae","ready","Amazon.ae popularity-rank query: home decor"
"ORDER-371225","furniture","Pro Velvet Hanger Storage Pack","احترافي - أثاث وديكور","B0CQCSDJH8","https://www.amazon.ae/-/en/dp/B0CQCSDJH8","https://www.amazon.ae/-/ar/dp/B0CQCSDJH8","amazon.ae","ready","Amazon.ae popularity-rank query: home decor"
"ORDER-371226","furniture","Pro Gaming Chair Cushion Set","احترافي - أثاث وديكور","B0F4KXBC9T","https://www.amazon.ae/-/en/dp/B0F4KXBC9T","https://www.amazon.ae/-/ar/dp/B0F4KXBC9T","amazon.ae","ready","Amazon.ae popularity-rank query: home decor"
"ORDER-371227","furniture","Pro Minimal Coffee Table","احترافي - أثاث وديكور","B0BPDM6KRH","https://www.amazon.ae/-/en/dp/B0BPDM6KRH","https://www.amazon.ae/-/ar/dp/B0BPDM6KRH","amazon.ae","ready","Amazon.ae popularity-rank query: home decor"
"ORDER-371228","furniture","Pro Decorative Floor Lamp","احترافي - أثاث وديكور","B0CHFHG86B","https://www.amazon.ae/-/en/dp/B0CHFHG86B","https://www.amazon.ae/-/ar/dp/B0CHFHG86B","amazon.ae","ready","Amazon.ae popularity-rank query: home decor"
"ORDER-371229","furniture","Pro Under-Sink Organizer Rack","احترافي - أثاث وديكور","B0BPNP9FBW","https://www.amazon.ae/-/en/dp/B0BPNP9FBW","https://www.amazon.ae/-/ar/dp/B0BPNP9FBW","amazon.ae","ready","Amazon.ae popularity-rank query: home decor"
"ORDER-371230","furniture","Pro Luxury Cushion Cover Set","احترافي - أثاث وديكور","B0BCKLM33P","https://www.amazon.ae/-/en/dp/B0BCKLM33P","https://www.amazon.ae/-/ar/dp/B0BCKLM33P","amazon.ae","ready","Amazon.ae popularity-rank query: home decor"
"ORDER-371231","furniture","Compact LED Decor Light Panel","مدمج - أثاث وديكور","B0BP12PYPV","https://www.amazon.ae/-/en/dp/B0BP12PYPV","https://www.amazon.ae/-/ar/dp/B0BP12PYPV","amazon.ae","ready","Amazon.ae popularity-rank query: home decor"
"ORDER-371232","furniture","Compact Foldable Study Desk","مدمج - أثاث وديكور","B0B5QL42QF","https://www.amazon.ae/-/en/dp/B0B5QL42QF","https://www.amazon.ae/-/ar/dp/B0B5QL42QF","amazon.ae","ready","Amazon.ae popularity-rank query: home decor"
"ORDER-371233","furniture","Compact Luxury Storage Organizer","مدمج - أثاث وديكور","B09LV55DJP","https://www.amazon.ae/-/en/dp/B09LV55DJP","https://www.amazon.ae/-/ar/dp/B09LV55DJP","amazon.ae","ready","Amazon.ae popularity-rank query: home decor"
"ORDER-371234","furniture","Compact 3D LED Wall Clock","مدمج - أثاث وديكور","B08NPWN1ZK","https://www.amazon.ae/-/en/dp/B08NPWN1ZK","https://www.amazon.ae/-/ar/dp/B08NPWN1ZK","amazon.ae","ready","Amazon.ae popularity-rank query: home decor"
"ORDER-371235","furniture","Compact Velvet Hanger Storage Pack","مدمج - أثاث وديكور","B0CG3Q4H5Q","https://www.amazon.ae/-/en/dp/B0CG3Q4H5Q","https://www.amazon.ae/-/ar/dp/B0CG3Q4H5Q","amazon.ae","ready","Amazon.ae popularity-rank query: home decor"
"ORDER-371236","furniture","Compact Gaming Chair Cushion Set","مدمج - أثاث وديكور","B0CTJGJL2T","https://www.amazon.ae/-/en/dp/B0CTJGJL2T","https://www.amazon.ae/-/ar/dp/B0CTJGJL2T","amazon.ae","ready","Amazon.ae popularity-rank query: home decor"
"ORDER-371237","furniture","Compact Minimal Coffee Table","مدمج - أثاث وديكور","B0B34PTY3X","https://www.amazon.ae/-/en/dp/B0B34PTY3X","https://www.amazon.ae/-/ar/dp/B0B34PTY3X","amazon.ae","ready","Amazon.ae popularity-rank query: home decor"
"ORDER-371238","furniture","Compact Decorative Floor Lamp","مدمج - أثاث وديكور","B09ZXXBT3G","https://www.amazon.ae/-/en/dp/B09ZXXBT3G","https://www.amazon.ae/-/ar/dp/B09ZXXBT3G","amazon.ae","ready","Amazon.ae popularity-rank query: home decor"
"ORDER-371239","furniture","Compact Under-Sink Organizer Rack","مدمج - أثاث وديكور","B0CFGTZHST","https://www.amazon.ae/-/en/dp/B0CFGTZHST","https://www.amazon.ae/-/ar/dp/B0CFGTZHST","amazon.ae","ready","Amazon.ae popularity-rank query: home decor"
"ORDER-371240","furniture","Compact Luxury Cushion Cover Set","مدمج - أثاث وديكور","B0DRC128JC","https://www.amazon.ae/-/en/dp/B0DRC128JC","https://www.amazon.ae/-/ar/dp/B0DRC128JC","amazon.ae","ready","Amazon.ae popularity-rank query: home decor"
"ORDER-371241","furniture","Premium LED Decor Light Panel","فاخر - أثاث وديكور","B08P1XVKNK","https://www.amazon.ae/-/en/dp/B08P1XVKNK","https://www.amazon.ae/-/ar/dp/B08P1XVKNK","amazon.ae","ready","Amazon.ae popularity-rank query: home decor"
"ORDER-371242","furniture","Premium Foldable Study Desk","فاخر - أثاث وديكور","B0CDP9FXDR","https://www.amazon.ae/-/en/dp/B0CDP9FXDR","https://www.amazon.ae/-/ar/dp/B0CDP9FXDR","amazon.ae","ready","Amazon.ae popularity-rank query: home decor"
"ORDER-371243","furniture","Premium Luxury Storage Organizer","فاخر - أثاث وديكور","B09VZH1YBC","https://www.amazon.ae/-/en/dp/B09VZH1YBC","https://www.amazon.ae/-/ar/dp/B09VZH1YBC","amazon.ae","ready","Amazon.ae popularity-rank query: home decor"
"ORDER-371244","furniture","Premium 3D LED Wall Clock","فاخر - أثاث وديكور","B08XVP48KQ","https://www.amazon.ae/-/en/dp/B08XVP48KQ","https://www.amazon.ae/-/ar/dp/B08XVP48KQ","amazon.ae","ready","Amazon.ae popularity-rank query: home decor"
"ORDER-371245","furniture","Premium Velvet Hanger Storage Pack","فاخر - أثاث وديكور","B09V4YW9VS","https://www.amazon.ae/-/en/dp/B09V4YW9VS","https://www.amazon.ae/-/ar/dp/B09V4YW9VS","amazon.ae","ready","Amazon.ae popularity-rank query: home decor"
"ORDER-371246","furniture","Premium Gaming Chair Cushion Set","فاخر - أثاث وديكور","B0FD3XT68W","https://www.amazon.ae/-/en/dp/B0FD3XT68W","https://www.amazon.ae/-/ar/dp/B0FD3XT68W","amazon.ae","ready","Amazon.ae popularity-rank query: home decor"
"ORDER-371247","furniture","Premium Minimal Coffee Table","فاخر - أثاث وديكور","B0CXPTBTB5","https://www.amazon.ae/-/en/dp/B0CXPTBTB5","https://www.amazon.ae/-/ar/dp/B0CXPTBTB5","amazon.ae","ready","Amazon.ae popularity-rank query: home decor"
"ORDER-371248","furniture","Premium Decorative Floor Lamp","فاخر - أثاث وديكور","B0D9CN77J1","https://www.amazon.ae/-/en/dp/B0D9CN77J1","https://www.amazon.ae/-/ar/dp/B0D9CN77J1","amazon.ae","ready","Amazon.ae popularity-rank query: home decor"
"ORDER-371249","furniture","Premium Under-Sink Organizer Rack","فاخر - أثاث وديكور","B09KXNY695","https://www.amazon.ae/-/en/dp/B09KXNY695","https://www.amazon.ae/-/ar/dp/B09KXNY695","amazon.ae","ready","Amazon.ae popularity-rank query: home decor"
"ORDER-371250","furniture","Premium Luxury Cushion Cover Set","فاخر - أثاث وديكور","B0FZW6SMFZ","https://www.amazon.ae/-/en/dp/B0FZW6SMFZ","https://www.amazon.ae/-/ar/dp/B0FZW6SMFZ","amazon.ae","ready","Amazon.ae popularity-rank query: home decor"
"ORDER-371251","furniture","Travel LED Decor Light Panel","سفر - أثاث وديكور","B0CYSWNW2V","https://www.amazon.ae/-/en/dp/B0CYSWNW2V","https://www.amazon.ae/-/ar/dp/B0CYSWNW2V","amazon.ae","ready","Amazon.ae popularity-rank query: home decor"
"ORDER-371252","furniture","Travel Foldable Study Desk","سفر - أثاث وديكور","B0CQLVHXVJ","https://www.amazon.ae/-/en/dp/B0CQLVHXVJ","https://www.amazon.ae/-/ar/dp/B0CQLVHXVJ","amazon.ae","ready","Amazon.ae popularity-rank query: home decor"
"ORDER-371253","furniture","Travel Luxury Storage Organizer","سفر - أثاث وديكور","B0DYF46D5R","https://www.amazon.ae/-/en/dp/B0DYF46D5R","https://www.amazon.ae/-/ar/dp/B0DYF46D5R","amazon.ae","ready","Amazon.ae popularity-rank query: home decor"
"ORDER-371254","furniture","Travel 3D LED Wall Clock","سفر - أثاث وديكور","B0CDLZ4M1N","https://www.amazon.ae/-/en/dp/B0CDLZ4M1N","https://www.amazon.ae/-/ar/dp/B0CDLZ4M1N","amazon.ae","ready","Amazon.ae popularity-rank query: home decor"
"ORDER-371255","furniture","Travel Velvet Hanger Storage Pack","سفر - أثاث وديكور","B0B9GZL6K6","https://www.amazon.ae/-/en/dp/B0B9GZL6K6","https://www.amazon.ae/-/ar/dp/B0B9GZL6K6","amazon.ae","ready","Amazon.ae popularity-rank query: home decor"
"ORDER-371256","furniture","Travel Gaming Chair Cushion Set","سفر - أثاث وديكور","B07ZVKBJJX","https://www.amazon.ae/-/en/dp/B07ZVKBJJX","https://www.amazon.ae/-/ar/dp/B07ZVKBJJX","amazon.ae","ready","Amazon.ae popularity-rank query: home decor"
"ORDER-371257","furniture","Travel Minimal Coffee Table","سفر - أثاث وديكور","B09BCY4JQ2","https://www.amazon.ae/-/en/dp/B09BCY4JQ2","https://www.amazon.ae/-/ar/dp/B09BCY4JQ2","amazon.ae","ready","Amazon.ae popularity-rank query: home decor"
"ORDER-371258","furniture","Travel Decorative Floor Lamp","سفر - أثاث وديكور","B09H5JZC97","https://www.amazon.ae/-/en/dp/B09H5JZC97","https://www.amazon.ae/-/ar/dp/B09H5JZC97","amazon.ae","ready","Amazon.ae popularity-rank query: home decor"
"ORDER-371259","furniture","Travel Under-Sink Organizer Rack","سفر - أثاث وديكور","B0BZVN3T6D","https://www.amazon.ae/-/en/dp/B0BZVN3T6D","https://www.amazon.ae/-/ar/dp/B0BZVN3T6D","amazon.ae","ready","Amazon.ae popularity-rank query: home decor"
"ORDER-371260","furniture","Travel Luxury Cushion Cover Set","سفر - أثاث وديكور","B0DQHDSNNS","https://www.amazon.ae/-/en/dp/B0DQHDSNNS","https://www.amazon.ae/-/ar/dp/B0DQHDSNNS","amazon.ae","ready","Amazon.ae popularity-rank query: home decor"
"ORDER-371261","auto","Retail Car Smart Display Kit","تجزئة - إكسسوارات السيارات","B0F4KFGPWN","https://www.amazon.ae/-/en/dp/B0F4KFGPWN","https://www.amazon.ae/-/ar/dp/B0F4KFGPWN","amazon.ae","ready","Amazon.ae popularity-rank query: car accessories"
"ORDER-371262","auto","Retail Car Cooling Seat Pad","تجزئة - إكسسوارات السيارات","B0DMNKK6V8","https://www.amazon.ae/-/en/dp/B0DMNKK6V8","https://www.amazon.ae/-/ar/dp/B0DMNKK6V8","amazon.ae","ready","Amazon.ae popularity-rank query: car accessories"
"ORDER-371263","auto","Retail Premium Car Vacuum Set","تجزئة - إكسسوارات السيارات","B0F99TKXVX","https://www.amazon.ae/-/en/dp/B0F99TKXVX","https://www.amazon.ae/-/ar/dp/B0F99TKXVX","amazon.ae","ready","Amazon.ae popularity-rank query: car accessories"
"ORDER-371264","auto","Retail 4K Dash Camera","تجزئة - إكسسوارات السيارات","B0F99MP6S4","https://www.amazon.ae/-/en/dp/B0F99MP6S4","https://www.amazon.ae/-/ar/dp/B0F99MP6S4","amazon.ae","ready","Amazon.ae popularity-rank query: car accessories"
"ORDER-371265","auto","Retail Magnetic Phone Car Charger","تجزئة - إكسسوارات السيارات","B0DRFQDTXQ","https://www.amazon.ae/-/en/dp/B0DRFQDTXQ","https://www.amazon.ae/-/ar/dp/B0DRFQDTXQ","amazon.ae","ready","Amazon.ae popularity-rank query: car accessories"
"ORDER-371266","auto","Retail Foldable Car Sunshade","تجزئة - إكسسوارات السيارات","B0DBM68BLQ","https://www.amazon.ae/-/en/dp/B0DBM68BLQ","https://www.amazon.ae/-/ar/dp/B0DBM68BLQ","amazon.ae","ready","Amazon.ae popularity-rank query: car accessories"
"ORDER-371267","auto","Retail Portable Tire Inflator","تجزئة - إكسسوارات السيارات","B0DZ6KKGXJ","https://www.amazon.ae/-/en/dp/B0DZ6KKGXJ","https://www.amazon.ae/-/ar/dp/B0DZ6KKGXJ","amazon.ae","ready","Amazon.ae popularity-rank query: car accessories"
"ORDER-371268","auto","Retail Car Trunk Organizer","تجزئة - إكسسوارات السيارات","B0F8HF81JZ","https://www.amazon.ae/-/en/dp/B0F8HF81JZ","https://www.amazon.ae/-/ar/dp/B0F8HF81JZ","amazon.ae","ready","Amazon.ae popularity-rank query: car accessories"
"ORDER-371269","auto","Retail LED Ambient Light Kit","تجزئة - إكسسوارات السيارات","B0F29596BB","https://www.amazon.ae/-/en/dp/B0F29596BB","https://www.amazon.ae/-/ar/dp/B0F29596BB","amazon.ae","ready","Amazon.ae popularity-rank query: car accessories"
"ORDER-371270","auto","Retail Leather Steering Wheel Cover","تجزئة - إكسسوارات السيارات","B07VK32BNL","https://www.amazon.ae/-/en/dp/B07VK32BNL","https://www.amazon.ae/-/ar/dp/B07VK32BNL","amazon.ae","ready","Amazon.ae popularity-rank query: car accessories"
"ORDER-371271","auto","Pro Car Smart Display Kit","احترافي - إكسسوارات السيارات","B0CXDQWYQP","https://www.amazon.ae/-/en/dp/B0CXDQWYQP","https://www.amazon.ae/-/ar/dp/B0CXDQWYQP","amazon.ae","ready","Amazon.ae popularity-rank query: car accessories"
"ORDER-371272","auto","Pro Car Cooling Seat Pad","احترافي - إكسسوارات السيارات","B0CMT1ZNRV","https://www.amazon.ae/-/en/dp/B0CMT1ZNRV","https://www.amazon.ae/-/ar/dp/B0CMT1ZNRV","amazon.ae","ready","Amazon.ae popularity-rank query: car accessories"
"ORDER-371273","auto","Pro Premium Car Vacuum Set","احترافي - إكسسوارات السيارات","B003IS3HV0","https://www.amazon.ae/-/en/dp/B003IS3HV0","https://www.amazon.ae/-/ar/dp/B003IS3HV0","amazon.ae","ready","Amazon.ae popularity-rank query: car accessories"
"ORDER-371274","auto","Pro 4K Dash Camera","احترافي - إكسسوارات السيارات","B00U7HEUEI","https://www.amazon.ae/-/en/dp/B00U7HEUEI","https://www.amazon.ae/-/ar/dp/B00U7HEUEI","amazon.ae","ready","Amazon.ae popularity-rank query: car accessories"
"ORDER-371275","auto","Pro Magnetic Phone Car Charger","احترافي - إكسسوارات السيارات","B003L2ZVRG","https://www.amazon.ae/-/en/dp/B003L2ZVRG","https://www.amazon.ae/-/ar/dp/B003L2ZVRG","amazon.ae","ready","Amazon.ae popularity-rank query: car accessories"
"ORDER-371276","auto","Pro Foldable Car Sunshade","احترافي - إكسسوارات السيارات","B0CX8YW6J3","https://www.amazon.ae/-/en/dp/B0CX8YW6J3","https://www.amazon.ae/-/ar/dp/B0CX8YW6J3","amazon.ae","ready","Amazon.ae popularity-rank query: car accessories"
"ORDER-371277","auto","Pro Portable Tire Inflator","احترافي - إكسسوارات السيارات","B07TZG6XPG","https://www.amazon.ae/-/en/dp/B07TZG6XPG","https://www.amazon.ae/-/ar/dp/B07TZG6XPG","amazon.ae","ready","Amazon.ae popularity-rank query: car accessories"
"ORDER-371278","auto","Pro Car Trunk Organizer","احترافي - إكسسوارات السيارات","B07Z5KV97J","https://www.amazon.ae/-/en/dp/B07Z5KV97J","https://www.amazon.ae/-/ar/dp/B07Z5KV97J","amazon.ae","ready","Amazon.ae popularity-rank query: car accessories"
"ORDER-371279","auto","Pro LED Ambient Light Kit","احترافي - إكسسوارات السيارات","B0H1RMTJMS","https://www.amazon.ae/-/en/dp/B0H1RMTJMS","https://www.amazon.ae/-/ar/dp/B0H1RMTJMS","amazon.ae","ready","Amazon.ae popularity-rank query: car accessories"
"ORDER-371280","auto","Pro Leather Steering Wheel Cover","احترافي - إكسسوارات السيارات","B09NCVS7V4","https://www.amazon.ae/-/en/dp/B09NCVS7V4","https://www.amazon.ae/-/ar/dp/B09NCVS7V4","amazon.ae","ready","Amazon.ae popularity-rank query: car accessories"
"ORDER-371281","auto","Compact Car Smart Display Kit","مدمج - إكسسوارات السيارات","B0C61YXSCD","https://www.amazon.ae/-/en/dp/B0C61YXSCD","https://www.amazon.ae/-/ar/dp/B0C61YXSCD","amazon.ae","ready","Amazon.ae popularity-rank query: car accessories"
"ORDER-371282","auto","Compact Car Cooling Seat Pad","مدمج - إكسسوارات السيارات","B0F9TMQCRY","https://www.amazon.ae/-/en/dp/B0F9TMQCRY","https://www.amazon.ae/-/ar/dp/B0F9TMQCRY","amazon.ae","ready","Amazon.ae popularity-rank query: car accessories"
"ORDER-371283","auto","Compact Premium Car Vacuum Set","مدمج - إكسسوارات السيارات","B0CJJD6TDB","https://www.amazon.ae/-/en/dp/B0CJJD6TDB","https://www.amazon.ae/-/ar/dp/B0CJJD6TDB","amazon.ae","ready","Amazon.ae popularity-rank query: car accessories"
"ORDER-371284","auto","Compact 4K Dash Camera","مدمج - إكسسوارات السيارات","B01CV4ANCC","https://www.amazon.ae/-/en/dp/B01CV4ANCC","https://www.amazon.ae/-/ar/dp/B01CV4ANCC","amazon.ae","ready","Amazon.ae popularity-rank query: car accessories"
"ORDER-371285","auto","Compact Magnetic Phone Car Charger","مدمج - إكسسوارات السيارات","B0DSBSBSGW","https://www.amazon.ae/-/en/dp/B0DSBSBSGW","https://www.amazon.ae/-/ar/dp/B0DSBSBSGW","amazon.ae","ready","Amazon.ae popularity-rank query: car accessories"
"ORDER-371286","auto","Compact Foldable Car Sunshade","مدمج - إكسسوارات السيارات","B09RHHKJ6T","https://www.amazon.ae/-/en/dp/B09RHHKJ6T","https://www.amazon.ae/-/ar/dp/B09RHHKJ6T","amazon.ae","ready","Amazon.ae popularity-rank query: car accessories"
"ORDER-371287","auto","Compact Portable Tire Inflator","مدمج - إكسسوارات السيارات","B0BYD9JV1V","https://www.amazon.ae/-/en/dp/B0BYD9JV1V","https://www.amazon.ae/-/ar/dp/B0BYD9JV1V","amazon.ae","ready","Amazon.ae popularity-rank query: car accessories"
"ORDER-371288","auto","Compact Car Trunk Organizer","مدمج - إكسسوارات السيارات","B0DDBVBQ7R","https://www.amazon.ae/-/en/dp/B0DDBVBQ7R","https://www.amazon.ae/-/ar/dp/B0DDBVBQ7R","amazon.ae","ready","Amazon.ae popularity-rank query: car accessories"
"ORDER-371289","auto","Compact LED Ambient Light Kit","مدمج - إكسسوارات السيارات","B0DNZPR644","https://www.amazon.ae/-/en/dp/B0DNZPR644","https://www.amazon.ae/-/ar/dp/B0DNZPR644","amazon.ae","ready","Amazon.ae popularity-rank query: car accessories"
"ORDER-371290","auto","Compact Leather Steering Wheel Cover","مدمج - إكسسوارات السيارات","B078M885XK","https://www.amazon.ae/-/en/dp/B078M885XK","https://www.amazon.ae/-/ar/dp/B078M885XK","amazon.ae","ready","Amazon.ae popularity-rank query: car accessories"
"ORDER-371291","auto","Premium Car Smart Display Kit","فاخر - إكسسوارات السيارات","B0FZDLHNMQ","https://www.amazon.ae/-/en/dp/B0FZDLHNMQ","https://www.amazon.ae/-/ar/dp/B0FZDLHNMQ","amazon.ae","ready","Amazon.ae popularity-rank query: car accessories"
"ORDER-371292","auto","Premium Car Cooling Seat Pad","فاخر - إكسسوارات السيارات","B0CY54ZG96","https://www.amazon.ae/-/en/dp/B0CY54ZG96","https://www.amazon.ae/-/ar/dp/B0CY54ZG96","amazon.ae","ready","Amazon.ae popularity-rank query: car accessories"
"ORDER-371293","auto","Premium Premium Car Vacuum Set","فاخر - إكسسوارات السيارات","B09R3WR43Q","https://www.amazon.ae/-/en/dp/B09R3WR43Q","https://www.amazon.ae/-/ar/dp/B09R3WR43Q","amazon.ae","ready","Amazon.ae popularity-rank query: car accessories"
"ORDER-371294","auto","Premium 4K Dash Camera","فاخر - إكسسوارات السيارات","B09WDB6CY9","https://www.amazon.ae/-/en/dp/B09WDB6CY9","https://www.amazon.ae/-/ar/dp/B09WDB6CY9","amazon.ae","ready","Amazon.ae popularity-rank query: car accessories"
"ORDER-371295","auto","Premium Magnetic Phone Car Charger","فاخر - إكسسوارات السيارات","B00NNOE9X4","https://www.amazon.ae/-/en/dp/B00NNOE9X4","https://www.amazon.ae/-/ar/dp/B00NNOE9X4","amazon.ae","ready","Amazon.ae popularity-rank query: car accessories"
"ORDER-371296","auto","Premium Foldable Car Sunshade","فاخر - إكسسوارات السيارات","B07MR628BJ","https://www.amazon.ae/-/en/dp/B07MR628BJ","https://www.amazon.ae/-/ar/dp/B07MR628BJ","amazon.ae","ready","Amazon.ae popularity-rank query: car accessories"
"ORDER-371297","auto","Premium Portable Tire Inflator","فاخر - إكسسوارات السيارات","B07TKVBCKS","https://www.amazon.ae/-/en/dp/B07TKVBCKS","https://www.amazon.ae/-/ar/dp/B07TKVBCKS","amazon.ae","ready","Amazon.ae popularity-rank query: car accessories"
"ORDER-371298","auto","Premium Car Trunk Organizer","فاخر - إكسسوارات السيارات","B0CLXZV493","https://www.amazon.ae/-/en/dp/B0CLXZV493","https://www.amazon.ae/-/ar/dp/B0CLXZV493","amazon.ae","ready","Amazon.ae popularity-rank query: car accessories"
"ORDER-371299","auto","Premium LED Ambient Light Kit","فاخر - إكسسوارات السيارات","B0CP7HN443","https://www.amazon.ae/-/en/dp/B0CP7HN443","https://www.amazon.ae/-/ar/dp/B0CP7HN443","amazon.ae","ready","Amazon.ae popularity-rank query: car accessories"
"ORDER-371300","auto","Premium Leather Steering Wheel Cover","فاخر - إكسسوارات السيارات","B0CLXZJKD8","https://www.amazon.ae/-/en/dp/B0CLXZJKD8","https://www.amazon.ae/-/ar/dp/B0CLXZJKD8","amazon.ae","ready","Amazon.ae popularity-rank query: car accessories"
"ORDER-371301","auto","Travel Car Smart Display Kit","سفر - إكسسوارات السيارات","B0DSQ5DKFF","https://www.amazon.ae/-/en/dp/B0DSQ5DKFF","https://www.amazon.ae/-/ar/dp/B0DSQ5DKFF","amazon.ae","ready","Amazon.ae popularity-rank query: car accessories"
"ORDER-371302","auto","Travel Car Cooling Seat Pad","سفر - إكسسوارات السيارات","B07VCXBK2W","https://www.amazon.ae/-/en/dp/B07VCXBK2W","https://www.amazon.ae/-/ar/dp/B07VCXBK2W","amazon.ae","ready","Amazon.ae popularity-rank query: car accessories"
"ORDER-371303","auto","Travel Premium Car Vacuum Set","سفر - إكسسوارات السيارات","B0CQM4ZNPZ","https://www.amazon.ae/-/en/dp/B0CQM4ZNPZ","https://www.amazon.ae/-/ar/dp/B0CQM4ZNPZ","amazon.ae","ready","Amazon.ae popularity-rank query: car accessories"
"ORDER-371304","auto","Travel 4K Dash Camera","سفر - إكسسوارات السيارات","B08L53DDYM","https://www.amazon.ae/-/en/dp/B08L53DDYM","https://www.amazon.ae/-/ar/dp/B08L53DDYM","amazon.ae","ready","Amazon.ae popularity-rank query: car accessories"
"ORDER-371305","auto","Travel Magnetic Phone Car Charger","سفر - إكسسوارات السيارات","B08M5ML72C","https://www.amazon.ae/-/en/dp/B08M5ML72C","https://www.amazon.ae/-/ar/dp/B08M5ML72C","amazon.ae","ready","Amazon.ae popularity-rank query: car accessories"
"ORDER-371306","auto","Travel Foldable Car Sunshade","سفر - إكسسوارات السيارات","B0918QRX94","https://www.amazon.ae/-/en/dp/B0918QRX94","https://www.amazon.ae/-/ar/dp/B0918QRX94","amazon.ae","ready","Amazon.ae popularity-rank query: car accessories"
"ORDER-371307","auto","Travel Portable Tire Inflator","سفر - إكسسوارات السيارات","B0CCY38RGC","https://www.amazon.ae/-/en/dp/B0CCY38RGC","https://www.amazon.ae/-/ar/dp/B0CCY38RGC","amazon.ae","ready","Amazon.ae popularity-rank query: car accessories"
"ORDER-371308","auto","Travel Car Trunk Organizer","سفر - إكسسوارات السيارات","B08SQ44CGZ","https://www.amazon.ae/-/en/dp/B08SQ44CGZ","https://www.amazon.ae/-/ar/dp/B08SQ44CGZ","amazon.ae","ready","Amazon.ae popularity-rank query: car accessories"
"ORDER-371309","auto","Travel LED Ambient Light Kit","سفر - إكسسوارات السيارات","B0994PG1ZD","https://www.amazon.ae/-/en/dp/B0994PG1ZD","https://www.amazon.ae/-/ar/dp/B0994PG1ZD","amazon.ae","ready","Amazon.ae popularity-rank query: car accessories"
"ORDER-371310","auto","Travel Leather Steering Wheel Cover","سفر - إكسسوارات السيارات","B0FJS14V65","https://www.amazon.ae/-/en/dp/B0FJS14V65","https://www.amazon.ae/-/ar/dp/B0FJS14V65","amazon.ae","ready","Amazon.ae popularity-rank query: car accessories"
"ORDER-371311","baby","Retail Smart Baby Care Monitor","تجزئة - الأم والطفل","B0B15CF4H1","https://www.amazon.ae/-/en/dp/B0B15CF4H1","https://www.amazon.ae/-/ar/dp/B0B15CF4H1","amazon.ae","ready","Amazon.ae popularity-rank query: baby stroller"
"ORDER-371312","baby","Retail Baby Travel Organizer","تجزئة - الأم والطفل","B0GRGVBRBG","https://www.amazon.ae/-/en/dp/B0GRGVBRBG","https://www.amazon.ae/-/ar/dp/B0GRGVBRBG","amazon.ae","ready","Amazon.ae popularity-rank query: baby stroller"
"ORDER-371313","baby","Retail Bottle Warmer Travel Kit","تجزئة - الأم والطفل","B01G4DG0RI","https://www.amazon.ae/-/en/dp/B01G4DG0RI","https://www.amazon.ae/-/ar/dp/B01G4DG0RI","amazon.ae","ready","Amazon.ae popularity-rank query: baby stroller"
"ORDER-371314","baby","Retail Diaper Backpack","تجزئة - الأم والطفل","B0GRGTZNQF","https://www.amazon.ae/-/en/dp/B0GRGTZNQF","https://www.amazon.ae/-/ar/dp/B0GRGTZNQF","amazon.ae","ready","Amazon.ae popularity-rank query: baby stroller"
"ORDER-371315","baby","Retail Baby Stroller Fan","تجزئة - الأم والطفل","B08BZQQFFV","https://www.amazon.ae/-/en/dp/B08BZQQFFV","https://www.amazon.ae/-/ar/dp/B08BZQQFFV","amazon.ae","ready","Amazon.ae popularity-rank query: baby stroller"
"ORDER-371316","baby","Retail Baby Feeding Bottle Set","تجزئة - الأم والطفل","B0GFM9WG6Z","https://www.amazon.ae/-/en/dp/B0GFM9WG6Z","https://www.amazon.ae/-/ar/dp/B0GFM9WG6Z","amazon.ae","ready","Amazon.ae popularity-rank query: baby stroller"
"ORDER-371317","baby","Retail Portable Changing Mat","تجزئة - الأم والطفل","B0HBQT77N2","https://www.amazon.ae/-/en/dp/B0HBQT77N2","https://www.amazon.ae/-/ar/dp/B0HBQT77N2","amazon.ae","ready","Amazon.ae popularity-rank query: baby stroller"
"ORDER-371318","baby","Retail Baby Safety Gate","تجزئة - الأم والطفل","B09CZ4HT1Z","https://www.amazon.ae/-/en/dp/B09CZ4HT1Z","https://www.amazon.ae/-/ar/dp/B09CZ4HT1Z","amazon.ae","ready","Amazon.ae popularity-rank query: baby stroller"
"ORDER-371319","baby","Retail Nursery Night Light","تجزئة - الأم والطفل","B0H4V8V25H","https://www.amazon.ae/-/en/dp/B0H4V8V25H","https://www.amazon.ae/-/ar/dp/B0H4V8V25H","amazon.ae","ready","Amazon.ae popularity-rank query: baby stroller"
"ORDER-371320","baby","Retail Baby Grooming Kit","تجزئة - الأم والطفل","B08S56DW6N","https://www.amazon.ae/-/en/dp/B08S56DW6N","https://www.amazon.ae/-/ar/dp/B08S56DW6N","amazon.ae","ready","Amazon.ae popularity-rank query: baby stroller"
"ORDER-371321","baby","Pro Smart Baby Care Monitor","احترافي - الأم والطفل","B0DRM2X13Y","https://www.amazon.ae/-/en/dp/B0DRM2X13Y","https://www.amazon.ae/-/ar/dp/B0DRM2X13Y","amazon.ae","ready","Amazon.ae popularity-rank query: baby stroller"
"ORDER-371322","baby","Pro Baby Travel Organizer","احترافي - الأم والطفل","B08VPVLF95","https://www.amazon.ae/-/en/dp/B08VPVLF95","https://www.amazon.ae/-/ar/dp/B08VPVLF95","amazon.ae","ready","Amazon.ae popularity-rank query: baby stroller"
"ORDER-371323","baby","Pro Bottle Warmer Travel Kit","احترافي - الأم والطفل","B08ZPQ4BRN","https://www.amazon.ae/-/en/dp/B08ZPQ4BRN","https://www.amazon.ae/-/ar/dp/B08ZPQ4BRN","amazon.ae","ready","Amazon.ae popularity-rank query: baby stroller"
"ORDER-371324","baby","Pro Diaper Backpack","احترافي - الأم والطفل","B0GL8D964T","https://www.amazon.ae/-/en/dp/B0GL8D964T","https://www.amazon.ae/-/ar/dp/B0GL8D964T","amazon.ae","ready","Amazon.ae popularity-rank query: baby stroller"
"ORDER-371325","baby","Pro Baby Stroller Fan","احترافي - الأم والطفل","B0GJCCNN2L","https://www.amazon.ae/-/en/dp/B0GJCCNN2L","https://www.amazon.ae/-/ar/dp/B0GJCCNN2L","amazon.ae","ready","Amazon.ae popularity-rank query: baby stroller"
"ORDER-371326","baby","Pro Baby Feeding Bottle Set","احترافي - الأم والطفل","B0G4CCD3KS","https://www.amazon.ae/-/en/dp/B0G4CCD3KS","https://www.amazon.ae/-/ar/dp/B0G4CCD3KS","amazon.ae","ready","Amazon.ae popularity-rank query: baby stroller"
"ORDER-371327","baby","Pro Portable Changing Mat","احترافي - الأم والطفل","B0H4TY24KM","https://www.amazon.ae/-/en/dp/B0H4TY24KM","https://www.amazon.ae/-/ar/dp/B0H4TY24KM","amazon.ae","ready","Amazon.ae popularity-rank query: baby stroller"
"ORDER-371328","baby","Pro Baby Safety Gate","احترافي - الأم والطفل","B09WR3K2SZ","https://www.amazon.ae/-/en/dp/B09WR3K2SZ","https://www.amazon.ae/-/ar/dp/B09WR3K2SZ","amazon.ae","ready","Amazon.ae popularity-rank query: baby stroller"
"ORDER-371329","baby","Pro Nursery Night Light","احترافي - الأم والطفل","B0GJCSPFYS","https://www.amazon.ae/-/en/dp/B0GJCSPFYS","https://www.amazon.ae/-/ar/dp/B0GJCSPFYS","amazon.ae","ready","Amazon.ae popularity-rank query: baby stroller"
"ORDER-371330","baby","Pro Baby Grooming Kit","احترافي - الأم والطفل","B0FC6TWQNK","https://www.amazon.ae/-/en/dp/B0FC6TWQNK","https://www.amazon.ae/-/ar/dp/B0FC6TWQNK","amazon.ae","ready","Amazon.ae popularity-rank query: baby stroller"
"ORDER-371331","baby","Compact Smart Baby Care Monitor","مدمج - الأم والطفل","B0DN5FHNT9","https://www.amazon.ae/-/en/dp/B0DN5FHNT9","https://www.amazon.ae/-/ar/dp/B0DN5FHNT9","amazon.ae","ready","Amazon.ae popularity-rank query: baby stroller"
"ORDER-371332","baby","Compact Baby Travel Organizer","مدمج - الأم والطفل","B074ZCWJ1F","https://www.amazon.ae/-/en/dp/B074ZCWJ1F","https://www.amazon.ae/-/ar/dp/B074ZCWJ1F","amazon.ae","ready","Amazon.ae popularity-rank query: baby stroller"
"ORDER-371333","baby","Compact Bottle Warmer Travel Kit","مدمج - الأم والطفل","B0F6Y14R24","https://www.amazon.ae/-/en/dp/B0F6Y14R24","https://www.amazon.ae/-/ar/dp/B0F6Y14R24","amazon.ae","ready","Amazon.ae popularity-rank query: baby stroller"
"ORDER-371334","baby","Compact Diaper Backpack","مدمج - الأم والطفل","B0G3Y9T3SZ","https://www.amazon.ae/-/en/dp/B0G3Y9T3SZ","https://www.amazon.ae/-/ar/dp/B0G3Y9T3SZ","amazon.ae","ready","Amazon.ae popularity-rank query: baby stroller"
"ORDER-371335","baby","Compact Baby Stroller Fan","مدمج - الأم والطفل","B0GLDVT26L","https://www.amazon.ae/-/en/dp/B0GLDVT26L","https://www.amazon.ae/-/ar/dp/B0GLDVT26L","amazon.ae","ready","Amazon.ae popularity-rank query: baby stroller"
"ORDER-371336","baby","Compact Baby Feeding Bottle Set","مدمج - الأم والطفل","B0BKZCGG43","https://www.amazon.ae/-/en/dp/B0BKZCGG43","https://www.amazon.ae/-/ar/dp/B0BKZCGG43","amazon.ae","ready","Amazon.ae popularity-rank query: baby stroller"
"ORDER-371337","baby","Compact Portable Changing Mat","مدمج - الأم والطفل","B0GL8F1TFY","https://www.amazon.ae/-/en/dp/B0GL8F1TFY","https://www.amazon.ae/-/ar/dp/B0GL8F1TFY","amazon.ae","ready","Amazon.ae popularity-rank query: baby stroller"
"ORDER-371338","baby","Compact Baby Safety Gate","مدمج - الأم والطفل","B0GY4R5XBB","https://www.amazon.ae/-/en/dp/B0GY4R5XBB","https://www.amazon.ae/-/ar/dp/B0GY4R5XBB","amazon.ae","ready","Amazon.ae popularity-rank query: baby stroller"
"ORDER-371339","baby","Compact Nursery Night Light","مدمج - الأم والطفل","B0F13FNMVW","https://www.amazon.ae/-/en/dp/B0F13FNMVW","https://www.amazon.ae/-/ar/dp/B0F13FNMVW","amazon.ae","ready","Amazon.ae popularity-rank query: baby stroller"
"ORDER-371340","baby","Compact Baby Grooming Kit","مدمج - الأم والطفل","B08J4Y446T","https://www.amazon.ae/-/en/dp/B08J4Y446T","https://www.amazon.ae/-/ar/dp/B08J4Y446T","amazon.ae","ready","Amazon.ae popularity-rank query: baby stroller"
"ORDER-371341","baby","Premium Smart Baby Care Monitor","فاخر - الأم والطفل","B0BPBZ8QKM","https://www.amazon.ae/-/en/dp/B0BPBZ8QKM","https://www.amazon.ae/-/ar/dp/B0BPBZ8QKM","amazon.ae","ready","Amazon.ae popularity-rank query: baby stroller"
"ORDER-371342","baby","Premium Baby Travel Organizer","فاخر - الأم والطفل","B08S54K29Z","https://www.amazon.ae/-/en/dp/B08S54K29Z","https://www.amazon.ae/-/ar/dp/B08S54K29Z","amazon.ae","ready","Amazon.ae popularity-rank query: baby stroller"
"ORDER-371343","baby","Premium Bottle Warmer Travel Kit","فاخر - الأم والطفل","B0B15BBXSJ","https://www.amazon.ae/-/en/dp/B0B15BBXSJ","https://www.amazon.ae/-/ar/dp/B0B15BBXSJ","amazon.ae","ready","Amazon.ae popularity-rank query: baby stroller"
"ORDER-371344","baby","Premium Diaper Backpack","فاخر - الأم والطفل","B0HBQT9L1K","https://www.amazon.ae/-/en/dp/B0HBQT9L1K","https://www.amazon.ae/-/ar/dp/B0HBQT9L1K","amazon.ae","ready","Amazon.ae popularity-rank query: baby stroller"
"ORDER-371345","baby","Premium Baby Stroller Fan","فاخر - الأم والطفل","B0DBQDPD88","https://www.amazon.ae/-/en/dp/B0DBQDPD88","https://www.amazon.ae/-/ar/dp/B0DBQDPD88","amazon.ae","ready","Amazon.ae popularity-rank query: baby stroller"
"ORDER-371346","baby","Premium Baby Feeding Bottle Set","فاخر - الأم والطفل","B0868SM2PW","https://www.amazon.ae/-/en/dp/B0868SM2PW","https://www.amazon.ae/-/ar/dp/B0868SM2PW","amazon.ae","ready","Amazon.ae popularity-rank query: baby stroller"
"ORDER-371347","baby","Premium Portable Changing Mat","فاخر - الأم والطفل","B0BKZCZ7CP","https://www.amazon.ae/-/en/dp/B0BKZCZ7CP","https://www.amazon.ae/-/ar/dp/B0BKZCZ7CP","amazon.ae","ready","Amazon.ae popularity-rank query: baby stroller"
"ORDER-371348","baby","Premium Baby Safety Gate","فاخر - الأم والطفل","B08S576KTX","https://www.amazon.ae/-/en/dp/B08S576KTX","https://www.amazon.ae/-/ar/dp/B08S576KTX","amazon.ae","ready","Amazon.ae popularity-rank query: baby stroller"
"ORDER-371349","baby","Premium Nursery Night Light","فاخر - الأم والطفل","B0CGTK6LH1","https://www.amazon.ae/-/en/dp/B0CGTK6LH1","https://www.amazon.ae/-/ar/dp/B0CGTK6LH1","amazon.ae","ready","Amazon.ae popularity-rank query: baby stroller"
"ORDER-371350","baby","Premium Baby Grooming Kit","فاخر - الأم والطفل","B0CB7NYGPT","https://www.amazon.ae/-/en/dp/B0CB7NYGPT","https://www.amazon.ae/-/ar/dp/B0CB7NYGPT","amazon.ae","ready","Amazon.ae popularity-rank query: baby stroller"
"ORDER-371351","baby","Travel Smart Baby Care Monitor","سفر - الأم والطفل","B0B7MFS2W4","https://www.amazon.ae/-/en/dp/B0B7MFS2W4","https://www.amazon.ae/-/ar/dp/B0B7MFS2W4","amazon.ae","ready","Amazon.ae popularity-rank query: baby stroller"
"ORDER-371352","baby","Travel Baby Travel Organizer","سفر - الأم والطفل","B0CNXPB8PH","https://www.amazon.ae/-/en/dp/B0CNXPB8PH","https://www.amazon.ae/-/ar/dp/B0CNXPB8PH","amazon.ae","ready","Amazon.ae popularity-rank query: baby stroller"
"ORDER-371353","baby","Travel Bottle Warmer Travel Kit","سفر - الأم والطفل","B0BL1B8JCB","https://www.amazon.ae/-/en/dp/B0BL1B8JCB","https://www.amazon.ae/-/ar/dp/B0BL1B8JCB","amazon.ae","ready","Amazon.ae popularity-rank query: baby stroller"
"ORDER-371354","baby","Travel Diaper Backpack","سفر - الأم والطفل","B015N4WS0M","https://www.amazon.ae/-/en/dp/B015N4WS0M","https://www.amazon.ae/-/ar/dp/B015N4WS0M","amazon.ae","ready","Amazon.ae popularity-rank query: baby stroller"
"ORDER-371355","baby","Travel Baby Stroller Fan","سفر - الأم والطفل","B0GG3YVX4W","https://www.amazon.ae/-/en/dp/B0GG3YVX4W","https://www.amazon.ae/-/ar/dp/B0GG3YVX4W","amazon.ae","ready","Amazon.ae popularity-rank query: baby stroller"
"ORDER-371356","baby","Travel Baby Feeding Bottle Set","سفر - الأم والطفل","B0DFWD2N93","https://www.amazon.ae/-/en/dp/B0DFWD2N93","https://www.amazon.ae/-/ar/dp/B0DFWD2N93","amazon.ae","ready","Amazon.ae popularity-rank query: baby stroller"
"ORDER-371357","baby","Travel Portable Changing Mat","سفر - الأم والطفل","B0DLWYPNK5","https://www.amazon.ae/-/en/dp/B0DLWYPNK5","https://www.amazon.ae/-/ar/dp/B0DLWYPNK5","amazon.ae","ready","Amazon.ae popularity-rank query: baby stroller"
"ORDER-371358","baby","Travel Baby Safety Gate","سفر - الأم والطفل","B0FQ5LXY3S","https://www.amazon.ae/-/en/dp/B0FQ5LXY3S","https://www.amazon.ae/-/ar/dp/B0FQ5LXY3S","amazon.ae","ready","Amazon.ae popularity-rank query: baby stroller"
"ORDER-371359","baby","Travel Nursery Night Light","سفر - الأم والطفل","B0CKLLZBL7","https://www.amazon.ae/-/en/dp/B0CKLLZBL7","https://www.amazon.ae/-/ar/dp/B0CKLLZBL7","amazon.ae","ready","Amazon.ae popularity-rank query: baby stroller"
"ORDER-371360","baby","Travel Baby Grooming Kit","سفر - الأم والطفل","B0CX7VG9Z7","https://www.amazon.ae/-/en/dp/B0CX7VG9Z7","https://www.amazon.ae/-/ar/dp/B0CX7VG9Z7","amazon.ae","ready","Amazon.ae popularity-rank query: baby stroller"
"ORDER-371361","health","Retail Portable Wellness Massager","تجزئة - الصحة والعافية","B0DXLXPQRP","https://www.amazon.ae/-/en/dp/B0DXLXPQRP","https://www.amazon.ae/-/ar/dp/B0DXLXPQRP","amazon.ae","ready","Amazon.ae popularity-rank query: massage gun"
"ORDER-371362","health","Retail Posture Support Belt","تجزئة - الصحة والعافية","B07Y8W62KC","https://www.amazon.ae/-/en/dp/B07Y8W62KC","https://www.amazon.ae/-/ar/dp/B07Y8W62KC","amazon.ae","ready","Amazon.ae popularity-rank query: massage gun"
"ORDER-371363","health","Retail Smart Fitness Scale","تجزئة - الصحة والعافية","B08D6691Q1","https://www.amazon.ae/-/en/dp/B08D6691Q1","https://www.amazon.ae/-/ar/dp/B08D6691Q1","amazon.ae","ready","Amazon.ae popularity-rank query: massage gun"
"ORDER-371364","health","Retail Massage Gun Set","تجزئة - الصحة والعافية","B0FT346XNP","https://www.amazon.ae/-/en/dp/B0FT346XNP","https://www.amazon.ae/-/ar/dp/B0FT346XNP","amazon.ae","ready","Amazon.ae popularity-rank query: massage gun"
"ORDER-371365","health","Retail Neck Heating Massager","تجزئة - الصحة والعافية","B0B8GTNR9M","https://www.amazon.ae/-/en/dp/B0B8GTNR9M","https://www.amazon.ae/-/ar/dp/B0B8GTNR9M","amazon.ae","ready","Amazon.ae popularity-rank query: massage gun"
"ORDER-371366","health","Retail Digital Blood Pressure Monitor","تجزئة - الصحة والعافية","B0H6HWV3JC","https://www.amazon.ae/-/en/dp/B0H6HWV3JC","https://www.amazon.ae/-/ar/dp/B0H6HWV3JC","amazon.ae","ready","Amazon.ae popularity-rank query: massage gun"
"ORDER-371367","health","Retail Walking Pad Compact Treadmill","تجزئة - الصحة والعافية","B0FJ7ZWWJH","https://www.amazon.ae/-/en/dp/B0FJ7ZWWJH","https://www.amazon.ae/-/ar/dp/B0FJ7ZWWJH","amazon.ae","ready","Amazon.ae popularity-rank query: massage gun"
"ORDER-371368","health","Retail Resistance Band Training Kit","تجزئة - الصحة والعافية","B09CDHGWW7","https://www.amazon.ae/-/en/dp/B09CDHGWW7","https://www.amazon.ae/-/ar/dp/B09CDHGWW7","amazon.ae","ready","Amazon.ae popularity-rank query: massage gun"
"ORDER-371369","health","Retail Air Quality Monitor","تجزئة - الصحة والعافية","B0CHWFJWNN","https://www.amazon.ae/-/en/dp/B0CHWFJWNN","https://www.amazon.ae/-/ar/dp/B0CHWFJWNN","amazon.ae","ready","Amazon.ae popularity-rank query: massage gun"
"ORDER-371370","health","Retail Ergonomic Office Cushion","تجزئة - الصحة والعافية","B0DSPPBSGY","https://www.amazon.ae/-/en/dp/B0DSPPBSGY","https://www.amazon.ae/-/ar/dp/B0DSPPBSGY","amazon.ae","ready","Amazon.ae popularity-rank query: massage gun"
"ORDER-371371","health","Pro Portable Wellness Massager","احترافي - الصحة والعافية","B086XCB1QP","https://www.amazon.ae/-/en/dp/B086XCB1QP","https://www.amazon.ae/-/ar/dp/B086XCB1QP","amazon.ae","ready","Amazon.ae popularity-rank query: massage gun"
"ORDER-371372","health","Pro Posture Support Belt","احترافي - الصحة والعافية","B0H6FR76BM","https://www.amazon.ae/-/en/dp/B0H6FR76BM","https://www.amazon.ae/-/ar/dp/B0H6FR76BM","amazon.ae","ready","Amazon.ae popularity-rank query: massage gun"
"ORDER-371373","health","Pro Smart Fitness Scale","احترافي - الصحة والعافية","B08M8YSFC7","https://www.amazon.ae/-/en/dp/B08M8YSFC7","https://www.amazon.ae/-/ar/dp/B08M8YSFC7","amazon.ae","ready","Amazon.ae popularity-rank query: massage gun"
"ORDER-371374","health","Pro Massage Gun Set","احترافي - الصحة والعافية","B0F9P31ZKF","https://www.amazon.ae/-/en/dp/B0F9P31ZKF","https://www.amazon.ae/-/ar/dp/B0F9P31ZKF","amazon.ae","ready","Amazon.ae popularity-rank query: massage gun"
"ORDER-371375","health","Pro Neck Heating Massager","احترافي - الصحة والعافية","B0DDYWM7PV","https://www.amazon.ae/-/en/dp/B0DDYWM7PV","https://www.amazon.ae/-/ar/dp/B0DDYWM7PV","amazon.ae","ready","Amazon.ae popularity-rank query: massage gun"
"ORDER-371376","health","Pro Digital Blood Pressure Monitor","احترافي - الصحة والعافية","B0F6YMQF2M","https://www.amazon.ae/-/en/dp/B0F6YMQF2M","https://www.amazon.ae/-/ar/dp/B0F6YMQF2M","amazon.ae","ready","Amazon.ae popularity-rank query: massage gun"
"ORDER-371377","health","Pro Walking Pad Compact Treadmill","احترافي - الصحة والعافية","B0GK1815KQ","https://www.amazon.ae/-/en/dp/B0GK1815KQ","https://www.amazon.ae/-/ar/dp/B0GK1815KQ","amazon.ae","ready","Amazon.ae popularity-rank query: massage gun"
"ORDER-371378","health","Pro Resistance Band Training Kit","احترافي - الصحة والعافية","B0FJ878B8B","https://www.amazon.ae/-/en/dp/B0FJ878B8B","https://www.amazon.ae/-/ar/dp/B0FJ878B8B","amazon.ae","ready","Amazon.ae popularity-rank query: massage gun"
"ORDER-371379","health","Pro Air Quality Monitor","احترافي - الصحة والعافية","B0D7YLHZM3","https://www.amazon.ae/-/en/dp/B0D7YLHZM3","https://www.amazon.ae/-/ar/dp/B0D7YLHZM3","amazon.ae","ready","Amazon.ae popularity-rank query: massage gun"
"ORDER-371380","health","Pro Ergonomic Office Cushion","احترافي - الصحة والعافية","B0D16W8531","https://www.amazon.ae/-/en/dp/B0D16W8531","https://www.amazon.ae/-/ar/dp/B0D16W8531","amazon.ae","ready","Amazon.ae popularity-rank query: massage gun"
"ORDER-371381","health","Compact Portable Wellness Massager","مدمج - الصحة والعافية","B0FC1PQP6P","https://www.amazon.ae/-/en/dp/B0FC1PQP6P","https://www.amazon.ae/-/ar/dp/B0FC1PQP6P","amazon.ae","ready","Amazon.ae popularity-rank query: massage gun"
"ORDER-371382","health","Compact Posture Support Belt","مدمج - الصحة والعافية","B0F9WGZ9VZ","https://www.amazon.ae/-/en/dp/B0F9WGZ9VZ","https://www.amazon.ae/-/ar/dp/B0F9WGZ9VZ","amazon.ae","ready","Amazon.ae popularity-rank query: massage gun"
"ORDER-371383","health","Compact Smart Fitness Scale","مدمج - الصحة والعافية","B0CJLR48P2","https://www.amazon.ae/-/en/dp/B0CJLR48P2","https://www.amazon.ae/-/ar/dp/B0CJLR48P2","amazon.ae","ready","Amazon.ae popularity-rank query: massage gun"
"ORDER-371384","health","Compact Massage Gun Set","مدمج - الصحة والعافية","B08CKWVYMF","https://www.amazon.ae/-/en/dp/B08CKWVYMF","https://www.amazon.ae/-/ar/dp/B08CKWVYMF","amazon.ae","ready","Amazon.ae popularity-rank query: massage gun"
"ORDER-371385","health","Compact Neck Heating Massager","مدمج - الصحة والعافية","B0BYYPXLM5","https://www.amazon.ae/-/en/dp/B0BYYPXLM5","https://www.amazon.ae/-/ar/dp/B0BYYPXLM5","amazon.ae","ready","Amazon.ae popularity-rank query: massage gun"
"ORDER-371386","health","Compact Digital Blood Pressure Monitor","مدمج - الصحة والعافية","B09SGHXLVW","https://www.amazon.ae/-/en/dp/B09SGHXLVW","https://www.amazon.ae/-/ar/dp/B09SGHXLVW","amazon.ae","ready","Amazon.ae popularity-rank query: massage gun"
"ORDER-371387","health","Compact Walking Pad Compact Treadmill","مدمج - الصحة والعافية","B0DK575Q4H","https://www.amazon.ae/-/en/dp/B0DK575Q4H","https://www.amazon.ae/-/ar/dp/B0DK575Q4H","amazon.ae","ready","Amazon.ae popularity-rank query: massage gun"
"ORDER-371388","health","Compact Resistance Band Training Kit","مدمج - الصحة والعافية","B0C1MZ7C9P","https://www.amazon.ae/-/en/dp/B0C1MZ7C9P","https://www.amazon.ae/-/ar/dp/B0C1MZ7C9P","amazon.ae","ready","Amazon.ae popularity-rank query: massage gun"
"ORDER-371389","health","Compact Air Quality Monitor","مدمج - الصحة والعافية","B0F1TMXYVY","https://www.amazon.ae/-/en/dp/B0F1TMXYVY","https://www.amazon.ae/-/ar/dp/B0F1TMXYVY","amazon.ae","ready","Amazon.ae popularity-rank query: massage gun"
"ORDER-371390","health","Compact Ergonomic Office Cushion","مدمج - الصحة والعافية","B0DQ1BX28X","https://www.amazon.ae/-/en/dp/B0DQ1BX28X","https://www.amazon.ae/-/ar/dp/B0DQ1BX28X","amazon.ae","ready","Amazon.ae popularity-rank query: massage gun"
"ORDER-371391","health","Premium Portable Wellness Massager","فاخر - الصحة والعافية","B09LQ6DY5Z","https://www.amazon.ae/-/en/dp/B09LQ6DY5Z","https://www.amazon.ae/-/ar/dp/B09LQ6DY5Z","amazon.ae","ready","Amazon.ae popularity-rank query: massage gun"
"ORDER-371392","health","Premium Posture Support Belt","فاخر - الصحة والعافية","B0GWD9W79W","https://www.amazon.ae/-/en/dp/B0GWD9W79W","https://www.amazon.ae/-/ar/dp/B0GWD9W79W","amazon.ae","ready","Amazon.ae popularity-rank query: massage gun"
"ORDER-371393","health","Premium Smart Fitness Scale","فاخر - الصحة والعافية","B09TWPX9N5","https://www.amazon.ae/-/en/dp/B09TWPX9N5","https://www.amazon.ae/-/ar/dp/B09TWPX9N5","amazon.ae","ready","Amazon.ae popularity-rank query: massage gun"
"ORDER-371394","health","Premium Massage Gun Set","فاخر - الصحة والعافية","B0DRY6JP9D","https://www.amazon.ae/-/en/dp/B0DRY6JP9D","https://www.amazon.ae/-/ar/dp/B0DRY6JP9D","amazon.ae","ready","Amazon.ae popularity-rank query: massage gun"
"ORDER-371395","health","Premium Neck Heating Massager","فاخر - الصحة والعافية","B0FS7XSQJX","https://www.amazon.ae/-/en/dp/B0FS7XSQJX","https://www.amazon.ae/-/ar/dp/B0FS7XSQJX","amazon.ae","ready","Amazon.ae popularity-rank query: massage gun"
"ORDER-371396","health","Premium Digital Blood Pressure Monitor","فاخر - الصحة والعافية","B0D4MCQM3D","https://www.amazon.ae/-/en/dp/B0D4MCQM3D","https://www.amazon.ae/-/ar/dp/B0D4MCQM3D","amazon.ae","ready","Amazon.ae popularity-rank query: massage gun"
"ORDER-371397","health","Premium Walking Pad Compact Treadmill","فاخر - الصحة والعافية","B08ZD19WYL","https://www.amazon.ae/-/en/dp/B08ZD19WYL","https://www.amazon.ae/-/ar/dp/B08ZD19WYL","amazon.ae","ready","Amazon.ae popularity-rank query: massage gun"
"ORDER-371398","health","Premium Resistance Band Training Kit","فاخر - الصحة والعافية","B0CZP1D7CX","https://www.amazon.ae/-/en/dp/B0CZP1D7CX","https://www.amazon.ae/-/ar/dp/B0CZP1D7CX","amazon.ae","ready","Amazon.ae popularity-rank query: massage gun"
"ORDER-371399","health","Premium Air Quality Monitor","فاخر - الصحة والعافية","B0BG56G526","https://www.amazon.ae/-/en/dp/B0BG56G526","https://www.amazon.ae/-/ar/dp/B0BG56G526","amazon.ae","ready","Amazon.ae popularity-rank query: massage gun"
"ORDER-371400","health","Premium Ergonomic Office Cushion","فاخر - الصحة والعافية","B0H1WJZK57","https://www.amazon.ae/-/en/dp/B0H1WJZK57","https://www.amazon.ae/-/ar/dp/B0H1WJZK57","amazon.ae","ready","Amazon.ae popularity-rank query: massage gun"
"ORDER-371401","health","Travel Portable Wellness Massager","سفر - الصحة والعافية","B0DFLPJ29F","https://www.amazon.ae/-/en/dp/B0DFLPJ29F","https://www.amazon.ae/-/ar/dp/B0DFLPJ29F","amazon.ae","ready","Amazon.ae popularity-rank query: massage gun"
"ORDER-371402","health","Travel Posture Support Belt","سفر - الصحة والعافية","B0CXDJG382","https://www.amazon.ae/-/en/dp/B0CXDJG382","https://www.amazon.ae/-/ar/dp/B0CXDJG382","amazon.ae","ready","Amazon.ae popularity-rank query: massage gun"
"ORDER-371403","health","Travel Smart Fitness Scale","سفر - الصحة والعافية","B0CH1PNSF1","https://www.amazon.ae/-/en/dp/B0CH1PNSF1","https://www.amazon.ae/-/ar/dp/B0CH1PNSF1","amazon.ae","ready","Amazon.ae popularity-rank query: massage gun"
"ORDER-371404","health","Travel Massage Gun Set","سفر - الصحة والعافية","B09FJ1NHH6","https://www.amazon.ae/-/en/dp/B09FJ1NHH6","https://www.amazon.ae/-/ar/dp/B09FJ1NHH6","amazon.ae","ready","Amazon.ae popularity-rank query: massage gun"
"ORDER-371405","health","Travel Neck Heating Massager","سفر - الصحة والعافية","B0D16TYXYL","https://www.amazon.ae/-/en/dp/B0D16TYXYL","https://www.amazon.ae/-/ar/dp/B0D16TYXYL","amazon.ae","ready","Amazon.ae popularity-rank query: massage gun"
"ORDER-371406","health","Travel Digital Blood Pressure Monitor","سفر - الصحة والعافية","B09W737GFR","https://www.amazon.ae/-/en/dp/B09W737GFR","https://www.amazon.ae/-/ar/dp/B09W737GFR","amazon.ae","ready","Amazon.ae popularity-rank query: massage gun"
"ORDER-371407","health","Travel Walking Pad Compact Treadmill","سفر - الصحة والعافية","B0BMW2YBM1","https://www.amazon.ae/-/en/dp/B0BMW2YBM1","https://www.amazon.ae/-/ar/dp/B0BMW2YBM1","amazon.ae","ready","Amazon.ae popularity-rank query: massage gun"
"ORDER-371408","health","Travel Resistance Band Training Kit","سفر - الصحة والعافية","B0CQ6Z571K","https://www.amazon.ae/-/en/dp/B0CQ6Z571K","https://www.amazon.ae/-/ar/dp/B0CQ6Z571K","amazon.ae","ready","Amazon.ae popularity-rank query: massage gun"
"ORDER-371409","health","Travel Air Quality Monitor","سفر - الصحة والعافية","B0GHN6JC8F","https://www.amazon.ae/-/en/dp/B0GHN6JC8F","https://www.amazon.ae/-/ar/dp/B0GHN6JC8F","amazon.ae","ready","Amazon.ae popularity-rank query: massage gun"
"ORDER-371410","health","Travel Ergonomic Office Cushion","سفر - الصحة والعافية","B0C9DX5RFY","https://www.amazon.ae/-/en/dp/B0C9DX5RFY","https://www.amazon.ae/-/ar/dp/B0C9DX5RFY","amazon.ae","ready","Amazon.ae popularity-rank query: massage gun"
"ORDER-371411","sports","Retail Outdoor Cooling Gear","تجزئة - رياضة وخارج المنزل","B0DFH1NYR6","https://www.amazon.ae/-/en/dp/B0DFH1NYR6","https://www.amazon.ae/-/ar/dp/B0DFH1NYR6","amazon.ae","ready","Amazon.ae popularity-rank query: fitness equipment"
"ORDER-371412","sports","Retail Foldable Camping Chair","تجزئة - رياضة وخارج المنزل","B0DFH38CZW","https://www.amazon.ae/-/en/dp/B0DFH38CZW","https://www.amazon.ae/-/ar/dp/B0DFH38CZW","amazon.ae","ready","Amazon.ae popularity-rank query: fitness equipment"
"ORDER-371413","sports","Retail Hydration Fitness Pack","تجزئة - رياضة وخارج المنزل","B0DKTBD4Z4","https://www.amazon.ae/-/en/dp/B0DKTBD4Z4","https://www.amazon.ae/-/ar/dp/B0DKTBD4Z4","amazon.ae","ready","Amazon.ae popularity-rank query: fitness equipment"
"ORDER-371414","sports","Retail Padel Racket Starter Set","تجزئة - رياضة وخارج المنزل","B08771KKSK","https://www.amazon.ae/-/en/dp/B08771KKSK","https://www.amazon.ae/-/ar/dp/B08771KKSK","amazon.ae","ready","Amazon.ae popularity-rank query: fitness equipment"
"ORDER-371415","sports","Retail Yoga Mat Fitness Kit","تجزئة - رياضة وخارج المنزل","B07C5JKDY2","https://www.amazon.ae/-/en/dp/B07C5JKDY2","https://www.amazon.ae/-/ar/dp/B07C5JKDY2","amazon.ae","ready","Amazon.ae popularity-rank query: fitness equipment"
"ORDER-371416","sports","Retail Adjustable Dumbbell Set","تجزئة - رياضة وخارج المنزل","B09CR1CVW7","https://www.amazon.ae/-/en/dp/B09CR1CVW7","https://www.amazon.ae/-/ar/dp/B09CR1CVW7","amazon.ae","ready","Amazon.ae popularity-rank query: fitness equipment"
"ORDER-371417","sports","Retail Camping Lantern Power Bank","تجزئة - رياضة وخارج المنزل","B0BYRN685G","https://www.amazon.ae/-/en/dp/B0BYRN685G","https://www.amazon.ae/-/ar/dp/B0BYRN685G","amazon.ae","ready","Amazon.ae popularity-rank query: fitness equipment"
"ORDER-371418","sports","Retail Cooling Sports Towel Pack","تجزئة - رياضة وخارج المنزل","B087H1RD62","https://www.amazon.ae/-/en/dp/B087H1RD62","https://www.amazon.ae/-/ar/dp/B087H1RD62","amazon.ae","ready","Amazon.ae popularity-rank query: fitness equipment"
"ORDER-371419","sports","Retail Insulated Water Bottle Set","تجزئة - رياضة وخارج المنزل","B0BV69S13W","https://www.amazon.ae/-/en/dp/B0BV69S13W","https://www.amazon.ae/-/ar/dp/B0BV69S13W","amazon.ae","ready","Amazon.ae popularity-rank query: fitness equipment"
"ORDER-371420","sports","Retail Portable Beach Shade","تجزئة - رياضة وخارج المنزل","B0FRGDM3LW","https://www.amazon.ae/-/en/dp/B0FRGDM3LW","https://www.amazon.ae/-/ar/dp/B0FRGDM3LW","amazon.ae","ready","Amazon.ae popularity-rank query: fitness equipment"
"ORDER-371421","sports","Pro Outdoor Cooling Gear","احترافي - رياضة وخارج المنزل","B0CDDYXM6X","https://www.amazon.ae/-/en/dp/B0CDDYXM6X","https://www.amazon.ae/-/ar/dp/B0CDDYXM6X","amazon.ae","ready","Amazon.ae popularity-rank query: fitness equipment"
"ORDER-371422","sports","Pro Foldable Camping Chair","احترافي - رياضة وخارج المنزل","B09JG96CB7","https://www.amazon.ae/-/en/dp/B09JG96CB7","https://www.amazon.ae/-/ar/dp/B09JG96CB7","amazon.ae","ready","Amazon.ae popularity-rank query: fitness equipment"
"ORDER-371423","sports","Pro Hydration Fitness Pack","احترافي - رياضة وخارج المنزل","B07L9WLKZQ","https://www.amazon.ae/-/en/dp/B07L9WLKZQ","https://www.amazon.ae/-/ar/dp/B07L9WLKZQ","amazon.ae","ready","Amazon.ae popularity-rank query: fitness equipment"
"ORDER-371424","sports","Pro Padel Racket Starter Set","احترافي - رياضة وخارج المنزل","B07F25L7QK","https://www.amazon.ae/-/en/dp/B07F25L7QK","https://www.amazon.ae/-/ar/dp/B07F25L7QK","amazon.ae","ready","Amazon.ae popularity-rank query: fitness equipment"
"ORDER-371425","sports","Pro Yoga Mat Fitness Kit","احترافي - رياضة وخارج المنزل","B0D49XB8BR","https://www.amazon.ae/-/en/dp/B0D49XB8BR","https://www.amazon.ae/-/ar/dp/B0D49XB8BR","amazon.ae","ready","Amazon.ae popularity-rank query: fitness equipment"
"ORDER-371426","sports","Pro Adjustable Dumbbell Set","احترافي - رياضة وخارج المنزل","B0C34ZWCXH","https://www.amazon.ae/-/en/dp/B0C34ZWCXH","https://www.amazon.ae/-/ar/dp/B0C34ZWCXH","amazon.ae","ready","Amazon.ae popularity-rank query: fitness equipment"
"ORDER-371427","sports","Pro Camping Lantern Power Bank","احترافي - رياضة وخارج المنزل","B0C3JJQ9TN","https://www.amazon.ae/-/en/dp/B0C3JJQ9TN","https://www.amazon.ae/-/ar/dp/B0C3JJQ9TN","amazon.ae","ready","Amazon.ae popularity-rank query: fitness equipment"
"ORDER-371428","sports","Pro Cooling Sports Towel Pack","احترافي - رياضة وخارج المنزل","B0CK28J3X2","https://www.amazon.ae/-/en/dp/B0CK28J3X2","https://www.amazon.ae/-/ar/dp/B0CK28J3X2","amazon.ae","ready","Amazon.ae popularity-rank query: fitness equipment"
"ORDER-371429","sports","Pro Insulated Water Bottle Set","احترافي - رياضة وخارج المنزل","B0D4LBQZ36","https://www.amazon.ae/-/en/dp/B0D4LBQZ36","https://www.amazon.ae/-/ar/dp/B0D4LBQZ36","amazon.ae","ready","Amazon.ae popularity-rank query: fitness equipment"
"ORDER-371430","sports","Pro Portable Beach Shade","احترافي - رياضة وخارج المنزل","B0BX5Y5HLN","https://www.amazon.ae/-/en/dp/B0BX5Y5HLN","https://www.amazon.ae/-/ar/dp/B0BX5Y5HLN","amazon.ae","ready","Amazon.ae popularity-rank query: fitness equipment"
"ORDER-371431","sports","Compact Outdoor Cooling Gear","مدمج - رياضة وخارج المنزل","B0D7CGZB44","https://www.amazon.ae/-/en/dp/B0D7CGZB44","https://www.amazon.ae/-/ar/dp/B0D7CGZB44","amazon.ae","ready","Amazon.ae popularity-rank query: fitness equipment"
"ORDER-371432","sports","Compact Foldable Camping Chair","مدمج - رياضة وخارج المنزل","B0G2BX6LFN","https://www.amazon.ae/-/en/dp/B0G2BX6LFN","https://www.amazon.ae/-/ar/dp/B0G2BX6LFN","amazon.ae","ready","Amazon.ae popularity-rank query: fitness equipment"
"ORDER-371433","sports","Compact Hydration Fitness Pack","مدمج - رياضة وخارج المنزل","B08NGB86H9","https://www.amazon.ae/-/en/dp/B08NGB86H9","https://www.amazon.ae/-/ar/dp/B08NGB86H9","amazon.ae","ready","Amazon.ae popularity-rank query: fitness equipment"
"ORDER-371434","sports","Compact Padel Racket Starter Set","مدمج - رياضة وخارج المنزل","B01N5WDPR3","https://www.amazon.ae/-/en/dp/B01N5WDPR3","https://www.amazon.ae/-/ar/dp/B01N5WDPR3","amazon.ae","ready","Amazon.ae popularity-rank query: fitness equipment"
"ORDER-371435","sports","Compact Yoga Mat Fitness Kit","مدمج - رياضة وخارج المنزل","B06XCCDV49","https://www.amazon.ae/-/en/dp/B06XCCDV49","https://www.amazon.ae/-/ar/dp/B06XCCDV49","amazon.ae","ready","Amazon.ae popularity-rank query: fitness equipment"
"ORDER-371436","sports","Compact Adjustable Dumbbell Set","مدمج - رياضة وخارج المنزل","B0D6DYR4DY","https://www.amazon.ae/-/en/dp/B0D6DYR4DY","https://www.amazon.ae/-/ar/dp/B0D6DYR4DY","amazon.ae","ready","Amazon.ae popularity-rank query: fitness equipment"
"ORDER-371437","sports","Compact Camping Lantern Power Bank","مدمج - رياضة وخارج المنزل","B0GVYNFCHW","https://www.amazon.ae/-/en/dp/B0GVYNFCHW","https://www.amazon.ae/-/ar/dp/B0GVYNFCHW","amazon.ae","ready","Amazon.ae popularity-rank query: fitness equipment"
"ORDER-371438","sports","Compact Cooling Sports Towel Pack","مدمج - رياضة وخارج المنزل","B01C64171I","https://www.amazon.ae/-/en/dp/B01C64171I","https://www.amazon.ae/-/ar/dp/B01C64171I","amazon.ae","ready","Amazon.ae popularity-rank query: fitness equipment"
"ORDER-371439","sports","Compact Insulated Water Bottle Set","مدمج - رياضة وخارج المنزل","B07V2FYSRB","https://www.amazon.ae/-/en/dp/B07V2FYSRB","https://www.amazon.ae/-/ar/dp/B07V2FYSRB","amazon.ae","ready","Amazon.ae popularity-rank query: fitness equipment"
"ORDER-371440","sports","Compact Portable Beach Shade","مدمج - رياضة وخارج المنزل","B0876ZY2VB","https://www.amazon.ae/-/en/dp/B0876ZY2VB","https://www.amazon.ae/-/ar/dp/B0876ZY2VB","amazon.ae","ready","Amazon.ae popularity-rank query: fitness equipment"
"ORDER-371441","sports","Premium Outdoor Cooling Gear","فاخر - رياضة وخارج المنزل","B0FTNMZB4L","https://www.amazon.ae/-/en/dp/B0FTNMZB4L","https://www.amazon.ae/-/ar/dp/B0FTNMZB4L","amazon.ae","ready","Amazon.ae popularity-rank query: fitness equipment"
"ORDER-371442","sports","Premium Foldable Camping Chair","فاخر - رياضة وخارج المنزل","B0DQWK7F7J","https://www.amazon.ae/-/en/dp/B0DQWK7F7J","https://www.amazon.ae/-/ar/dp/B0DQWK7F7J","amazon.ae","ready","Amazon.ae popularity-rank query: fitness equipment"
"ORDER-371443","sports","Premium Hydration Fitness Pack","فاخر - رياضة وخارج المنزل","B0DKXBHFKR","https://www.amazon.ae/-/en/dp/B0DKXBHFKR","https://www.amazon.ae/-/ar/dp/B0DKXBHFKR","amazon.ae","ready","Amazon.ae popularity-rank query: fitness equipment"
"ORDER-371444","sports","Premium Padel Racket Starter Set","فاخر - رياضة وخارج المنزل","B0B9HN7KCB","https://www.amazon.ae/-/en/dp/B0B9HN7KCB","https://www.amazon.ae/-/ar/dp/B0B9HN7KCB","amazon.ae","ready","Amazon.ae popularity-rank query: fitness equipment"
"ORDER-371445","sports","Premium Yoga Mat Fitness Kit","فاخر - رياضة وخارج المنزل","B09DF9NWC7","https://www.amazon.ae/-/en/dp/B09DF9NWC7","https://www.amazon.ae/-/ar/dp/B09DF9NWC7","amazon.ae","ready","Amazon.ae popularity-rank query: fitness equipment"
"ORDER-371446","sports","Premium Adjustable Dumbbell Set","فاخر - رياضة وخارج المنزل","B0FGXCZD86","https://www.amazon.ae/-/en/dp/B0FGXCZD86","https://www.amazon.ae/-/ar/dp/B0FGXCZD86","amazon.ae","ready","Amazon.ae popularity-rank query: fitness equipment"
"ORDER-371447","sports","Premium Camping Lantern Power Bank","فاخر - رياضة وخارج المنزل","B0BM9GLVF8","https://www.amazon.ae/-/en/dp/B0BM9GLVF8","https://www.amazon.ae/-/ar/dp/B0BM9GLVF8","amazon.ae","ready","Amazon.ae popularity-rank query: fitness equipment"
"ORDER-371448","sports","Premium Cooling Sports Towel Pack","فاخر - رياضة وخارج المنزل","B01BKV87T8","https://www.amazon.ae/-/en/dp/B01BKV87T8","https://www.amazon.ae/-/ar/dp/B01BKV87T8","amazon.ae","ready","Amazon.ae popularity-rank query: fitness equipment"
"ORDER-371449","sports","Premium Insulated Water Bottle Set","فاخر - رياضة وخارج المنزل","B0FVSNCP31","https://www.amazon.ae/-/en/dp/B0FVSNCP31","https://www.amazon.ae/-/ar/dp/B0FVSNCP31","amazon.ae","ready","Amazon.ae popularity-rank query: fitness equipment"
"ORDER-371450","sports","Premium Portable Beach Shade","فاخر - رياضة وخارج المنزل","B077HV3RW5","https://www.amazon.ae/-/en/dp/B077HV3RW5","https://www.amazon.ae/-/ar/dp/B077HV3RW5","amazon.ae","ready","Amazon.ae popularity-rank query: fitness equipment"
"ORDER-371451","sports","Travel Outdoor Cooling Gear","سفر - رياضة وخارج المنزل","B087NBWHFG","https://www.amazon.ae/-/en/dp/B087NBWHFG","https://www.amazon.ae/-/ar/dp/B087NBWHFG","amazon.ae","ready","Amazon.ae popularity-rank query: fitness equipment"
"ORDER-371452","sports","Travel Foldable Camping Chair","سفر - رياضة وخارج المنزل","B0H5B2PZY5","https://www.amazon.ae/-/en/dp/B0H5B2PZY5","https://www.amazon.ae/-/ar/dp/B0H5B2PZY5","amazon.ae","ready","Amazon.ae popularity-rank query: fitness equipment"
"ORDER-371453","sports","Travel Hydration Fitness Pack","سفر - رياضة وخارج المنزل","B0F995NB66","https://www.amazon.ae/-/en/dp/B0F995NB66","https://www.amazon.ae/-/ar/dp/B0F995NB66","amazon.ae","ready","Amazon.ae popularity-rank query: fitness equipment"
"ORDER-371454","sports","Travel Padel Racket Starter Set","سفر - رياضة وخارج المنزل","B0894F2GRV","https://www.amazon.ae/-/en/dp/B0894F2GRV","https://www.amazon.ae/-/ar/dp/B0894F2GRV","amazon.ae","ready","Amazon.ae popularity-rank query: fitness equipment"
"ORDER-371455","sports","Travel Yoga Mat Fitness Kit","سفر - رياضة وخارج المنزل","B0FRFYGQFK","https://www.amazon.ae/-/en/dp/B0FRFYGQFK","https://www.amazon.ae/-/ar/dp/B0FRFYGQFK","amazon.ae","ready","Amazon.ae popularity-rank query: fitness equipment"
"ORDER-371456","sports","Travel Adjustable Dumbbell Set","سفر - رياضة وخارج المنزل","B0DXK47C44","https://www.amazon.ae/-/en/dp/B0DXK47C44","https://www.amazon.ae/-/ar/dp/B0DXK47C44","amazon.ae","ready","Amazon.ae popularity-rank query: fitness equipment"
"ORDER-371457","sports","Travel Camping Lantern Power Bank","سفر - رياضة وخارج المنزل","B0FLNJRXK4","https://www.amazon.ae/-/en/dp/B0FLNJRXK4","https://www.amazon.ae/-/ar/dp/B0FLNJRXK4","amazon.ae","ready","Amazon.ae popularity-rank query: fitness equipment"
"ORDER-371458","sports","Travel Cooling Sports Towel Pack","سفر - رياضة وخارج المنزل","B01B3C8HMQ","https://www.amazon.ae/-/en/dp/B01B3C8HMQ","https://www.amazon.ae/-/ar/dp/B01B3C8HMQ","amazon.ae","ready","Amazon.ae popularity-rank query: fitness equipment"
"ORDER-371459","sports","Travel Insulated Water Bottle Set","سفر - رياضة وخارج المنزل","B0FM3KQG2B","https://www.amazon.ae/-/en/dp/B0FM3KQG2B","https://www.amazon.ae/-/ar/dp/B0FM3KQG2B","amazon.ae","ready","Amazon.ae popularity-rank query: fitness equipment"
"ORDER-371460","sports","Travel Portable Beach Shade","سفر - رياضة وخارج المنزل","B0F4DBLNHT","https://www.amazon.ae/-/en/dp/B0F4DBLNHT","https://www.amazon.ae/-/ar/dp/B0F4DBLNHT","amazon.ae","ready","Amazon.ae popularity-rank query: fitness equipment"
"ORDER-371461","creator","Retail Live Commerce Creator Kit","تجزئة - أدوات التجارة المباشرة","B01N0OJPXC","https://www.amazon.ae/-/en/dp/B01N0OJPXC","https://www.amazon.ae/-/ar/dp/B01N0OJPXC","amazon.ae","ready","Amazon.ae popularity-rank query: ring light"
"ORDER-371462","creator","Retail Portable Studio Light","تجزئة - أدوات التجارة المباشرة","B07TL6Z8LK","https://www.amazon.ae/-/en/dp/B07TL6Z8LK","https://www.amazon.ae/-/ar/dp/B07TL6Z8LK","amazon.ae","ready","Amazon.ae popularity-rank query: ring light"
"ORDER-371463","creator","Retail Wireless Lavalier Mic Set","تجزئة - أدوات التجارة المباشرة","B0BYSCHM81","https://www.amazon.ae/-/en/dp/B0BYSCHM81","https://www.amazon.ae/-/ar/dp/B0BYSCHM81","amazon.ae","ready","Amazon.ae popularity-rank query: ring light"
"ORDER-371464","creator","Retail Product Photo Light Box","تجزئة - أدوات التجارة المباشرة","B0GVFWQH59","https://www.amazon.ae/-/en/dp/B0GVFWQH59","https://www.amazon.ae/-/ar/dp/B0GVFWQH59","amazon.ae","ready","Amazon.ae popularity-rank query: ring light"
"ORDER-371465","creator","Retail Phone Tripod With Remote","تجزئة - أدوات التجارة المباشرة","B0CQWQ6ZP4","https://www.amazon.ae/-/en/dp/B0CQWQ6ZP4","https://www.amazon.ae/-/ar/dp/B0CQWQ6ZP4","amazon.ae","ready","Amazon.ae popularity-rank query: ring light"
"ORDER-371466","creator","Retail Desktop Teleprompter Kit","تجزئة - أدوات التجارة المباشرة","B09W8QRPBD","https://www.amazon.ae/-/en/dp/B09W8QRPBD","https://www.amazon.ae/-/ar/dp/B09W8QRPBD","amazon.ae","ready","Amazon.ae popularity-rank query: ring light"
"ORDER-371467","creator","Retail RGB Background Light Bar","تجزئة - أدوات التجارة المباشرة","B0CSW9LSN8","https://www.amazon.ae/-/en/dp/B0CSW9LSN8","https://www.amazon.ae/-/ar/dp/B0CSW9LSN8","amazon.ae","ready","Amazon.ae popularity-rank query: ring light"
"ORDER-371468","creator","Retail Mobile Gimbal Stabilizer","تجزئة - أدوات التجارة المباشرة","B082XNZPF7","https://www.amazon.ae/-/en/dp/B082XNZPF7","https://www.amazon.ae/-/ar/dp/B082XNZPF7","amazon.ae","ready","Amazon.ae popularity-rank query: ring light"
"ORDER-371469","creator","Retail USB Podcast Microphone","تجزئة - أدوات التجارة المباشرة","B0FJ1Y3B7J","https://www.amazon.ae/-/en/dp/B0FJ1Y3B7J","https://www.amazon.ae/-/ar/dp/B0FJ1Y3B7J","amazon.ae","ready","Amazon.ae popularity-rank query: ring light"
"ORDER-371470","creator","Retail Green Screen Backdrop Set","تجزئة - أدوات التجارة المباشرة","B0FY3598V6","https://www.amazon.ae/-/en/dp/B0FY3598V6","https://www.amazon.ae/-/ar/dp/B0FY3598V6","amazon.ae","ready","Amazon.ae popularity-rank query: ring light"
"ORDER-371471","creator","Pro Live Commerce Creator Kit","احترافي - أدوات التجارة المباشرة","B0CS36S6DY","https://www.amazon.ae/-/en/dp/B0CS36S6DY","https://www.amazon.ae/-/ar/dp/B0CS36S6DY","amazon.ae","ready","Amazon.ae popularity-rank query: ring light"
"ORDER-371472","creator","Pro Portable Studio Light","احترافي - أدوات التجارة المباشرة","B0BY2NYNSC","https://www.amazon.ae/-/en/dp/B0BY2NYNSC","https://www.amazon.ae/-/ar/dp/B0BY2NYNSC","amazon.ae","ready","Amazon.ae popularity-rank query: ring light"
"ORDER-371473","creator","Pro Wireless Lavalier Mic Set","احترافي - أدوات التجارة المباشرة","B08BCH841V","https://www.amazon.ae/-/en/dp/B08BCH841V","https://www.amazon.ae/-/ar/dp/B08BCH841V","amazon.ae","ready","Amazon.ae popularity-rank query: ring light"
"ORDER-371474","creator","Pro Product Photo Light Box","احترافي - أدوات التجارة المباشرة","B082WCSVJ9","https://www.amazon.ae/-/en/dp/B082WCSVJ9","https://www.amazon.ae/-/ar/dp/B082WCSVJ9","amazon.ae","ready","Amazon.ae popularity-rank query: ring light"
"ORDER-371475","creator","Pro Phone Tripod With Remote","احترافي - أدوات التجارة المباشرة","B0CRYXTZH8","https://www.amazon.ae/-/en/dp/B0CRYXTZH8","https://www.amazon.ae/-/ar/dp/B0CRYXTZH8","amazon.ae","ready","Amazon.ae popularity-rank query: ring light"
"ORDER-371476","creator","Pro Desktop Teleprompter Kit","احترافي - أدوات التجارة المباشرة","B08YJPJLFV","https://www.amazon.ae/-/en/dp/B08YJPJLFV","https://www.amazon.ae/-/ar/dp/B08YJPJLFV","amazon.ae","ready","Amazon.ae popularity-rank query: ring light"
"ORDER-371477","creator","Pro RGB Background Light Bar","احترافي - أدوات التجارة المباشرة","B08B3X7NXC","https://www.amazon.ae/-/en/dp/B08B3X7NXC","https://www.amazon.ae/-/ar/dp/B08B3X7NXC","amazon.ae","ready","Amazon.ae popularity-rank query: ring light"
"ORDER-371478","creator","Pro Mobile Gimbal Stabilizer","احترافي - أدوات التجارة المباشرة","B0DCSHSSFF","https://www.amazon.ae/-/en/dp/B0DCSHSSFF","https://www.amazon.ae/-/ar/dp/B0DCSHSSFF","amazon.ae","ready","Amazon.ae popularity-rank query: ring light"
"ORDER-371479","creator","Pro USB Podcast Microphone","احترافي - أدوات التجارة المباشرة","B0CQW9XDNV","https://www.amazon.ae/-/en/dp/B0CQW9XDNV","https://www.amazon.ae/-/ar/dp/B0CQW9XDNV","amazon.ae","ready","Amazon.ae popularity-rank query: ring light"
"ORDER-371480","creator","Pro Green Screen Backdrop Set","احترافي - أدوات التجارة المباشرة","B08JPCSDMP","https://www.amazon.ae/-/en/dp/B08JPCSDMP","https://www.amazon.ae/-/ar/dp/B08JPCSDMP","amazon.ae","ready","Amazon.ae popularity-rank query: ring light"
"ORDER-371481","creator","Compact Live Commerce Creator Kit","مدمج - أدوات التجارة المباشرة","B09ZNNY165","https://www.amazon.ae/-/en/dp/B09ZNNY165","https://www.amazon.ae/-/ar/dp/B09ZNNY165","amazon.ae","ready","Amazon.ae popularity-rank query: ring light"
"ORDER-371482","creator","Compact Portable Studio Light","مدمج - أدوات التجارة المباشرة","B0H4QJDWK7","https://www.amazon.ae/-/en/dp/B0H4QJDWK7","https://www.amazon.ae/-/ar/dp/B0H4QJDWK7","amazon.ae","ready","Amazon.ae popularity-rank query: ring light"
"ORDER-371483","creator","Compact Wireless Lavalier Mic Set","مدمج - أدوات التجارة المباشرة","B07MMM888W","https://www.amazon.ae/-/en/dp/B07MMM888W","https://www.amazon.ae/-/ar/dp/B07MMM888W","amazon.ae","ready","Amazon.ae popularity-rank query: ring light"
"ORDER-371484","creator","Compact Product Photo Light Box","مدمج - أدوات التجارة المباشرة","B08NSQ83JV","https://www.amazon.ae/-/en/dp/B08NSQ83JV","https://www.amazon.ae/-/ar/dp/B08NSQ83JV","amazon.ae","ready","Amazon.ae popularity-rank query: ring light"
"ORDER-371485","creator","Compact Phone Tripod With Remote","مدمج - أدوات التجارة المباشرة","B0DKFD62VN","https://www.amazon.ae/-/en/dp/B0DKFD62VN","https://www.amazon.ae/-/ar/dp/B0DKFD62VN","amazon.ae","ready","Amazon.ae popularity-rank query: ring light"
"ORDER-371486","creator","Compact Desktop Teleprompter Kit","مدمج - أدوات التجارة المباشرة","B0FW4RT7TS","https://www.amazon.ae/-/en/dp/B0FW4RT7TS","https://www.amazon.ae/-/ar/dp/B0FW4RT7TS","amazon.ae","ready","Amazon.ae popularity-rank query: ring light"
"ORDER-371487","creator","Compact RGB Background Light Bar","مدمج - أدوات التجارة المباشرة","B0DGX6CH17","https://www.amazon.ae/-/en/dp/B0DGX6CH17","https://www.amazon.ae/-/ar/dp/B0DGX6CH17","amazon.ae","ready","Amazon.ae popularity-rank query: ring light"
"ORDER-371488","creator","Compact Mobile Gimbal Stabilizer","مدمج - أدوات التجارة المباشرة","B0G2SKQYB8","https://www.amazon.ae/-/en/dp/B0G2SKQYB8","https://www.amazon.ae/-/ar/dp/B0G2SKQYB8","amazon.ae","ready","Amazon.ae popularity-rank query: ring light"
"ORDER-371489","creator","Compact USB Podcast Microphone","مدمج - أدوات التجارة المباشرة","B0D2566PLT","https://www.amazon.ae/-/en/dp/B0D2566PLT","https://www.amazon.ae/-/ar/dp/B0D2566PLT","amazon.ae","ready","Amazon.ae popularity-rank query: ring light"
"ORDER-371490","creator","Compact Green Screen Backdrop Set","مدمج - أدوات التجارة المباشرة","B0FPGNLY3M","https://www.amazon.ae/-/en/dp/B0FPGNLY3M","https://www.amazon.ae/-/ar/dp/B0FPGNLY3M","amazon.ae","ready","Amazon.ae popularity-rank query: ring light"
"ORDER-371491","creator","Premium Live Commerce Creator Kit","فاخر - أدوات التجارة المباشرة","B08FC472GR","https://www.amazon.ae/-/en/dp/B08FC472GR","https://www.amazon.ae/-/ar/dp/B08FC472GR","amazon.ae","ready","Amazon.ae popularity-rank query: ring light"
"ORDER-371492","creator","Premium Portable Studio Light","فاخر - أدوات التجارة المباشرة","B0C3V4WS2F","https://www.amazon.ae/-/en/dp/B0C3V4WS2F","https://www.amazon.ae/-/ar/dp/B0C3V4WS2F","amazon.ae","ready","Amazon.ae popularity-rank query: ring light"
"ORDER-371493","creator","Premium Wireless Lavalier Mic Set","فاخر - أدوات التجارة المباشرة","B0F4CRB7XZ","https://www.amazon.ae/-/en/dp/B0F4CRB7XZ","https://www.amazon.ae/-/ar/dp/B0F4CRB7XZ","amazon.ae","ready","Amazon.ae popularity-rank query: ring light"
"ORDER-371494","creator","Premium Product Photo Light Box","فاخر - أدوات التجارة المباشرة","B0DYJVGJ65","https://www.amazon.ae/-/en/dp/B0DYJVGJ65","https://www.amazon.ae/-/ar/dp/B0DYJVGJ65","amazon.ae","ready","Amazon.ae popularity-rank query: ring light"
"ORDER-371495","creator","Premium Phone Tripod With Remote","فاخر - أدوات التجارة المباشرة","B0F32C7Y1M","https://www.amazon.ae/-/en/dp/B0F32C7Y1M","https://www.amazon.ae/-/ar/dp/B0F32C7Y1M","amazon.ae","ready","Amazon.ae popularity-rank query: ring light"
"ORDER-371496","creator","Premium Desktop Teleprompter Kit","فاخر - أدوات التجارة المباشرة","B078P9Q82H","https://www.amazon.ae/-/en/dp/B078P9Q82H","https://www.amazon.ae/-/ar/dp/B078P9Q82H","amazon.ae","ready","Amazon.ae popularity-rank query: ring light"
"ORDER-371497","creator","Premium RGB Background Light Bar","فاخر - أدوات التجارة المباشرة","B0FT8JJYY7","https://www.amazon.ae/-/en/dp/B0FT8JJYY7","https://www.amazon.ae/-/ar/dp/B0FT8JJYY7","amazon.ae","ready","Amazon.ae popularity-rank query: ring light"
"ORDER-371498","creator","Premium Mobile Gimbal Stabilizer","فاخر - أدوات التجارة المباشرة","B0FDG723S8","https://www.amazon.ae/-/en/dp/B0FDG723S8","https://www.amazon.ae/-/ar/dp/B0FDG723S8","amazon.ae","ready","Amazon.ae popularity-rank query: ring light"
"ORDER-371499","creator","Premium USB Podcast Microphone","فاخر - أدوات التجارة المباشرة","B08FT9XTH1","https://www.amazon.ae/-/en/dp/B08FT9XTH1","https://www.amazon.ae/-/ar/dp/B08FT9XTH1","amazon.ae","ready","Amazon.ae popularity-rank query: ring light"
"ORDER-371500","creator","Premium Green Screen Backdrop Set","فاخر - أدوات التجارة المباشرة","B08VGJ1TK9","https://www.amazon.ae/-/en/dp/B08VGJ1TK9","https://www.amazon.ae/-/ar/dp/B08VGJ1TK9","amazon.ae","ready","Amazon.ae popularity-rank query: ring light"
"ORDER-371501","creator","Travel Live Commerce Creator Kit","سفر - أدوات التجارة المباشرة","B08R3NT4NK","https://www.amazon.ae/-/en/dp/B08R3NT4NK","https://www.amazon.ae/-/ar/dp/B08R3NT4NK","amazon.ae","ready","Amazon.ae popularity-rank query: ring light"
"ORDER-371502","creator","Travel Portable Studio Light","سفر - أدوات التجارة المباشرة","B0FQ1FWBTH","https://www.amazon.ae/-/en/dp/B0FQ1FWBTH","https://www.amazon.ae/-/ar/dp/B0FQ1FWBTH","amazon.ae","ready","Amazon.ae popularity-rank query: ring light"
"ORDER-371503","creator","Travel Wireless Lavalier Mic Set","سفر - أدوات التجارة المباشرة","B097DW7TZQ","https://www.amazon.ae/-/en/dp/B097DW7TZQ","https://www.amazon.ae/-/ar/dp/B097DW7TZQ","amazon.ae","ready","Amazon.ae popularity-rank query: ring light"
"ORDER-371504","creator","Travel Product Photo Light Box","سفر - أدوات التجارة المباشرة","B0DYJVC1P5","https://www.amazon.ae/-/en/dp/B0DYJVC1P5","https://www.amazon.ae/-/ar/dp/B0DYJVC1P5","amazon.ae","ready","Amazon.ae popularity-rank query: ring light"
"ORDER-371505","creator","Travel Phone Tripod With Remote","سفر - أدوات التجارة المباشرة","B07QFV72LK","https://www.amazon.ae/-/en/dp/B07QFV72LK","https://www.amazon.ae/-/ar/dp/B07QFV72LK","amazon.ae","ready","Amazon.ae popularity-rank query: ring light"
"ORDER-371506","creator","Travel Desktop Teleprompter Kit","سفر - أدوات التجارة المباشرة","B0CJ4LQDQX","https://www.amazon.ae/-/en/dp/B0CJ4LQDQX","https://www.amazon.ae/-/ar/dp/B0CJ4LQDQX","amazon.ae","ready","Amazon.ae popularity-rank query: ring light"
"ORDER-371507","creator","Travel RGB Background Light Bar","سفر - أدوات التجارة المباشرة","B0DG2XCHQ2","https://www.amazon.ae/-/en/dp/B0DG2XCHQ2","https://www.amazon.ae/-/ar/dp/B0DG2XCHQ2","amazon.ae","ready","Amazon.ae popularity-rank query: ring light"
"ORDER-371508","creator","Travel Mobile Gimbal Stabilizer","سفر - أدوات التجارة المباشرة","B0DYSPTLR9","https://www.amazon.ae/-/en/dp/B0DYSPTLR9","https://www.amazon.ae/-/ar/dp/B0DYSPTLR9","amazon.ae","ready","Amazon.ae popularity-rank query: ring light"
"ORDER-371509","creator","Travel USB Podcast Microphone","سفر - أدوات التجارة المباشرة","B0GL7F21C7","https://www.amazon.ae/-/en/dp/B0GL7F21C7","https://www.amazon.ae/-/ar/dp/B0GL7F21C7","amazon.ae","ready","Amazon.ae popularity-rank query: ring light"
"ORDER-371510","creator","Travel Green Screen Backdrop Set","سفر - أدوات التجارة المباشرة","B0F1TNGCTW","https://www.amazon.ae/-/en/dp/B0F1TNGCTW","https://www.amazon.ae/-/ar/dp/B0F1TNGCTW","amazon.ae","ready","Amazon.ae popularity-rank query: ring light"
"ORDER-371511","travel","Retail Premium Travel Bag Set","تجزئة - السفر والحقائب","B071HHX6VF","https://www.amazon.ae/-/en/dp/B071HHX6VF","https://www.amazon.ae/-/ar/dp/B071HHX6VF","amazon.ae","ready","Amazon.ae popularity-rank query: luggage"
"ORDER-371512","travel","Retail Smart Carry-On Scale","تجزئة - السفر والحقائب","B08BFB6GBY","https://www.amazon.ae/-/en/dp/B08BFB6GBY","https://www.amazon.ae/-/ar/dp/B08BFB6GBY","amazon.ae","ready","Amazon.ae popularity-rank query: luggage"
"ORDER-371513","travel","Retail Luxury Packing Cube Set","تجزئة - السفر والحقائب","B0FXG3SRP1","https://www.amazon.ae/-/en/dp/B0FXG3SRP1","https://www.amazon.ae/-/ar/dp/B0FXG3SRP1","amazon.ae","ready","Amazon.ae popularity-rank query: luggage"
"ORDER-371514","travel","Retail Universal Travel Adapter","تجزئة - السفر والحقائب","B00ZFWYEUA","https://www.amazon.ae/-/en/dp/B00ZFWYEUA","https://www.amazon.ae/-/ar/dp/B00ZFWYEUA","amazon.ae","ready","Amazon.ae popularity-rank query: luggage"
"ORDER-371515","travel","Retail Hardshell Luggage Set","تجزئة - السفر والحقائب","B0DDTX49F3","https://www.amazon.ae/-/en/dp/B0DDTX49F3","https://www.amazon.ae/-/ar/dp/B0DDTX49F3","amazon.ae","ready","Amazon.ae popularity-rank query: luggage"
"ORDER-371516","travel","Retail Anti-Theft Backpack","تجزئة - السفر والحقائب","B0DK6387PG","https://www.amazon.ae/-/en/dp/B0DK6387PG","https://www.amazon.ae/-/ar/dp/B0DK6387PG","amazon.ae","ready","Amazon.ae popularity-rank query: luggage"
"ORDER-371517","travel","Retail Travel Toiletry Organizer","تجزئة - السفر والحقائب","B0CFY6F177","https://www.amazon.ae/-/en/dp/B0CFY6F177","https://www.amazon.ae/-/ar/dp/B0CFY6F177","amazon.ae","ready","Amazon.ae popularity-rank query: luggage"
"ORDER-371518","travel","Retail Memory Foam Neck Pillow","تجزئة - السفر والحقائب","B0CPLNFSKB","https://www.amazon.ae/-/en/dp/B0CPLNFSKB","https://www.amazon.ae/-/ar/dp/B0CPLNFSKB","amazon.ae","ready","Amazon.ae popularity-rank query: luggage"
"ORDER-371519","travel","Retail Passport Wallet Set","تجزئة - السفر والحقائب","B0D6FSNF8L","https://www.amazon.ae/-/en/dp/B0D6FSNF8L","https://www.amazon.ae/-/ar/dp/B0D6FSNF8L","amazon.ae","ready","Amazon.ae popularity-rank query: luggage"
"ORDER-371520","travel","Retail Foldable Weekender Bag","تجزئة - السفر والحقائب","B08BF4N6NK","https://www.amazon.ae/-/en/dp/B08BF4N6NK","https://www.amazon.ae/-/ar/dp/B08BF4N6NK","amazon.ae","ready","Amazon.ae popularity-rank query: luggage"
"ORDER-371521","travel","Pro Premium Travel Bag Set","احترافي - السفر والحقائب","B0DX2LYL1P","https://www.amazon.ae/-/en/dp/B0DX2LYL1P","https://www.amazon.ae/-/ar/dp/B0DX2LYL1P","amazon.ae","ready","Amazon.ae popularity-rank query: luggage"
"ORDER-371522","travel","Pro Smart Carry-On Scale","احترافي - السفر والحقائب","B09ST951LG","https://www.amazon.ae/-/en/dp/B09ST951LG","https://www.amazon.ae/-/ar/dp/B09ST951LG","amazon.ae","ready","Amazon.ae popularity-rank query: luggage"
"ORDER-371523","travel","Pro Luxury Packing Cube Set","احترافي - السفر والحقائب","B0F8HB2M9S","https://www.amazon.ae/-/en/dp/B0F8HB2M9S","https://www.amazon.ae/-/ar/dp/B0F8HB2M9S","amazon.ae","ready","Amazon.ae popularity-rank query: luggage"
"ORDER-371524","travel","Pro Universal Travel Adapter","احترافي - السفر والحقائب","B0F4QHCX17","https://www.amazon.ae/-/en/dp/B0F4QHCX17","https://www.amazon.ae/-/ar/dp/B0F4QHCX17","amazon.ae","ready","Amazon.ae popularity-rank query: luggage"
"ORDER-371525","travel","Pro Hardshell Luggage Set","احترافي - السفر والحقائب","B0CPDLVF8K","https://www.amazon.ae/-/en/dp/B0CPDLVF8K","https://www.amazon.ae/-/ar/dp/B0CPDLVF8K","amazon.ae","ready","Amazon.ae popularity-rank query: luggage"
"ORDER-371526","travel","Pro Anti-Theft Backpack","احترافي - السفر والحقائب","B08BFJVMVC","https://www.amazon.ae/-/en/dp/B08BFJVMVC","https://www.amazon.ae/-/ar/dp/B08BFJVMVC","amazon.ae","ready","Amazon.ae popularity-rank query: luggage"
"ORDER-371527","travel","Pro Travel Toiletry Organizer","احترافي - السفر والحقائب","B0B6172YWC","https://www.amazon.ae/-/en/dp/B0B6172YWC","https://www.amazon.ae/-/ar/dp/B0B6172YWC","amazon.ae","ready","Amazon.ae popularity-rank query: luggage"
"ORDER-371528","travel","Pro Memory Foam Neck Pillow","احترافي - السفر والحقائب","B09WDH3139","https://www.amazon.ae/-/en/dp/B09WDH3139","https://www.amazon.ae/-/ar/dp/B09WDH3139","amazon.ae","ready","Amazon.ae popularity-rank query: luggage"
"ORDER-371529","travel","Pro Passport Wallet Set","احترافي - السفر والحقائب","B0B42F11GW","https://www.amazon.ae/-/en/dp/B0B42F11GW","https://www.amazon.ae/-/ar/dp/B0B42F11GW","amazon.ae","ready","Amazon.ae popularity-rank query: luggage"
"ORDER-371530","travel","Pro Foldable Weekender Bag","احترافي - السفر والحقائب","B0CXPZ9JQH","https://www.amazon.ae/-/en/dp/B0CXPZ9JQH","https://www.amazon.ae/-/ar/dp/B0CXPZ9JQH","amazon.ae","ready","Amazon.ae popularity-rank query: luggage"
"ORDER-371531","travel","Compact Premium Travel Bag Set","مدمج - السفر والحقائب","B071VG57FP","https://www.amazon.ae/-/en/dp/B071VG57FP","https://www.amazon.ae/-/ar/dp/B071VG57FP","amazon.ae","ready","Amazon.ae popularity-rank query: luggage"
"ORDER-371532","travel","Compact Smart Carry-On Scale","مدمج - السفر والحقائب","B08BFCD61S","https://www.amazon.ae/-/en/dp/B08BFCD61S","https://www.amazon.ae/-/ar/dp/B08BFCD61S","amazon.ae","ready","Amazon.ae popularity-rank query: luggage"
"ORDER-371533","travel","Compact Luxury Packing Cube Set","مدمج - السفر والحقائب","B0CHDRYTBN","https://www.amazon.ae/-/en/dp/B0CHDRYTBN","https://www.amazon.ae/-/ar/dp/B0CHDRYTBN","amazon.ae","ready","Amazon.ae popularity-rank query: luggage"
"ORDER-371534","travel","Compact Universal Travel Adapter","مدمج - السفر والحقائب","B0727XS1XC","https://www.amazon.ae/-/en/dp/B0727XS1XC","https://www.amazon.ae/-/ar/dp/B0727XS1XC","amazon.ae","ready","Amazon.ae popularity-rank query: luggage"
"ORDER-371535","travel","Compact Hardshell Luggage Set","مدمج - السفر والحقائب","B0G1MYJ9FV","https://www.amazon.ae/-/en/dp/B0G1MYJ9FV","https://www.amazon.ae/-/ar/dp/B0G1MYJ9FV","amazon.ae","ready","Amazon.ae popularity-rank query: luggage"
"ORDER-371536","travel","Compact Anti-Theft Backpack","مدمج - السفر والحقائب","B09SHY8HZL","https://www.amazon.ae/-/en/dp/B09SHY8HZL","https://www.amazon.ae/-/ar/dp/B09SHY8HZL","amazon.ae","ready","Amazon.ae popularity-rank query: luggage"
"ORDER-371537","travel","Compact Travel Toiletry Organizer","مدمج - السفر والحقائب","B09STH6JFJ","https://www.amazon.ae/-/en/dp/B09STH6JFJ","https://www.amazon.ae/-/ar/dp/B09STH6JFJ","amazon.ae","ready","Amazon.ae popularity-rank query: luggage"
"ORDER-371538","travel","Compact Memory Foam Neck Pillow","مدمج - السفر والحقائب","B097MPFNZZ","https://www.amazon.ae/-/en/dp/B097MPFNZZ","https://www.amazon.ae/-/ar/dp/B097MPFNZZ","amazon.ae","ready","Amazon.ae popularity-rank query: luggage"
"ORDER-371539","travel","Compact Passport Wallet Set","مدمج - السفر والحقائب","B07Y6CQ23N","https://www.amazon.ae/-/en/dp/B07Y6CQ23N","https://www.amazon.ae/-/ar/dp/B07Y6CQ23N","amazon.ae","ready","Amazon.ae popularity-rank query: luggage"
"ORDER-371540","travel","Compact Foldable Weekender Bag","مدمج - السفر والحقائب","B0F8HDX94J","https://www.amazon.ae/-/en/dp/B0F8HDX94J","https://www.amazon.ae/-/ar/dp/B0F8HDX94J","amazon.ae","ready","Amazon.ae popularity-rank query: luggage"
"ORDER-371541","travel","Premium Premium Travel Bag Set","فاخر - السفر والحقائب","B071DXB6DY","https://www.amazon.ae/-/en/dp/B071DXB6DY","https://www.amazon.ae/-/ar/dp/B071DXB6DY","amazon.ae","ready","Amazon.ae popularity-rank query: luggage"
"ORDER-371542","travel","Premium Smart Carry-On Scale","فاخر - السفر والحقائب","B0713ZQ4DQ","https://www.amazon.ae/-/en/dp/B0713ZQ4DQ","https://www.amazon.ae/-/ar/dp/B0713ZQ4DQ","amazon.ae","ready","Amazon.ae popularity-rank query: luggage"
"ORDER-371543","travel","Premium Luxury Packing Cube Set","فاخر - السفر والحقائب","B0FMHNY5NS","https://www.amazon.ae/-/en/dp/B0FMHNY5NS","https://www.amazon.ae/-/ar/dp/B0FMHNY5NS","amazon.ae","ready","Amazon.ae popularity-rank query: luggage"
"ORDER-371544","travel","Premium Universal Travel Adapter","فاخر - السفر والحقائب","B0DDTQWXS4","https://www.amazon.ae/-/en/dp/B0DDTQWXS4","https://www.amazon.ae/-/ar/dp/B0DDTQWXS4","amazon.ae","ready","Amazon.ae popularity-rank query: luggage"
"ORDER-371545","travel","Premium Hardshell Luggage Set","فاخر - السفر والحقائب","B0G94BT5V7","https://www.amazon.ae/-/en/dp/B0G94BT5V7","https://www.amazon.ae/-/ar/dp/B0G94BT5V7","amazon.ae","ready","Amazon.ae popularity-rank query: luggage"
"ORDER-371546","travel","Premium Anti-Theft Backpack","فاخر - السفر والحقائب","B084L37TWY","https://www.amazon.ae/-/en/dp/B084L37TWY","https://www.amazon.ae/-/ar/dp/B084L37TWY","amazon.ae","ready","Amazon.ae popularity-rank query: luggage"
"ORDER-371547","travel","Premium Travel Toiletry Organizer","فاخر - السفر والحقائب","B0FHJ49LN9","https://www.amazon.ae/-/en/dp/B0FHJ49LN9","https://www.amazon.ae/-/ar/dp/B0FHJ49LN9","amazon.ae","ready","Amazon.ae popularity-rank query: luggage"
"ORDER-371548","travel","Premium Memory Foam Neck Pillow","فاخر - السفر والحقائب","B0FD8Q7RW2","https://www.amazon.ae/-/en/dp/B0FD8Q7RW2","https://www.amazon.ae/-/ar/dp/B0FD8Q7RW2","amazon.ae","ready","Amazon.ae popularity-rank query: luggage"
"ORDER-371549","travel","Premium Passport Wallet Set","فاخر - السفر والحقائب","B0FL35NQC5","https://www.amazon.ae/-/en/dp/B0FL35NQC5","https://www.amazon.ae/-/ar/dp/B0FL35NQC5","amazon.ae","ready","Amazon.ae popularity-rank query: luggage"
"ORDER-371550","travel","Premium Foldable Weekender Bag","فاخر - السفر والحقائب","B01LY047AR","https://www.amazon.ae/-/en/dp/B01LY047AR","https://www.amazon.ae/-/ar/dp/B01LY047AR","amazon.ae","ready","Amazon.ae popularity-rank query: luggage"
"ORDER-371551","travel","Travel Premium Travel Bag Set","سفر - السفر والحقائب","B0CPDLMWK3","https://www.amazon.ae/-/en/dp/B0CPDLMWK3","https://www.amazon.ae/-/ar/dp/B0CPDLMWK3","amazon.ae","ready","Amazon.ae popularity-rank query: luggage"
"ORDER-371552","travel","Travel Smart Carry-On Scale","سفر - السفر والحقائب","B0DGSHGMF3","https://www.amazon.ae/-/en/dp/B0DGSHGMF3","https://www.amazon.ae/-/ar/dp/B0DGSHGMF3","amazon.ae","ready","Amazon.ae popularity-rank query: luggage"
"ORDER-371553","travel","Travel Luxury Packing Cube Set","سفر - السفر والحقائب","B0FQPGM9HR","https://www.amazon.ae/-/en/dp/B0FQPGM9HR","https://www.amazon.ae/-/ar/dp/B0FQPGM9HR","amazon.ae","ready","Amazon.ae popularity-rank query: luggage"
"ORDER-371554","travel","Travel Universal Travel Adapter","سفر - السفر والحقائب","B0C67TSM7J","https://www.amazon.ae/-/en/dp/B0C67TSM7J","https://www.amazon.ae/-/ar/dp/B0C67TSM7J","amazon.ae","ready","Amazon.ae popularity-rank query: luggage"
"ORDER-371555","travel","Travel Hardshell Luggage Set","سفر - السفر والحقائب","B09PG54T33","https://www.amazon.ae/-/en/dp/B09PG54T33","https://www.amazon.ae/-/ar/dp/B09PG54T33","amazon.ae","ready","Amazon.ae popularity-rank query: luggage"
"ORDER-371556","travel","Travel Anti-Theft Backpack","سفر - السفر والحقائب","B0BR58FRHG","https://www.amazon.ae/-/en/dp/B0BR58FRHG","https://www.amazon.ae/-/ar/dp/B0BR58FRHG","amazon.ae","ready","Amazon.ae popularity-rank query: luggage"
"ORDER-371557","travel","Travel Travel Toiletry Organizer","سفر - السفر والحقائب","B0DQVHJWQZ","https://www.amazon.ae/-/en/dp/B0DQVHJWQZ","https://www.amazon.ae/-/ar/dp/B0DQVHJWQZ","amazon.ae","ready","Amazon.ae popularity-rank query: luggage"
"ORDER-371558","travel","Travel Memory Foam Neck Pillow","سفر - السفر والحقائب","B0F3DH93G3","https://www.amazon.ae/-/en/dp/B0F3DH93G3","https://www.amazon.ae/-/ar/dp/B0F3DH93G3","amazon.ae","ready","Amazon.ae popularity-rank query: luggage"
"ORDER-371559","travel","Travel Passport Wallet Set","سفر - السفر والحقائب","B0FP9KX7FR","https://www.amazon.ae/-/en/dp/B0FP9KX7FR","https://www.amazon.ae/-/ar/dp/B0FP9KX7FR","amazon.ae","ready","Amazon.ae popularity-rank query: luggage"
"ORDER-371560","travel","Travel Foldable Weekender Bag","سفر - السفر والحقائب","B084MWFMVP","https://www.amazon.ae/-/en/dp/B084MWFMVP","https://www.amazon.ae/-/ar/dp/B084MWFMVP","amazon.ae","ready","Amazon.ae popularity-rank query: luggage"
"ORDER-371561","gaming","Retail Console Accessory Kit","تجزئة - الألعاب والترفيه","B0CYJF4KG7","https://www.amazon.ae/-/en/dp/B0CYJF4KG7","https://www.amazon.ae/-/ar/dp/B0CYJF4KG7","amazon.ae","ready","Amazon.ae popularity-rank query: gaming headset"
"ORDER-371562","gaming","Retail RGB Gaming Headset","تجزئة - الألعاب والترفيه","B0DBJ5PBLT","https://www.amazon.ae/-/en/dp/B0DBJ5PBLT","https://www.amazon.ae/-/ar/dp/B0DBJ5PBLT","amazon.ae","ready","Amazon.ae popularity-rank query: gaming headset"
"ORDER-371563","gaming","Retail Mechanical Keyboard Set","تجزئة - الألعاب والترفيه","B07W6H7PY2","https://www.amazon.ae/-/en/dp/B07W6H7PY2","https://www.amazon.ae/-/ar/dp/B07W6H7PY2","amazon.ae","ready","Amazon.ae popularity-rank query: gaming headset"
"ORDER-371564","gaming","Retail Wireless Gaming Mouse","تجزئة - الألعاب والترفيه","B09QFYNJMB","https://www.amazon.ae/-/en/dp/B09QFYNJMB","https://www.amazon.ae/-/ar/dp/B09QFYNJMB","amazon.ae","ready","Amazon.ae popularity-rank query: gaming headset"
"ORDER-371565","gaming","Retail Mobile Game Controller","تجزئة - الألعاب والترفيه","B07XC936P8","https://www.amazon.ae/-/en/dp/B07XC936P8","https://www.amazon.ae/-/ar/dp/B07XC936P8","amazon.ae","ready","Amazon.ae popularity-rank query: gaming headset"
"ORDER-371566","gaming","Retail LED Gaming Desk Mat","تجزئة - الألعاب والترفيه","B0GX258KR4","https://www.amazon.ae/-/en/dp/B0GX258KR4","https://www.amazon.ae/-/ar/dp/B0GX258KR4","amazon.ae","ready","Amazon.ae popularity-rank query: gaming headset"
"ORDER-371567","gaming","Retail Streaming Capture Card","تجزئة - الألعاب والترفيه","B0F211JQZN","https://www.amazon.ae/-/en/dp/B0F211JQZN","https://www.amazon.ae/-/ar/dp/B0F211JQZN","amazon.ae","ready","Amazon.ae popularity-rank query: gaming headset"
"ORDER-371568","gaming","Retail Gaming Chair Footrest","تجزئة - الألعاب والترفيه","B0916ZXRB9","https://www.amazon.ae/-/en/dp/B0916ZXRB9","https://www.amazon.ae/-/ar/dp/B0916ZXRB9","amazon.ae","ready","Amazon.ae popularity-rank query: gaming headset"
"ORDER-371569","gaming","Retail Portable Mini Projector","تجزئة - الألعاب والترفيه","B0C3BV19Q3","https://www.amazon.ae/-/en/dp/B0C3BV19Q3","https://www.amazon.ae/-/ar/dp/B0C3BV19Q3","amazon.ae","ready","Amazon.ae popularity-rank query: gaming headset"
"ORDER-371570","gaming","Retail VR Headset Carry Case","تجزئة - الألعاب والترفيه","B0CZTXFGMG","https://www.amazon.ae/-/en/dp/B0CZTXFGMG","https://www.amazon.ae/-/ar/dp/B0CZTXFGMG","amazon.ae","ready","Amazon.ae popularity-rank query: gaming headset"
"ORDER-371571","gaming","Pro Console Accessory Kit","احترافي - الألعاب والترفيه","B07W7KT2B3","https://www.amazon.ae/-/en/dp/B07W7KT2B3","https://www.amazon.ae/-/ar/dp/B07W7KT2B3","amazon.ae","ready","Amazon.ae popularity-rank query: gaming headset"
"ORDER-371572","gaming","Pro RGB Gaming Headset","احترافي - الألعاب والترفيه","B0F6NZWPTC","https://www.amazon.ae/-/en/dp/B0F6NZWPTC","https://www.amazon.ae/-/ar/dp/B0F6NZWPTC","amazon.ae","ready","Amazon.ae popularity-rank query: gaming headset"
"ORDER-371573","gaming","Pro Mechanical Keyboard Set","احترافي - الألعاب والترفيه","B08FX7T8Z4","https://www.amazon.ae/-/en/dp/B08FX7T8Z4","https://www.amazon.ae/-/ar/dp/B08FX7T8Z4","amazon.ae","ready","Amazon.ae popularity-rank query: gaming headset"
"ORDER-371574","gaming","Pro Wireless Gaming Mouse","احترافي - الألعاب والترفيه","B083X24VG9","https://www.amazon.ae/-/en/dp/B083X24VG9","https://www.amazon.ae/-/ar/dp/B083X24VG9","amazon.ae","ready","Amazon.ae popularity-rank query: gaming headset"
"ORDER-371575","gaming","Pro Mobile Game Controller","احترافي - الألعاب والترفيه","B0F93SY4BH","https://www.amazon.ae/-/en/dp/B0F93SY4BH","https://www.amazon.ae/-/ar/dp/B0F93SY4BH","amazon.ae","ready","Amazon.ae popularity-rank query: gaming headset"
"ORDER-371576","gaming","Pro LED Gaming Desk Mat","احترافي - الألعاب والترفيه","B0B7X8392G","https://www.amazon.ae/-/en/dp/B0B7X8392G","https://www.amazon.ae/-/ar/dp/B0B7X8392G","amazon.ae","ready","Amazon.ae popularity-rank query: gaming headset"
"ORDER-371577","gaming","Pro Streaming Capture Card","احترافي - الألعاب والترفيه","B07W5JHF96","https://www.amazon.ae/-/en/dp/B07W5JHF96","https://www.amazon.ae/-/ar/dp/B07W5JHF96","amazon.ae","ready","Amazon.ae popularity-rank query: gaming headset"
"ORDER-371578","gaming","Pro Gaming Chair Footrest","احترافي - الألعاب والترفيه","B0FN3KKJS9","https://www.amazon.ae/-/en/dp/B0FN3KKJS9","https://www.amazon.ae/-/ar/dp/B0FN3KKJS9","amazon.ae","ready","Amazon.ae popularity-rank query: gaming headset"
"ORDER-371579","gaming","Pro Portable Mini Projector","احترافي - الألعاب والترفيه","B07X8VD1XF","https://www.amazon.ae/-/en/dp/B07X8VD1XF","https://www.amazon.ae/-/ar/dp/B07X8VD1XF","amazon.ae","ready","Amazon.ae popularity-rank query: gaming headset"
"ORDER-371580","gaming","Pro VR Headset Carry Case","احترافي - الألعاب والترفيه","B0BCFKG49M","https://www.amazon.ae/-/en/dp/B0BCFKG49M","https://www.amazon.ae/-/ar/dp/B0BCFKG49M","amazon.ae","ready","Amazon.ae popularity-rank query: gaming headset"
"ORDER-371581","gaming","Compact Console Accessory Kit","مدمج - الألعاب والترفيه","B09BFZSRGN","https://www.amazon.ae/-/en/dp/B09BFZSRGN","https://www.amazon.ae/-/ar/dp/B09BFZSRGN","amazon.ae","ready","Amazon.ae popularity-rank query: gaming headset"
"ORDER-371582","gaming","Compact RGB Gaming Headset","مدمج - الألعاب والترفيه","B07JLFFTY1","https://www.amazon.ae/-/en/dp/B07JLFFTY1","https://www.amazon.ae/-/ar/dp/B07JLFFTY1","amazon.ae","ready","Amazon.ae popularity-rank query: gaming headset"
"ORDER-371583","gaming","Compact Mechanical Keyboard Set","مدمج - الألعاب والترفيه","B07W7LNTM5","https://www.amazon.ae/-/en/dp/B07W7LNTM5","https://www.amazon.ae/-/ar/dp/B07W7LNTM5","amazon.ae","ready","Amazon.ae popularity-rank query: gaming headset"
"ORDER-371584","gaming","Compact Wireless Gaming Mouse","مدمج - الألعاب والترفيه","B07W6J6TG5","https://www.amazon.ae/-/en/dp/B07W6J6TG5","https://www.amazon.ae/-/ar/dp/B07W6J6TG5","amazon.ae","ready","Amazon.ae popularity-rank query: gaming headset"
"ORDER-371585","gaming","Compact Mobile Game Controller","مدمج - الألعاب والترفيه","B0C3BSZ56D","https://www.amazon.ae/-/en/dp/B0C3BSZ56D","https://www.amazon.ae/-/ar/dp/B0C3BSZ56D","amazon.ae","ready","Amazon.ae popularity-rank query: gaming headset"
"ORDER-371586","gaming","Compact LED Gaming Desk Mat","مدمج - الألعاب والترفيه","B08TBF4S42","https://www.amazon.ae/-/en/dp/B08TBF4S42","https://www.amazon.ae/-/ar/dp/B08TBF4S42","amazon.ae","ready","Amazon.ae popularity-rank query: gaming headset"
"ORDER-371587","gaming","Compact Streaming Capture Card","مدمج - الألعاب والترفيه","B07MW6Z33N","https://www.amazon.ae/-/en/dp/B07MW6Z33N","https://www.amazon.ae/-/ar/dp/B07MW6Z33N","amazon.ae","ready","Amazon.ae popularity-rank query: gaming headset"
"ORDER-371588","gaming","Compact Gaming Chair Footrest","مدمج - الألعاب والترفيه","B0FPFRXPX7","https://www.amazon.ae/-/en/dp/B0FPFRXPX7","https://www.amazon.ae/-/ar/dp/B0FPFRXPX7","amazon.ae","ready","Amazon.ae popularity-rank query: gaming headset"
"ORDER-371589","gaming","Compact Portable Mini Projector","مدمج - الألعاب والترفيه","B0G2VZW3TN","https://www.amazon.ae/-/en/dp/B0G2VZW3TN","https://www.amazon.ae/-/ar/dp/B0G2VZW3TN","amazon.ae","ready","Amazon.ae popularity-rank query: gaming headset"
"ORDER-371590","gaming","Compact VR Headset Carry Case","مدمج - الألعاب والترفيه","B0DBJ5YPXZ","https://www.amazon.ae/-/en/dp/B0DBJ5YPXZ","https://www.amazon.ae/-/ar/dp/B0DBJ5YPXZ","amazon.ae","ready","Amazon.ae popularity-rank query: gaming headset"
"ORDER-371591","gaming","Premium Console Accessory Kit","فاخر - الألعاب والترفيه","B086PKMZ21","https://www.amazon.ae/-/en/dp/B086PKMZ21","https://www.amazon.ae/-/ar/dp/B086PKMZ21","amazon.ae","ready","Amazon.ae popularity-rank query: gaming headset"
"ORDER-371592","gaming","Premium RGB Gaming Headset","فاخر - الألعاب والترفيه","B09X5FSQDN","https://www.amazon.ae/-/en/dp/B09X5FSQDN","https://www.amazon.ae/-/ar/dp/B09X5FSQDN","amazon.ae","ready","Amazon.ae popularity-rank query: gaming headset"
"ORDER-371593","gaming","Premium Mechanical Keyboard Set","فاخر - الألعاب والترفيه","B09X5G16ZM","https://www.amazon.ae/-/en/dp/B09X5G16ZM","https://www.amazon.ae/-/ar/dp/B09X5G16ZM","amazon.ae","ready","Amazon.ae popularity-rank query: gaming headset"
"ORDER-371594","gaming","Premium Wireless Gaming Mouse","فاخر - الألعاب والترفيه","B07XHGLSGF","https://www.amazon.ae/-/en/dp/B07XHGLSGF","https://www.amazon.ae/-/ar/dp/B07XHGLSGF","amazon.ae","ready","Amazon.ae popularity-rank query: gaming headset"
"ORDER-371595","gaming","Premium Mobile Game Controller","فاخر - الألعاب والترفيه","B0DXQ8X9GT","https://www.amazon.ae/-/en/dp/B0DXQ8X9GT","https://www.amazon.ae/-/ar/dp/B0DXQ8X9GT","amazon.ae","ready","Amazon.ae popularity-rank query: gaming headset"
"ORDER-371596","gaming","Premium LED Gaming Desk Mat","فاخر - الألعاب والترفيه","B0FL7QLH89","https://www.amazon.ae/-/en/dp/B0FL7QLH89","https://www.amazon.ae/-/ar/dp/B0FL7QLH89","amazon.ae","ready","Amazon.ae popularity-rank query: gaming headset"
"ORDER-371597","gaming","Premium Streaming Capture Card","فاخر - الألعاب والترفيه","B0DHY29PSM","https://www.amazon.ae/-/en/dp/B0DHY29PSM","https://www.amazon.ae/-/ar/dp/B0DHY29PSM","amazon.ae","ready","Amazon.ae popularity-rank query: gaming headset"
"ORDER-371598","gaming","Premium Gaming Chair Footrest","فاخر - الألعاب والترفيه","B0FDGPMZQT","https://www.amazon.ae/-/en/dp/B0FDGPMZQT","https://www.amazon.ae/-/ar/dp/B0FDGPMZQT","amazon.ae","ready","Amazon.ae popularity-rank query: gaming headset"
"ORDER-371599","gaming","Premium Portable Mini Projector","فاخر - الألعاب والترفيه","B0CTMW67RC","https://www.amazon.ae/-/en/dp/B0CTMW67RC","https://www.amazon.ae/-/ar/dp/B0CTMW67RC","amazon.ae","ready","Amazon.ae popularity-rank query: gaming headset"
"ORDER-371600","gaming","Premium VR Headset Carry Case","فاخر - الألعاب والترفيه","B0C4ND25FT","https://www.amazon.ae/-/en/dp/B0C4ND25FT","https://www.amazon.ae/-/ar/dp/B0C4ND25FT","amazon.ae","ready","Amazon.ae popularity-rank query: gaming headset"
"ORDER-371601","gaming","Travel Console Accessory Kit","سفر - الألعاب والترفيه","B0F2JFN2VW","https://www.amazon.ae/-/en/dp/B0F2JFN2VW","https://www.amazon.ae/-/ar/dp/B0F2JFN2VW","amazon.ae","ready","Amazon.ae popularity-rank query: gaming headset"
"ORDER-371602","gaming","Travel RGB Gaming Headset","سفر - الألعاب والترفيه","B07KFN5LL4","https://www.amazon.ae/-/en/dp/B07KFN5LL4","https://www.amazon.ae/-/ar/dp/B07KFN5LL4","amazon.ae","ready","Amazon.ae popularity-rank query: gaming headset"
"ORDER-371603","gaming","Travel Mechanical Keyboard Set","سفر - الألعاب والترفيه","B0DKDQPD9N","https://www.amazon.ae/-/en/dp/B0DKDQPD9N","https://www.amazon.ae/-/ar/dp/B0DKDQPD9N","amazon.ae","ready","Amazon.ae popularity-rank query: gaming headset"
"ORDER-371604","gaming","Travel Wireless Gaming Mouse","سفر - الألعاب والترفيه","B00SAYCXWG","https://www.amazon.ae/-/en/dp/B00SAYCXWG","https://www.amazon.ae/-/ar/dp/B00SAYCXWG","amazon.ae","ready","Amazon.ae popularity-rank query: gaming headset"
"ORDER-371605","gaming","Travel Mobile Game Controller","سفر - الألعاب والترفيه","B0FF2TR4Q7","https://www.amazon.ae/-/en/dp/B0FF2TR4Q7","https://www.amazon.ae/-/ar/dp/B0FF2TR4Q7","amazon.ae","ready","Amazon.ae popularity-rank query: gaming headset"
"ORDER-371606","gaming","Travel LED Gaming Desk Mat","سفر - الألعاب والترفيه","B0D1KBNWHF","https://www.amazon.ae/-/en/dp/B0D1KBNWHF","https://www.amazon.ae/-/ar/dp/B0D1KBNWHF","amazon.ae","ready","Amazon.ae popularity-rank query: gaming headset"
"ORDER-371607","gaming","Travel Streaming Capture Card","سفر - الألعاب والترفيه","B09ZLS8LB3","https://www.amazon.ae/-/en/dp/B09ZLS8LB3","https://www.amazon.ae/-/ar/dp/B09ZLS8LB3","amazon.ae","ready","Amazon.ae popularity-rank query: gaming headset"
"ORDER-371608","gaming","Travel Gaming Chair Footrest","سفر - الألعاب والترفيه","B0B7X8D45M","https://www.amazon.ae/-/en/dp/B0B7X8D45M","https://www.amazon.ae/-/ar/dp/B0B7X8D45M","amazon.ae","ready","Amazon.ae popularity-rank query: gaming headset"
"ORDER-371609","gaming","Travel Portable Mini Projector","سفر - الألعاب والترفيه","B0CJTVFQWK","https://www.amazon.ae/-/en/dp/B0CJTVFQWK","https://www.amazon.ae/-/ar/dp/B0CJTVFQWK","amazon.ae","ready","Amazon.ae popularity-rank query: gaming headset"
"ORDER-371610","gaming","Travel VR Headset Carry Case","سفر - الألعاب والترفيه","B091FBWFYF","https://www.amazon.ae/-/en/dp/B091FBWFYF","https://www.amazon.ae/-/ar/dp/B091FBWFYF","amazon.ae","ready","Amazon.ae popularity-rank query: gaming headset"