id,category,title_en,amazon_asin,image_url,image_source,status,alt_text
"ORDER-371011","mobile","Retail MagSafe Power Bank Set","B0CH33F5P2","https://m.media-amazon.com/images/I/51YE7ShlnjL._AC_UL960_QL65_.jpg","search","ready","UGREEN Magsafe Power Bank 10000mAh PD 20W Magnetic Battery Pack Qi7.5W | Skin-Friendly, Qi certified, 20W wired, ergonomic..."
"ORDER-371012","mobile","Retail 65W GaN Fast Charger Kit","B0C3GTMX5M","https://m.media-amazon.com/images/I/51j4AkOzMtL._AC_UL960_QL65_.jpg","search","ready","UGREEN Power Bank 20000mAh 100W Laptop Fast Charging Portable Charger | 72Wh high-capacity, flight-safe, ultra-fast 100W c..."
"ORDER-371013","mobile","Retail Wireless Earbuds Retail Pack","B0F6NFHB31","https://m.media-amazon.com/images/I/51lIlT4yw1L._AC_SL1500_.jpg","detail","ready","Retail Wireless Earbuds Retail Pack"
"ORDER-371014","mobile","Retail Privacy Screen Protector Bundle","B0D7CG2PHM","https://m.media-amazon.com/images/I/61w9BqTUv4L._AC_UL960_QL65_.jpg","search","ready","UGREEN Uno Magnetic Power Bank,10000mAh Magsafe Mobile Phone Portable Charger, PD20W with Foldable Stand and TFT Display,W..."
"ORDER-371015","mobile","Retail Magnetic Car Phone Mount","B0CSSRD4NT","https://m.media-amazon.com/images/I/51D0jC2BHpL._AC_UL960_QL65_.jpg","search","ready","UGREEN Power Bank 20000mAh, PD 22.5W Portable Charger Fast Charging | flight-safe, high-capacity, PD 3.0 USB-C input & out..."
"ORDER-371016","mobile","Retail USB-C Hub Adapter","B0CXHM5RY2","https://m.media-amazon.com/images/I/51UDHs1Ht8L._AC_UL960_QL65_.jpg","search","ready","UGREEN Power Bank 25000mAh 200W USB C Fast Charging Portable Charger,Nexode | Flight-Approved, smart digital display, 200W..."
"ORDER-371017","mobile","Retail Smart Watch Strap Set","B0FHHNTC1J","https://m.media-amazon.com/images/I/51QutFTNZJL._AC_SL1500_.jpg","detail","ready","Retail Smart Watch Strap Set"
"ORDER-371018","mobile","Retail Rugged Phone Case Bundle","B0FQC2X8FD","https://m.media-amazon.com/images/I/61ZTwH-X79L._AC_UL960_QL65_.jpg","search","ready","UGREEN Mini Power Bank 10000mAh PD 30W/33W Fast Charging Portable Charger | Built-in USB-C cable, flight-safe, CCC certifi..."
"ORDER-371019","mobile","Retail 3-in-1 Wireless Charging Stand","B0CCS1KZZT","https://m.media-amazon.com/images/I/51OudC-UtML._AC_UL960_QL65_.jpg","search","ready","UGREEN Magsafe Power Bank 10000mAh Wireless Portable Charger Fast Charging | Skin-Friendly, ergonomic design, flight-safe,..."
"ORDER-371020","mobile","Retail Bluetooth Tracking Tag Pack","B0F37VLJQW","https://m.media-amazon.com/images/I/51zKduJVGGL._AC_UL960_QL65_.jpg","search","ready","UGREEN Power Bank MagSafe Qi2 25W 10000mAh, Built-in PD30W USB C Cable | Fastest 25W wireless charging, PD 30W wired, flig..."
"ORDER-371021","mobile","Pro MagSafe Power Bank Set","B0C5975H8M","https://m.media-amazon.com/images/I/81KSNd24I1L._AC_UL960_QL65_.jpg","search","ready","VEGER USB C Mini Power Bank 5000mAh Compatible with iPhone, Android | 20W PD/QC Fast Charging, Small Size, Support Direct ..."
"ORDER-371022","mobile","Pro 65W GaN Fast Charger Kit","B09DRMV91Y","https://m.media-amazon.com/images/I/71TlEuXcxzL._AC_UL960_QL65_.jpg","search","ready","VEGER 20000mAh Power Bank Compatible with iPhone, Samsung and Android | Fast Charging, 4 Output 2 Input, Built in Cables T..."
"ORDER-371023","mobile","Pro Wireless Earbuds Retail Pack","B0D8KH4LNB","https://m.media-amazon.com/images/I/51-qiWi6++L._AC_UL960_QL65_.jpg","search","ready","CUKTECH CP25 20000mAh 55W Fast Portable Charger with Built-In Cable | PD Battery Pack, Built-in USB-C Cable, Compatible wi..."
"ORDER-371024","mobile","Pro Privacy Screen Protector Bundle","B0DNQVVVJT","https://m.media-amazon.com/images/I/610u48Qn8hL._AC_UL960_QL65_.jpg","search","ready","CUKTECH 20 Power Bank, 25000mAh 210W Portable Charger for Laptop | Fast Charging Battery Pack, Smart Display, Compatible w..."
"ORDER-371025","mobile","Pro Magnetic Car Phone Mount","B0DM1RGZHD","https://m.media-amazon.com/images/I/614xAHrEblL._AC_SL1500_.jpg","detail","ready","Pro Magnetic Car Phone Mount"
"ORDER-371026","mobile","Pro USB-C Hub Adapter","B0F8FB3ZB6","https://m.media-amazon.com/images/I/61PHPI8YDOL._AC_UL960_QL65_.jpg","search","ready","AUNAN Magnetic Power Bank 20000mAh, Portable Charger 22.5W Fast Charging, Wireless Charger with 3 Built-in Cables, LCD Dis..."
"ORDER-371027","mobile","Pro Smart Watch Strap Set","B0F48HV99S","https://m.media-amazon.com/images/I/514qt0t3YSL._AC_UL960_QL65_.jpg","search","ready","UGREEN MagSafe Power Bank 5000mAh Ultra-Slim Qi2 15W Wireless Charging | Magflow Air, 8.8mm ultra-slim, smart power distri..."
"ORDER-371028","mobile","Pro Rugged Phone Case Bundle","B0DGGKSV1X","https://m.media-amazon.com/images/I/61r+znrv+tL._AC_SL1500_.jpg","detail","ready","Pro Rugged Phone Case Bundle"
"ORDER-371029","mobile","Pro 3-in-1 Wireless Charging Stand","B0DSZKKJTK","https://m.media-amazon.com/images/I/61j96UQ0VYL._AC_UL960_QL65_.jpg","search","ready","Anker Zolo Power Bank (2025 Upgraded Version), 45W Max Fast Charging, 20,000mAh Battery Pack, Dual Built-in USB-C Cables, ..."
"ORDER-371030","mobile","Pro Bluetooth Tracking Tag Pack","B0F37QGJHP","https://m.media-amazon.com/images/I/51jayclDVhL._AC_UL960_QL65_.jpg","search","ready","UGREEN 10000mAh Slim Power Bank Magsafe Qi2 15W Built-in USB-C Cable, Blue | 13.9mm slim, 30W two-way fast charge, built-i..."
"ORDER-371031","mobile","Compact MagSafe Power Bank Set","B0CXHRNVNW","https://m.media-amazon.com/images/I/61lNFPw47eL._AC_UL960_QL65_.jpg","search","ready","UGREEN Mini Power Bank, 5000mAh with Built-In 3.77mm Long USB C Connector | SCP 22.5W Fast Charging, pocket-sized, chargin..."
"ORDER-371032","mobile","Compact 65W GaN Fast Charger Kit","B0DQDBR8QQ","https://m.media-amazon.com/images/I/51Rzzf2GnUL._AC_UL960_QL65_.jpg","search","ready","UGREEN 10000mAh Power Bank 30W with 3 Ports (2*USB-C and USB-A) Portable Battery, Digital Display, Fast Charging Portable ..."
"ORDER-371033","mobile","Compact Wireless Earbuds Retail Pack","B0C93TL5BX","https://m.media-amazon.com/images/I/71SM5pbPmIL._AC_UL960_QL65_.jpg","search","ready","Baseus Magnetic 15W Wireless Portable Charger, 10000mAh Power Bank with 20W Type C Cable, MagSafe Battery Pack for iPhone ..."
"ORDER-371034","mobile","Compact Privacy Screen Protector Bundle","B09RKFMM5F","https://m.media-amazon.com/images/I/51x0PccrGtL._AC_UL960_QL65_.jpg","search","ready","Lazor Speed Pro 20000Mah Power Bank Pb76 Ultra Slim Design | 22.5W Fully Compatible Fast Charging Pd+Qc Type-C & Micro Usb..."
"ORDER-371035","mobile","Compact Magnetic Car Phone Mount","B09FVHB15T","https://m.media-amazon.com/images/I/512+MreCBgL._AC_UL960_QL65_.jpg","search","ready","Olsenmark 10000mAh Power Bank Portable Fast Charger with Dual USB Ports & LED Battery Display, Black, OMPB1820"
"ORDER-371036","mobile","Compact USB-C Hub Adapter","B0DN26GV6P","https://m.media-amazon.com/images/I/41tixg2VKXL._AC_UL960_QL65_.jpg","search","ready","Xiaomi 33W Power Bank with Integrated Cable - 10,000mAh | 33 W fast charging via USB-C cable, 10000 mAh compact. Charges 3..."
"ORDER-371037","mobile","Compact Smart Watch Strap Set","B0G5F48M35","https://m.media-amazon.com/images/I/71SZ+g1m3nL._AC_UL960_QL65_.jpg","search","ready","Powerology Qi2 5000mAh Ultra-Thin Magnetic Power Bank, 15W Wireless Portable Fast Charger for Mobile Phones, PD 20W Type-C..."
"ORDER-371038","mobile","Compact Rugged Phone Case Bundle","B0GJ3K11MK","https://m.media-amazon.com/images/I/411GDn60BQL._AC_SL1500_.jpg","detail","ready","Compact Rugged Phone Case Bundle"
"ORDER-371039","mobile","Compact 3-in-1 Wireless Charging Stand","B08M3NF5KW","https://m.media-amazon.com/images/I/71EJPy2u+BL._AC_UL960_QL65_.jpg","search","ready","ACMIC Power Bank 10000mAh, Portable Charger PD QC 3.0 18W Fast Charging USB C Slim Battery Pack External Phone Battery for..."
"ORDER-371040","mobile","Compact Bluetooth Tracking Tag Pack","B08861XCML","https://m.media-amazon.com/images/I/41KwSkVveeL._AC_UL960_QL65_.jpg","search","ready","Xiaomi Redmi 18W Fast Charge Power Bank 20000mAh Black"
"ORDER-371041","mobile","Premium MagSafe Power Bank Set","B0F48YTC8V","https://m.media-amazon.com/images/I/61uPwsry-tL._AC_UL960_QL65_.jpg","search","ready","Green Lion Rome Series 20000mAh Power Bank, Fast Charging Portable Charger Battery Pack with USB-C & USB-A Ports, Eco-Frie..."
"ORDER-371042","mobile","Premium 65W GaN Fast Charger Kit","B0BYNYBTYK","https://m.media-amazon.com/images/I/61CSWA8xO8L._AC_UL960_QL65_.jpg","search","ready","Anker Power Bank, 533 Power Bank (PowerCore 30W), Power IQ 3.0 Portable Charger with PD 30W Max Output, 10,000mAh Battery ..."
"ORDER-371043","mobile","Premium Wireless Earbuds Retail Pack","B0F6LGCRFW","https://m.media-amazon.com/images/I/51gUlXgAVDL._AC_UL960_QL65_.jpg","search","ready","Magnetic Power Bank 12000mAh for MagSafe，Wireless Portable Charger 22.5W | QC4.0 PD20W， USB C Output Powerbank，Fast Chargi..."
"ORDER-371044","mobile","Premium Privacy Screen Protector Bundle","B0F98H2B53","https://m.media-amazon.com/images/I/51+lprnY91L._AC_UL960_QL65_.jpg","search","ready","Anker Zolo Power Bank, 20k, 22.5W Max, USB-C In and Out Fast Charging Battery Pack, Slim Travel Essential Phone Power Ban..."
"ORDER-371045","mobile","Premium Magnetic Car Phone Mount","B0GPXS51KD","https://m.media-amazon.com/images/I/51EcjyqpAJL._AC_UL960_QL65_.jpg","search","ready","Belkin BoostCharge 5000mAh Magnetic Power Bank with Magnetic Ring - Sand | 5K Portable Wireless Charger, Magnetic Ring for..."
"ORDER-371046","mobile","Premium USB-C Hub Adapter","B0GDWDXS79","https://m.media-amazon.com/images/I/61Gbue8IZ+L._AC_UL960_QL65_.jpg","search","ready","for Magsafe Power Bank 10000mAh,Wireless Portable Charger with led Display | Magnetic powerbank Built in USB-C&Lightning C..."
"ORDER-371047","mobile","Premium Smart Watch Strap Set","B0D4MDHB21","https://m.media-amazon.com/images/I/71HGJsVTdYL._AC_SL1500_.jpg","detail","ready","Premium Smart Watch Strap Set"
"ORDER-371048","mobile","Premium Rugged Phone Case Bundle","B0DN26M81Y","https://m.media-amazon.com/images/I/516j1GhaTAL._AC_UL960_QL65_.jpg","search","ready","Xiaomi 33W Power Bank 10000mAh (Integrated Cable) Tan GL | 33 W fast charging via USB-C cable, 10000 mAh compact. Charges ..."
"ORDER-371049","mobile","Premium 3-in-1 Wireless Charging Stand","B0BMD1NMQ4","https://m.media-amazon.com/images/I/61NjLBIXfaL._AC_UL960_QL65_.jpg","search","ready","Powerology 8x10000mAh Power Bank Station, Compatible with MagSafe With Dual USB-C + Dual USB-A Output Ports, Built-In Type..."
"ORDER-371050","mobile","Premium Bluetooth Tracking Tag Pack","B0FJR63WW4","https://m.media-amazon.com/images/I/510dZUE-PcL._AC_UL960_QL65_.jpg","search","ready","UGREEN Power Bank 25000mAh 200W Fast Portable Charger for Dual Laptops | Nexode Pro,flight-safe, 200W total output, built-..."
"ORDER-371051","mobile","Travel MagSafe Power Bank Set","B0FQVTHSC3","https://m.media-amazon.com/images/I/61ieVpQGETL._AC_UL960_QL65_.jpg","search","ready","CUKTECH 10 Plus 15000mAh 90W CCC Power Bank with Smart Digital Display | Fast Portable Charger, Compatible with MacBook, i..."
"ORDER-371052","mobile","Travel 65W GaN Fast Charger Kit","B0DZXDMXNJ","https://m.media-amazon.com/images/I/61pQ984GXRL._AC_SL1500_.jpg","detail","ready","Travel 65W GaN Fast Charger Kit"
"ORDER-371053","mobile","Travel Wireless Earbuds Retail Pack","B0CZXJHQQ4","https://m.media-amazon.com/images/I/51mm+zqNSrL._AC_SL1500_.jpg","detail","ready","Travel Wireless Earbuds Retail Pack"
"ORDER-371054","mobile","Travel Privacy Screen Protector Bundle","B0D6GMFV56","https://m.media-amazon.com/images/I/31aS4TDQ2WL._AC_UL960_QL65_.jpg","search","ready","Elexeries 10000mAh Power Bank – Fast Charging Portable Charger with Built-In Cables, Light, and Digital Display (WHITE)"
"ORDER-371055","mobile","Travel Magnetic Car Phone Mount","B0G7GX2M71","https://m.media-amazon.com/images/I/61oNNEOGQsL._AC_UL960_QL65_.jpg","search","ready","CUKTECH CP24 20000mAh 40W CCC Power Bank with Built-In Dual Cables | Certified Fast Charger, Smart Digital Display, Compat..."
"ORDER-371056","mobile","Travel USB-C Hub Adapter","B0BKLJS7CD","https://m.media-amazon.com/images/I/71BJpsiUYAL._AC_UL960_QL65_.jpg","search","ready","Energizer Eveready Fast Charger Portable Power Bank Mini 10000mAh - Compact Battery w/Charge Indicator, 1x USB-C, 1x Micro..."
"ORDER-371057","mobile","Travel Smart Watch Strap Set","B08LN1YV1X","https://m.media-amazon.com/images/I/61ty5Bk1XDL._AC_UL960_QL65_.jpg","search","ready","Xiaomi - 20000mAh Redmi Power Bank, Fast Charging, 18W Two-Way Fast Charging, Dual Input and Output Ports, 74Wh High Capac..."
"ORDER-371058","mobile","Travel Rugged Phone Case Bundle","B0CTQ8LPTY","https://m.media-amazon.com/images/I/61oi--VreuL._AC_UL960_QL65_.jpg","search","ready","Small Power Bank with 10000 mAh Fast Charging 22.5 W Portable Mini USB-C Charger with Battery Pack Compact External Batter..."
"ORDER-371059","mobile","Travel 3-in-1 Wireless Charging Stand","B0GCN5LXQC","https://m.media-amazon.com/images/I/61FdlaPh2KL._AC_SL1500_.jpg","detail","ready","Travel 3-in-1 Wireless Charging Stand"
"ORDER-371060","mobile","Travel Bluetooth Tracking Tag Pack","B0G43FHH3T","https://m.media-amazon.com/images/I/71NnowfLzdL._AC_SL1500_.jpg","detail","ready","Travel Bluetooth Tracking Tag Pack"
"ORDER-371061","fashion","Retail Premium Modest Wear Set","B0CG1BDZVQ","https://m.media-amazon.com/images/I/61GWVNPed5L._AC_UL960_QL65_.jpg","search","ready","Styleville.in Women Arabic wear abaya with Hiajb"
"ORDER-371062","fashion","Retail Breathable Abaya Collection","B09WMFKT5G","https://m.media-amazon.com/images/I/41SkL9H0ZDL._AC_UL960_QL65_.jpg","search","ready","Abayas for Women Muslim Dubai Dress Solid Loose Fit Long Cardigan Islamic Kaftan Robe Open Front Maxi Length"
"ORDER-371063","fashion","Retail Men's Business Thobe Pack","B07T2J3TC4","https://m.media-amazon.com/images/I/615nmQTnxnL._AC_UL960_QL65_.jpg","search","ready","Nukhbaa Womens Premium Abaya Made With Fine Fabric, Comes With Matching Hijab AJ721A Traditional (pack of 5)"
"ORDER-371064","fashion","Retail Luxury Hijab Bundle","B0DQVRW9FM","https://m.media-amazon.com/images/I/51aTmfUJ5qL._AC_UL960_QL65_.jpg","search","ready","Rahma Women's Traditional open Abaya with Wide Sleeves and a Headscarf, Premium Nida Fabric, Black"
"ORDER-371065","fashion","Retail Kaftan Lounge Set","B0GNTBJ49Q","https://m.media-amazon.com/images/I/315RcF87QYL._AC_UL960_QL65_.jpg","search","ready","MA premium CEY Inner abaya ladies long modest maxi dress causal/formal under abaya (jalabiya) relaxed soft body touch brea..."
"ORDER-371066","fashion","Retail Modest Activewear Set","B0GGGPT741","https://m.media-amazon.com/images/I/51d3a3ht5HL._AC_UL960_QL65_.jpg","search","ready","Lenmipot Women Abaya Dress with Attached Headscarf Prayer Clothes for Women Fashion Eid Dress Ruffled Cuffs Abaya"
"ORDER-371067","fashion","Retail Family Eid Outfit Pack","B0DHPVZ8WL","https://m.media-amazon.com/images/I/51vrrWakIcL._AC_UL960_QL65_.jpg","search","ready","Nukhbaa Mid Grey color Abaya with Inner dress- 2pcs set-602C51"
"ORDER-371068","fashion","Retail Men's Sandal Retail Set","B0C81VV6CC","https://m.media-amazon.com/images/I/51BA+CBDJGL._AC_UL960_QL65_.jpg","search","ready","Styleville.in Black Solid Abaya with hijab for women"
"ORDER-371069","fashion","Retail Women's Tote & Scarf Set","B0H5C4ND89","https://m.media-amazon.com/images/I/51onfuX9-IL._AC_UL960_QL65_.jpg","search","ready","Three Piece Islamic prayer dress for women with sleeve, Prayer Clothes for Muslim Women, Prayer Abaya For girls, Jilbab 3 ..."
"ORDER-371070","fashion","Retail Premium Prayer Wear Set","B0F63BH917","https://m.media-amazon.com/images/I/414rcp7M9rL._AC_UL960_QL65_.jpg","search","ready","Women’s Abaya with Hijab | Embroidered Long Sleeve Maxi Dress | Modest Islamic Clothing for Women | Poly Crepe Muslim Pray..."
"ORDER-371071","fashion","Pro Premium Modest Wear Set","B0GHBB2VSP","https://m.media-amazon.com/images/I/61ZmpK0GVjL._AC_UL960_QL65_.jpg","search","ready","Rahma Stylish Premium Nida Fabric Abaya, Open Front with Wide Sleeves and headscarf for women and young girls"
"ORDER-371072","fashion","Pro Breathable Abaya Collection","B0GXH8J97D","https://m.media-amazon.com/images/I/51DJ5aTQ-EL._AC_UL960_QL65_.jpg","search","ready","MA premium CEY Inner abaya ladies long modest maxi dress causal/formal under abaya (jalabiya) relaxed soft body touch brea..."
"ORDER-371073","fashion","Pro Men's Business Thobe Pack","B0C81WQQ6Z","https://m.media-amazon.com/images/I/51sOazWbzRL._AC_UL960_QL65_.jpg","search","ready","Plain Women's Abaya with Hijab"
"ORDER-371074","fashion","Pro Luxury Hijab Bundle","B084R1CKVG","https://m.media-amazon.com/images/I/71gcE8K8IaL._AC_UL960_QL65_.jpg","search","ready","Nukhbaa Women's Abaya, Black"
"ORDER-371075","fashion","Pro Kaftan Lounge Set","B0F63DSL3V","https://m.media-amazon.com/images/I/41TyxArEbRL._AC_UL960_QL65_.jpg","search","ready","Women’s Abaya with Hijab | Embroidered Long Sleeve Maxi Dress | Modest Islamic Clothing for Women | Poly Crepe Muslim Pray..."
"ORDER-371076","fashion","Pro Modest Activewear Set","B0GJFQPKDC","https://m.media-amazon.com/images/I/61PEzm59HmL._AC_UL960_QL65_.jpg","search","ready","Rahma Stylish Premium Nida Fabric Abaya, Open Front with Wide Sleeves and headscarf for women and young girls"
"ORDER-371077","fashion","Pro Family Eid Outfit Pack","B0CM9C1FN4","https://m.media-amazon.com/images/I/41xXPSUVpML._AC_UL960_QL65_.jpg","search","ready","FYMNSI womens 66201amazon_lxqnus Soft"
"ORDER-371078","fashion","Pro Men's Sandal Retail Set","B0C3XCYKGQ","https://m.media-amazon.com/images/I/51t3c9kyG+L._AC_SL1200_.jpg","detail","ready","Pro Men's Sandal Retail Set"
"ORDER-371079","fashion","Pro Women's Tote & Scarf Set","B0CPSVB1S4","https://m.media-amazon.com/images/I/61L49o2CyjL._AC_UL960_QL65_.jpg","search","ready","khalat womens Loriya Dress (pack of 1)"
"ORDER-371080","fashion","Pro Premium Prayer Wear Set","B0GXHBMYRL","https://m.media-amazon.com/images/I/61QliAwaRxL._AC_UL960_QL65_.jpg","search","ready","MA premium CEY Inner abaya ladies long modest maxi dress causal/formal under abaya (jalabiya) relaxed soft body touch brea..."
"ORDER-371081","fashion","Compact Premium Modest Wear Set","B0F665HYD8","https://m.media-amazon.com/images/I/51DFeChTI0L._AC_SL1440_.jpg","detail","ready","Compact Premium Modest Wear Set"
"ORDER-371082","fashion","Compact Breathable Abaya Collection","B084R1JSLG","https://m.media-amazon.com/images/I/8120ZQa1FbL._AC_UL960_QL65_.jpg","search","ready","Nukhbaa Women's Abaya, Beige"
"ORDER-371083","fashion","Compact Men's Business Thobe Pack","B0F2T8VSK2","https://m.media-amazon.com/images/I/41CfmLmCAeL._AC_UL960_QL65_.jpg","search","ready","Women's Two-Piece Islamic Prayer Dress – Jilbab Abaya Set, Modest Prayer Outfit for Muslim Women, Umrah & Ramadan Essentials"
"ORDER-371084","fashion","Compact Luxury Hijab Bundle","B0FT4238X1","https://m.media-amazon.com/images/I/61BpoKuCnpL._AC_SL1500_.jpg","detail","ready","Compact Luxury Hijab Bundle"
"ORDER-371085","fashion","Compact Kaftan Lounge Set","B0B4PTBCQ9","https://m.media-amazon.com/images/I/51-hfMr5lzL._AC_UL960_QL65_.jpg","search","ready","Nukhbaa Premium Abaya-AJ220609A-P"
"ORDER-371086","fashion","Compact Modest Activewear Set","B0H65KWVHF","https://m.media-amazon.com/images/I/417mCcAownL._AC_SL1080_.jpg","detail","ready","Compact Modest Activewear Set"
"ORDER-371087","fashion","Compact Family Eid Outfit Pack","B0CDGY7B6R","https://m.media-amazon.com/images/I/51oclXAnsaL._AC_UL960_QL65_.jpg","search","ready","Styleville.in Women Arabic wear abaya with Hiajb"
"ORDER-371088","fashion","Compact Men's Sandal Retail Set","B0DHPWX18B","https://m.media-amazon.com/images/I/41jJPUjBOVL._AC_UL960_QL65_.jpg","search","ready","Nukhbaa Coffee color Abaya with Inner dress- 2pcs set-602C21"
"ORDER-371089","fashion","Compact Women's Tote & Scarf Set","B0F5QGKT42","https://m.media-amazon.com/images/I/41HRtM94G6L._AC_UL960_QL65_.jpg","search","ready","Elegant Women's Abayas with Hijab | Embroidered Abayas with Hijab | Modest Islamic Clothing | Cover Up Women's Islamic Dress"
"ORDER-371090","fashion","Compact Premium Prayer Wear Set","B0FT1BH9JY","https://m.media-amazon.com/images/I/61hdYUYyHtL._AC_UL960_QL65_.jpg","search","ready","Rahma Stylish Premium Nida Fabric Abaya, Open Front with Wide Sleeves and headscarf for women and young girls"
"ORDER-371091","fashion","Premium Premium Modest Wear Set","B07T1L2ZFK","https://m.media-amazon.com/images/I/61qicHpiaNL._AC_UL960_QL65_.jpg","search","ready","Nukhbaa Womens Abaya Made With Fine Fabric, Comes With Matching Hijab SB177A Modern (pack of 5)"
"ORDER-371092","fashion","Premium Breathable Abaya Collection","B0GNT86CHL","https://m.media-amazon.com/images/I/31vGt5yCA-L._AC_UL960_QL65_.jpg","search","ready","MA premium CEY Inner abaya ladies long modest maxi dress causal/formal under abaya (jalabiya) relaxed soft body touch brea..."
"ORDER-371093","fashion","Premium Men's Business Thobe Pack","B0CDHBRHZM","https://m.media-amazon.com/images/I/91ewoPmW4NL._AC_SL1500_.jpg","detail","ready","Premium Men's Business Thobe Pack"
"ORDER-371094","fashion","Premium Luxury Hijab Bundle","B0F5NWS1G5","https://m.media-amazon.com/images/I/61W8ooaTP+L._AC_UL960_QL65_.jpg","search","ready","Rahma Stylish Premium Nida Fabric Abaya, Open Front with Wide Sleeves and headscarf for women and young girls"
"ORDER-371095","fashion","Premium Kaftan Lounge Set","1945913207","https://m.media-amazon.com/images/I/71kF+b3FXYL._AC_UL960_QL65_.jpg","search","ready","Abaya"
"ORDER-371096","fashion","Premium Modest Activewear Set","B07T6SVQ3Z","https://m.media-amazon.com/images/I/61ubcXutryL._AC_SL1500_.jpg","detail","ready","Premium Modest Activewear Set"
"ORDER-371097","fashion","Premium Family Eid Outfit Pack","B0F2TCT17L","https://m.media-amazon.com/images/I/51POA0NLqaL._AC_UL960_QL65_.jpg","search","ready","Women's Two-Piece Islamic Prayer Dress – Jilbab Abaya Set, Modest Prayer Outfit for Muslim Women, Umrah & Ramadan Essentials"
"ORDER-371098","fashion","Premium Men's Sandal Retail Set","B0DQVT7PZW","https://m.media-amazon.com/images/I/513sUjAIiXL._AC_UL960_QL65_.jpg","search","ready","RAHMA Womens Traditional Black Abaya with Long Sleeves and Headscarf, Close design, Premium Nida Fabric"
"ORDER-371099","fashion","Premium Women's Tote & Scarf Set","B0BHYW1LQM","https://m.media-amazon.com/images/I/61xmC21SegL._AC_SL1500_.jpg","detail","ready","Premium Women's Tote & Scarf Set"
"ORDER-371100","fashion","Premium Premium Prayer Wear Set","B09TXM2TDX","https://m.media-amazon.com/images/I/61jB4QFbtHL._AC_SL1500_.jpg","detail","ready","Premium Premium Prayer Wear Set"
"ORDER-371101","fashion","Travel Premium Modest Wear Set","B0FYMSBN21","https://m.media-amazon.com/images/I/61mE7EsSGIL._AC_UL960_QL65_.jpg","search","ready","Modest 3-Piece Floral Abaya Set with Inner Dress & 2 Matching Hijabs – Elegant Layered Silhouette for Women"
"ORDER-371102","fashion","Travel Breathable Abaya Collection","B0F5QGYHFQ","https://m.media-amazon.com/images/I/610-Vxb88uL._AC_SL1440_.jpg","detail","ready","Travel Breathable Abaya Collection"
"ORDER-371103","fashion","Travel Men's Business Thobe Pack","B07SZFLMQM","https://m.media-amazon.com/images/I/51M1+lErW+L._AC_UL960_QL65_.jpg","search","ready","Nukhbaa abaya made with fine fabric, comes with matching Hijab. AJ1665A-P"
"ORDER-371104","fashion","Travel Luxury Hijab Bundle","B0H2FZW3PD","https://m.media-amazon.com/images/I/418zqyKftRL._AC_UL960_QL65_.jpg","search","ready","Womens Premium Abaya Set Made With Fine Fabric | Muslim Prayer Dress Comes With Hijab Sheila | Ladies Full Long Kaftan Jal..."
"ORDER-371105","fashion","Travel Kaftan Lounge Set","B09XHNBN85","https://m.media-amazon.com/images/I/41bWAUmpmnL._AC_SL1080_.jpg","detail","ready","Travel Kaftan Lounge Set"
"ORDER-371106","fashion","Travel Modest Activewear Set","B0FDBFMTG8","https://m.media-amazon.com/images/I/61Kpx-jz1hL._AC_UL960_QL65_.jpg","search","ready","RAHMA Premium Full Length Open Abaya with inner slip dress, Hijab and Belt for women, Wide Sleeves, Modest and stylish Des..."
"ORDER-371107","fashion","Travel Family Eid Outfit Pack","B0GVL2ZSW4","https://m.media-amazon.com/images/I/612csJP1X7L._AC_SL1500_.jpg","detail","ready","Travel Family Eid Outfit Pack"
"ORDER-371108","fashion","Travel Men's Sandal Retail Set","B0GH25N687","https://m.media-amazon.com/images/I/41Ey1b91ZbL._AC_UL960_QL65_.jpg","search","ready","Softspot Islamic Prayer Abaya Isdal for Women, One-Piece Satin Prayer Dress, Full Coverage Salah Wear with Carry Bag"
"ORDER-371109","fashion","Travel Women's Tote & Scarf Set","B0BQD6ZWT2","https://m.media-amazon.com/images/I/51mVyZ5wqYL._AC_SL1500_.jpg","detail","ready","Travel Women's Tote & Scarf Set"
"ORDER-371110","fashion","Travel Premium Prayer Wear Set","B09WMK5TSG","https://m.media-amazon.com/images/I/51mVyZ5wqYL._AC_SL1500_.jpg","detail","ready","Travel Premium Prayer Wear Set"
"ORDER-371111","jewelry","Retail Smart Luxury Watch","B0CT3SGHXL","https://m.media-amazon.com/images/I/61m+fKy7wzL._AC_UL960_QL65_.jpg","search","ready","GARMIN Forerunner 165-43mm, Black | Lightweight GPS Runners Sports Watch with Colourful AMOLED Display | Up to 11 Days of ..."
"ORDER-371112","jewelry","Retail Minimal Gold Jewelry Set","B0GR61WW1Z","https://m.media-amazon.com/images/I/51AMUr26gOL._AC_SL1000_.jpg","detail","ready","Retail Minimal Gold Jewelry Set"
"ORDER-371113","jewelry","Retail Luxury Watch Display Box","B0F9F5X1QB","https://m.media-amazon.com/images/I/61eHkqcy2tL._AC_SL1500_.jpg","detail","ready","Retail Luxury Watch Display Box"
"ORDER-371114","jewelry","Retail Men's Steel Bracelet Set","B01MUA5DU5","https://m.media-amazon.com/images/I/61zPTKahPoL._AC_UL960_QL65_.jpg","search","ready","Casio Classic Alarm Digital Watch"
"ORDER-371115","jewelry","Retail Pearl Necklace Gift Box","B0GMJH7TCM","https://m.media-amazon.com/images/I/51s5EcPhyWL._AC_UL960_QL65_.jpg","search","ready","HUAWEI Band 11 Health and Fitness Tracker, Smart Watch, 24/7 Health Intelligence, HRV, Sleep Tracking, Stress Monitor, Emo..."
"ORDER-371116","jewelry","Retail Arabic Initial Pendant Set","B07C9M757Q","https://m.media-amazon.com/images/I/617mz9xR2JL._AC_UL960_QL65_.jpg","search","ready","Casio Analog Watch: MTP-VD01 Men"
"ORDER-371117","jewelry","Retail Women's Fashion Watch Pack","B07WGJ1JNW","https://m.media-amazon.com/images/I/61g6yHKxg0L._AC_UL960_QL65_.jpg","search","ready","Casio G-Shock Watch - GA-2100-1A1DR Black Dial, Black Band"
"ORDER-371118","jewelry","Retail Travel Jewelry Organizer","B087N9LLLV","https://m.media-amazon.com/images/I/51j6GaoqykL._AC_UL960_QL65_.jpg","search","ready","Casio Women's Watch - LTP-V007G-9BUDF Gold Dial, Gold Band"
"ORDER-371119","jewelry","Retail Luxury Cufflink Set","B07WGMD9ND","https://m.media-amazon.com/images/I/61KVxqpTR4L._AC_UL960_QL65_.jpg","search","ready","Seiko Men's Analogue Automatic Watch Seiko 5 Sports, Blue, Srpd5 Analgoue, 3K1"
"ORDER-371120","jewelry","Retail Crystal Bracelet Gift Set","B01MXY3COB","https://m.media-amazon.com/images/I/91yXgwz-aJL._AC_UL960_QL65_.jpg","search","ready","U.S. Polo Assn. Women's Quartz Watch, Analog Display and Stainless Steel Strap, USC40043"
"ORDER-371121","jewelry","Pro Smart Luxury Watch","B07BS3LCP1","https://m.media-amazon.com/images/I/61CKZSwqOPL._AC_UL960_QL65_.jpg","search","ready","Casio Men's Watch - MTP-VD01D-2EVUDF Blue Dial, Silver Band"
"ORDER-371122","jewelry","Pro Minimal Gold Jewelry Set","B015ZXPZUG","https://m.media-amazon.com/images/I/61KvYhkwcYL._AC_UL960_QL65_.jpg","search","ready","Casio Analog Watch: MTP-V006 Men"
"ORDER-371123","jewelry","Pro Luxury Watch Display Box","B01MFG732O","https://m.media-amazon.com/images/I/61WzFmz9VRL._AC_UL960_QL65_.jpg","search","ready","Casio Watch"
"ORDER-371124","jewelry","Pro Men's Steel Bracelet Set","B00A2ERBSS","https://m.media-amazon.com/images/I/61f4urm1fKL._AC_SL1080_.jpg","detail","ready","Pro Men's Steel Bracelet Set"
"ORDER-371125","jewelry","Pro Pearl Necklace Gift Box","B079C94BMZ","https://m.media-amazon.com/images/I/61Cf1tr8CML._AC_UL960_QL65_.jpg","search","ready","Casio Men's Watch - MTP-V002L-1BUDF Black Dial, Black Band"
"ORDER-371126","jewelry","Pro Arabic Initial Pendant Set","B07W8Q5KBV","https://m.media-amazon.com/images/I/61IHHph+36L._AC_UL960_QL65_.jpg","search","ready","Police Raglan Men's Analogue Watch"
"ORDER-371127","jewelry","Pro Women's Fashion Watch Pack","B0BS3TFFJY","https://m.media-amazon.com/images/I/81X9-0ZOvZL._AC_UL960_QL65_.jpg","search","ready","Tommy Hilfiger MACY'S ESSENTIALS Men Watch, Analog"
"ORDER-371128","jewelry","Pro Travel Jewelry Organizer","B000J39T2S","https://m.media-amazon.com/images/I/71Tz2scwrHL._AC_UL960_QL65_.jpg","search","ready","Casio Quartz Watch: AQ-230 Men"
"ORDER-371129","jewelry","Pro Luxury Cufflink Set","B0CCSC9GP3","https://m.media-amazon.com/images/I/71fY4iNuJQL._AC_UL960_QL65_.jpg","search","ready","Titan Classique Analog Round Watch for Men's"
"ORDER-371130","jewelry","Pro Crystal Bracelet Gift Set","B08WGB2RFN","https://m.media-amazon.com/images/I/61mNu3t2W6L._AC_UL960_QL65_.jpg","search","ready","Nine West Women's Strap Watch"
"ORDER-371131","jewelry","Compact Smart Luxury Watch","B09WS9FH1V","https://m.media-amazon.com/images/I/81EXMk1yTbL._AC_UL960_QL65_.jpg","search","ready","CAT Tokyo Watches"
"ORDER-371132","jewelry","Compact Minimal Gold Jewelry Set","B0B3GJYFQX","https://m.media-amazon.com/images/I/61tn+4C108L._AC_UL960_QL65_.jpg","search","ready","Seiko 5 Sports SSK GMT Black Dial Automatic Men's Watch SSK001K1"
"ORDER-371133","jewelry","Compact Luxury Watch Display Box","B015ZXPT0M","https://m.media-amazon.com/images/I/51mge8lyG7L._AC_UL960_QL65_.jpg","search","ready","Casio Analog Watch: LTP-V007 Women"
"ORDER-371134","jewelry","Compact Men's Steel Bracelet Set","B01N18OW9V","https://m.media-amazon.com/images/I/81XDyn8kqPL._AC_UL960_QL65_.jpg","search","ready","U.S. Polo Assn. Women's Quartz Watch, Analog Display and Gold Plated Strap USC40250"
"ORDER-371135","jewelry","Compact Pearl Necklace Gift Box","B0DJ5ZXZQP","https://m.media-amazon.com/images/I/71t4icCUkHL._AC_UL960_QL65_.jpg","search","ready","Luxury Men's Moon Phase Watch Multifunction Chronograph Quartz Wristwatch with Luminous Dial Waterproof Stainless Steel Strap"
"ORDER-371136","jewelry","Compact Arabic Initial Pendant Set","B01BY7JUCQ","https://m.media-amazon.com/images/I/913rStTqvrL._AC_UL960_QL65_.jpg","search","ready","U.S. POLO ASSN. Women's Quartz Watch, Analog Display and Gold Plated Strap USC40117"
"ORDER-371137","jewelry","Compact Women's Fashion Watch Pack","B000GBPDIW","https://m.media-amazon.com/images/I/51vuNV5pRBL._AC_UL960_QL65_.jpg","search","ready","Casio Quartz Watch"
"ORDER-371138","jewelry","Compact Travel Jewelry Organizer","B09B9P5GPY","https://m.media-amazon.com/images/I/61gxB39sY7L._AC_UL960_QL65_.jpg","search","ready","Titan Karishma Analog Round Watch for Women's"
"ORDER-371139","jewelry","Compact Luxury Cufflink Set","B0CR3PZT31","https://m.media-amazon.com/images/I/61hAIigP3TL._AC_UL960_QL65_.jpg","search","ready","Titan Quartz Analog Watch for Men"
"ORDER-371140","jewelry","Compact Crystal Bracelet Gift Set","B000LAKYW8","https://m.media-amazon.com/images/I/613BThUhjoL._AC_UL960_QL65_.jpg","search","ready","Casio Unisex-Adult Quartz Watch"
"ORDER-371141","jewelry","Premium Smart Luxury Watch","B00HFPIIOI","https://m.media-amazon.com/images/I/71rwShn73PL._AC_UL960_QL65_.jpg","search","ready","Casio F91W-1 Mens Classic Chronograph Alarm LCD Digital Watch, Black, F-91W-1DG"
"ORDER-371142","jewelry","Premium Minimal Gold Jewelry Set","B0CHPJ2XTC","https://m.media-amazon.com/images/I/61zLMFnPMXL._AC_UL960_QL65_.jpg","search","ready","Armfit HULK Smart watch with AMOLED Always On Display Smart watches for men, BT Calling Waterproof Fitness Watch with Hear..."
"ORDER-371143","jewelry","Premium Luxury Watch Display Box","B0833XQXSM","https://m.media-amazon.com/images/I/71N2cxFsoqL._AC_UL960_QL65_.jpg","search","ready","BY BENYAR Watch for Men Silver Stainless Steel Mens Watches 30M Waterproof Analog Quartz Movement Wrist Watch Gifts for Men"
"ORDER-371144","jewelry","Premium Men's Steel Bracelet Set","B08C2X57ZH","https://m.media-amazon.com/images/I/71v45JoueyL._AC_UL960_QL65_.jpg","search","ready","BY BENYAR Watch for Men Silver Stainless Steel Mens Watches 30M Waterproof Analog Quartz Movement Wrist Watch Gifts for Men"
"ORDER-371145","jewelry","Premium Pearl Necklace Gift Box","B0D7PVBQYH","https://m.media-amazon.com/images/I/61LfgJjU5IL._AC_UL960_QL65_.jpg","search","ready","TITAN Celestor Smart Watch 1.43""AMOLED Round Display, Opto-Mechanical Crown, In-Built GPS, Altimeter, Barometer, Compass, ..."
"ORDER-371146","jewelry","Premium Arabic Initial Pendant Set","B0CTCLBST5","https://m.media-amazon.com/images/I/61K2qby-3oL._AC_UL960_QL65_.jpg","search","ready","Samsung Galaxy Fit3 Smartwatch, Exercise and Sleep Tracking, Fall Detection, Bluetooth, 40mm, Gray"
"ORDER-371147","jewelry","Premium Women's Fashion Watch Pack","B0CZSM9692","https://m.media-amazon.com/images/I/51VsyhWtHQL._AC_UL960_QL65_.jpg","search","ready","Michael Kors Lexington Watch for Women, 26mm Quartz Three Hand Movement with Stainless Steel Strap"
"ORDER-371148","jewelry","Premium Travel Jewelry Organizer","B079MRQ1VW","https://m.media-amazon.com/images/I/410NkIE929L._AC_UL960_QL65_.jpg","search","ready","Titan Karishma Analog Oval Watch for Women's"
"ORDER-371149","jewelry","Premium Luxury Cufflink Set","B01NC2LLDE","https://m.media-amazon.com/images/I/71uNcPB8CtL._AC_UL960_QL65_.jpg","search","ready","U.S. POLO ASSN. Women's Quartz Watch, Analog Display and Gold Plated Strap USC40263"
"ORDER-371150","jewelry","Premium Crystal Bracelet Gift Set","B095KYR2KJ","https://m.media-amazon.com/images/I/61F8yCVA7uL._AC_UL960_QL65_.jpg","search","ready","G-Shock Men's Resin Watch - CA.GBA-900-1AER, Black, GBA-900-1AER, Black, GBA-900-1AER"
"ORDER-371151","jewelry","Travel Smart Luxury Watch","B0992HV713","https://m.media-amazon.com/images/I/51Mnx9pKA4L._AC_UL960_QL65_.jpg","search","ready","Seiko Watch"
"ORDER-371152","jewelry","Travel Minimal Gold Jewelry Set","B0CWCZ5V6T","https://m.media-amazon.com/images/I/71M5XGNlPqL._AC_UL960_QL65_.jpg","search","ready","Casio Men's Watch - MTP-VD02B-1EUDF Black Dial"
"ORDER-371153","jewelry","Travel Luxury Watch Display Box","B00HF49WWG","https://m.media-amazon.com/images/I/61ghrgyFO2L._AC_UL960_QL65_.jpg","search","ready","Timex Expedition Scout Nylon Strap Gents Watch"
"ORDER-371154","jewelry","Travel Men's Steel Bracelet Set","B0D53LKQ3F","https://m.media-amazon.com/images/I/51wdLMK6Y9L._AC_UL960_QL65_.jpg","search","ready","NAVIFORCE Men Sports Waterproof Digital Watches with Stopwatch Alarm Rubber Strap Wristwatch for Women"
"ORDER-371155","jewelry","Travel Pearl Necklace Gift Box","B00EECW2EM","https://m.media-amazon.com/images/I/51ArW8YCpWL._AC_UL960_QL65_.jpg","search","ready","Casio Men's Stainless Steel Band Watch"
"ORDER-371156","jewelry","Travel Arabic Initial Pendant Set","B00DUCIMCI","https://m.media-amazon.com/images/I/81hmv3QuQfL._AC_UL960_QL65_.jpg","search","ready","Fossil Coachman Men's Watch with Genuine Leather Bracelet Cuff"
"ORDER-371157","jewelry","Travel Women's Fashion Watch Pack","B01BY7JU76","https://m.media-amazon.com/images/I/716LxKprDGL._AC_UL960_QL65_.jpg","search","ready","U.S. Polo Assn. Womens Quartz Watch, Analog Display and Stainless Steel Strap USC40118"
"ORDER-371158","jewelry","Travel Travel Jewelry Organizer","B07ZW91L56","https://m.media-amazon.com/images/I/61Az7vfxF8L._AC_UL960_QL65_.jpg","search","ready","Casio Analog Watch: MTP-VD01 Men"
"ORDER-371159","jewelry","Travel Luxury Cufflink Set","B000KKO85S","https://m.media-amazon.com/images/I/61FXGJpfV1L._AC_SL1000_.jpg","detail","ready","Travel Luxury Cufflink Set"
"ORDER-371160","jewelry","Travel Crystal Bracelet Gift Set","B007V2ZZWS","https://m.media-amazon.com/images/I/71wnNA2FcvL._AC_UL960_QL65_.jpg","search","ready","Casio G-Shock Watch For Men Ana-Digi Dial Resin Band - GA-100-1A2"
"ORDER-371161","home","Retail Compact Air Fryer","B0BVT84FLK","https://m.media-amazon.com/images/I/71mcpBoZCHL._AC_SL1500_.jpg","detail","ready","Retail Compact Air Fryer"
"ORDER-371162","home","Retail Arabic Coffee Gift Kit","B099VYY4MT","https://m.media-amazon.com/images/I/71WCIAu1tVL._AC_SL1500_.jpg","detail","ready","Retail Arabic Coffee Gift Kit"
"ORDER-371163","home","Retail Electric Kettle Set","B09BJNFH1V","https://m.media-amazon.com/images/I/61rKw7WxNpL._AC_SL1500_.jpg","detail","ready","Retail Electric Kettle Set"
"ORDER-371164","home","Retail Capsule Coffee Machine","B0DK6YX8CW","https://m.media-amazon.com/images/I/61iyt5tKaoL._AC_UL960_QL65_.jpg","search","ready","U-HOOME Kitchen Counter Shelf Organizer,2 Tier Wood Kitchen Spice Rack Organizer for Countertop Coffee Bar Station Organiz..."
"ORDER-371165","home","Retail Kitchen Storage Organizer","B0FJS15KS4","https://m.media-amazon.com/images/I/71jIBTfr5gL._AC_SL1500_.jpg","detail","ready","Retail Kitchen Storage Organizer"
"ORDER-371166","home","Retail Digital Kitchen Scale","B0DP92ZRVP","https://m.media-amazon.com/images/I/71YpuTW6SxL._AC_UL960_QL65_.jpg","search","ready","Tycom Spice Rack, Kitchen Shelf Organizer Countertop, 2-Tier Large Standing Seasoning Rack for Storage Spice, Kitchen Spic..."
"ORDER-371167","home","Retail Countertop Blender","B0DK6R412K","https://m.media-amazon.com/images/I/71QHtrFNZUL._AC_SL1500_.jpg","detail","ready","Retail Countertop Blender"
"ORDER-371168","home","Retail Stainless Cookware Set","B0DDT53QQM","https://m.media-amazon.com/images/I/91gAEnA8IyL._AC_SL1500_.jpg","detail","ready","Retail Stainless Cookware Set"
"ORDER-371169","home","Retail Smart Home Diffuser","B09SG2XVGJ","https://m.media-amazon.com/images/I/71REEEV4hZL._AC_SL1500_.jpg","detail","ready","Retail Smart Home Diffuser"
"ORDER-371170","home","Retail Cordless Vacuum Cleaner","B0839XY3SD","https://m.media-amazon.com/images/I/81sJEwVlMAL._AC_SL1500_.jpg","detail","ready","Retail Cordless Vacuum Cleaner"
"ORDER-371171","home","Pro Compact Air Fryer","B0CY226XY8","https://m.media-amazon.com/images/I/81yu2FWqOsL._AC_SL1500_.jpg","detail","ready","Pro Compact Air Fryer"
"ORDER-371172","home","Pro Arabic Coffee Gift Kit","B0D2HBKMJS","https://m.media-amazon.com/images/I/71nHwauWCNL._AC_SL1500_.jpg","detail","ready","Pro Arabic Coffee Gift Kit"
"ORDER-371173","home","Pro Electric Kettle Set","B0D2HC9VL7","https://m.media-amazon.com/images/I/91nJTUlfJ9L._AC_SL1500_.jpg","detail","ready","Pro Electric Kettle Set"
"ORDER-371174","home","Pro Capsule Coffee Machine","B0D2FDK1PS","https://m.media-amazon.com/images/I/81Ia-f4wHPL._AC_SL1500_.jpg","detail","ready","Pro Capsule Coffee Machine"
"ORDER-371175","home","Pro Kitchen Storage Organizer","B0FR3X6C6K","https://m.media-amazon.com/images/I/41u4Sud4DUL._AC_SL1500_.jpg","detail","ready","Pro Kitchen Storage Organizer"
"ORDER-371176","home","Pro Digital Kitchen Scale","B0FR4C7BKK","https://m.media-amazon.com/images/I/61TGr6gtJDL._AC_SL1500_.jpg","detail","ready","Pro Digital Kitchen Scale"
"ORDER-371177","home","Pro Countertop Blender","B0FQTF3657","https://m.media-amazon.com/images/I/61FBsESB-XL._AC_SL1500_.jpg","detail","ready","Pro Countertop Blender"
"ORDER-371178","home","Pro Stainless Cookware Set","B09N6RL7HQ","https://m.media-amazon.com/images/I/613X5Jr74bL._AC_UL960_QL65_.jpg","search","ready","U-HOOME Expandable Countertop Organizer Shelf , Cupboard Stand Kitchen Spice Rack,Cabinet Pantry Shelf, Organization and S..."
"ORDER-371179","home","Pro Smart Home Diffuser","B0BFW6SQ1L","https://m.media-amazon.com/images/I/51s-Auq2MvL._AC_UL960_QL65_.jpg","search","ready","AMERTEER Kitchen Drawer Organizer | Expandable Utensil Tray, BPA-Free Flatware, Cutlery Organizer| Large Adjustable Storag..."
"ORDER-371180","home","Pro Cordless Vacuum Cleaner","B09DTPL1SJ","https://m.media-amazon.com/images/I/71-GbT1xZvL._AC_UL960_QL65_.jpg","search","ready","Delcasa Dish Rack - Portable Lightweight Simple wire - Plate Rack/Drainer - Kitchen Cupboard Storage Organiser | Ideal for..."
"ORDER-371181","home","Compact Compact Air Fryer","B0BWSBHN51","https://m.media-amazon.com/images/I/51dck050NzL._AC_UL960_QL65_.jpg","search","ready","MARKQ Hanging Under Shelf Storage Basket, Large Wire Basket Space Saving Organizer for Kitchen Office Bathroom Cupboard Pa..."
"ORDER-371182","home","Compact Arabic Coffee Gift Kit","B0F5WZWRBP","https://m.media-amazon.com/images/I/619Zhuf94BL._AC_UL960_QL65_.jpg","search","ready","Purfex 3-Piece Kitchen Storage Shelf Organizer Set,Cabinet Organizer Shelf, Stackable Plastic Foldable Countertop Storage ..."
"ORDER-371183","home","Compact Electric Kettle Set","B0CPDCG9GX","https://m.media-amazon.com/images/I/61x3H9ubGLL._AC_UL960_QL65_.jpg","search","ready","Lifewit Silverware Drawer Organizer Tray, Cutlery Storage for Kitchen | Plastic Flatware and Utensil Holder Divider for Sp..."
"ORDER-371184","home","Compact Capsule Coffee Machine","B07N6MWYRR","https://m.media-amazon.com/images/I/51-rR-4VqDL._AC_UL960_QL65_.jpg","search","ready","SKY-TOUCH Expandable Under Sink Storage 2 Tiers, Kitchen Adjustable Storage Organizer Rack, White"
"ORDER-371185","home","Compact Kitchen Storage Organizer","B0G1H6K93L","https://m.media-amazon.com/images/I/61IkncTaSAL._AC_UL960_QL65_.jpg","search","ready","LENND Set of 2 Kitchen Cabinet Organizer Shelf Stackable Sturdy Metal Counter Countertop Pantry Storage Rack"
"ORDER-371186","home","Compact Digital Kitchen Scale","B0CF9BX15B","https://m.media-amazon.com/images/I/81defYvn2-L._AC_UL960_QL65_.jpg","search","ready","SKY-TOUCH 3 Tier trolley organizer,Foldable Metal Rolling Utility Cart Organizer, Multipurpose Organizer Trolley with Cast..."
"ORDER-371187","home","Compact Countertop Blender","B09HNS14B8","https://m.media-amazon.com/images/I/41AXcHOmupL._AC_UL960_QL65_.jpg","search","ready","Royalford Cutlery Holder, Premium Quality Stainless Steel, Storage For Countertop Organizer Cooking Utensil Crock Kitchen ..."
"ORDER-371188","home","Compact Stainless Cookware Set","B0CX9CV1S7","https://m.media-amazon.com/images/I/71Dsw7pZTTL._AC_UL960_QL65_.jpg","search","ready","SKY-TOUCH 3pcs Storage Racks Pull-Type Double-Layer Kitchen Storage Rack,Under Sink Organizer,Double Sliding Under Bathroo..."
"ORDER-371189","home","Compact Smart Home Diffuser","B0FM58W5Z7","https://m.media-amazon.com/images/I/51PvAJSlDwL._AC_UL960_QL65_.jpg","search","ready","Premify 10L Clear Plastic Storage Box – Stackable & Lockable Organizer Container with Lid for Home, Office, Kitchen & Garage"
"ORDER-371190","home","Compact Cordless Vacuum Cleaner","B09ZKX7WG3","https://m.media-amazon.com/images/I/71xoz3gNnQL._AC_UL960_QL65_.jpg","search","ready","Jadehom 19 x 13 Inches Spice Drawer Organizer, 4 Tier Clear Acrylic Expandable In-Drawer Seasoning Jars Rack, Kitchen Draw..."
"ORDER-371191","home","Premium Compact Air Fryer","B07ZJMZRBK","https://m.media-amazon.com/images/I/611LNS9ZIvL._AC_UL960_QL65_.jpg","search","ready","In-House Food Storage Boxes With Lids Freezer Safe Volwco 3 Pcs 4.7L Large Plastic Kitchen Refrigerator Stackable Food Fru..."
"ORDER-371192","home","Premium Arabic Coffee Gift Kit","1452135215","https://m.media-amazon.com/images/I/81nEqr3+wgL._AC_UL960_QL65_.jpg","search","ready","Artful Organizer: Vintage Camera: Stylish Storage for Your Pens, Pencils, and More!"
"ORDER-371193","home","Premium Electric Kettle Set","B0GLH29BQM","https://m.media-amazon.com/images/I/61OTr6X+guL._AC_UL960_QL65_.jpg","search","ready","Pull Out Kitchen Organizer, Under Sink Storage Shelf Rack - for Spices, Cans, Sauces, Bottles - Sliding Cabinet Drawer for..."
"ORDER-371194","home","Premium Capsule Coffee Machine","B0F21QG7ZS","https://m.media-amazon.com/images/I/812du5-eWjL._AC_UL960_QL65_.jpg","search","ready","TAME Spice Rack Organizer for Countertop, 2-Tier Kitchen Countertop Organizer Shelf, Foldable Seasoning Storage Shelf, Bat..."
"ORDER-371195","home","Premium Kitchen Storage Organizer","B0C713YJWP","https://m.media-amazon.com/images/I/713j+QnMVUL._AC_UL960_QL65_.jpg","search","ready","Giikin Countertop Shelf Organizer, 2 Tier Kitchen Spice Rack Organizer for Countertop, Wood Coffee Counter Shelf Organizer..."
"ORDER-371196","home","Premium Digital Kitchen Scale","B0FC2KVHQC","https://m.media-amazon.com/images/I/71c4QJnt4mL._AC_UL960_QL65_.jpg","search","ready","SKY-TOUCH 4 Pack Clear Stackable Storage Bins, Organizer Boxes with Handle for Kitchen Organization, Perfect for Kitchen, ..."
"ORDER-371197","home","Premium Countertop Blender","B0H85D9XVB","https://m.media-amazon.com/images/I/51JosRjKIUL._AC_UL960_QL65_.jpg","search","ready","5-Tier Kitchen Storage Rack with Wheels – Rolling Metal Shelf Organizer with 2 Fruit & Vegetable Baskets and 4 Hanging Hoo..."
"ORDER-371198","home","Premium Stainless Cookware Set","B0F53RLK9M","https://m.media-amazon.com/images/I/71wNXShHnML._AC_UL960_QL65_.jpg","search","ready","Hermily 2-Tier Kitchen Organizer Stand Shelf with Removable Storage Baskets, Durable Metal Construction, Space-Saving Coun..."
"ORDER-371199","home","Premium Smart Home Diffuser","B0H2KQQ8BH","https://m.media-amazon.com/images/I/61jJKDFFz5L._AC_SL1000_.jpg","detail","ready","Premium Smart Home Diffuser"
"ORDER-371200","home","Premium Cordless Vacuum Cleaner","B0DNMM7V53","https://m.media-amazon.com/images/I/71qfjI2Hc-L._AC_SL1500_.jpg","detail","ready","Premium Cordless Vacuum Cleaner"
"ORDER-371201","home","Travel Compact Air Fryer","B07RGGYLGY","https://m.media-amazon.com/images/I/71s1bg9wLZL._AC_UL960_QL65_.jpg","search","ready","SONGMICS Cabinet Organizer Shelf, Set of 2 Kitchen Counter Shelves, Stackable, Expandable, Metal and Engineered Wood, Blac..."
"ORDER-371202","home","Travel Arabic Coffee Gift Kit","B0CTDVSW5Y","https://m.media-amazon.com/images/I/71T4LVZZ34L._AC_UL960_QL65_.jpg","search","ready","SKY-TOUCH 5 Tier Kitchen Storage Shelf, Rotatable Fruit Vegetable Basket, Circular Rotating Basket Large Storage Rack with..."
"ORDER-371203","home","Travel Electric Kettle Set","B0DMS24JL7","https://m.media-amazon.com/images/I/71ctsiAWbML._AC_UL960_QL65_.jpg","search","ready","MOTIM Kitchen Organizer Under Sink Storage Rack, 2-Tier Stackable Cabinet Organizer Shelf with Sliding Drawer Suitable for..."
"ORDER-371204","home","Travel Capsule Coffee Machine","B093315R74","https://m.media-amazon.com/images/I/71++ttqAu-L._AC_UL960_QL65_.jpg","search","ready","Puricon Expandable Pot and Pan Organizer for Cabinet with 10 Dividers, Adjustable Pots and Pans Organizer Rack Pan Lid Coo..."
"ORDER-371205","home","Travel Kitchen Storage Organizer","B0H3TN1BPL","https://m.media-amazon.com/images/I/51NRbcDZWsL._AC_UL960_QL65_.jpg","search","ready","Zayla Expandable Storage Rack Shelf Organizer Adjustable Cabinet Shelf Organizers Expandable Kitchen Cabinet Organizer She..."
"ORDER-371206","home","Travel Digital Kitchen Scale","B0CHMCTK38","https://m.media-amazon.com/images/I/71CT4aiVuRL._AC_UL960_QL65_.jpg","search","ready","ANBOXIT Countertop Coffee Station Organizer, 2 Tier Wooden Shelf | for Coffee Bar Accessories, Condiment Storage Caddy for..."
"ORDER-371207","home","Travel Countertop Blender","B0FJXH4G5X","https://m.media-amazon.com/images/I/61BX6dVSFxL._AC_UL960_QL65_.jpg","search","ready","2-Tier Wall Mounted Kitchen Organizer Rack, Pantry Shelf with 8 Hooks for Pans & Spices, Black Metal Kitchen Storage Shelf..."
"ORDER-371208","home","Travel Stainless Cookware Set","B0D7HF36CJ","https://m.media-amazon.com/images/I/71OUcv0cpRL._AC_UL960_QL65_.jpg","search","ready","Lifewit Utensil Organizer for Kitchen Drawer, Expandable Cooking Silverware Tray, Adjustable Cutlery Flatware Holder, Plas..."
"ORDER-371209","home","Travel Smart Home Diffuser","B0GCJQ9GSV","https://m.media-amazon.com/images/I/51hv38GIRZL._AC_UL960_QL65_.jpg","search","ready","PREMIFY Lockable Clear Plastic Storage Box 5L — Transparent Organizer with Snap‑Fit Lid side lock, Stackable Container for..."
"ORDER-371210","home","Travel Cordless Vacuum Cleaner","B0DPJ25LL5","https://m.media-amazon.com/images/I/71JJrLoAPHL._AC_UL960_QL65_.jpg","search","ready","Sulfar Kitchen Stand 2 Tier | Multipurpose Spice Rack Organizer | Stainless Steel Kitchen Shelf | Storage Holder for Jars..."
"ORDER-371211","furniture","Retail LED Decor Light Panel","B0BPVM5KBP","https://m.media-amazon.com/images/I/61U5mjxdJ7L._AC_SL1500_.jpg","detail","ready","Retail LED Decor Light Panel"
"ORDER-371212","furniture","Retail Foldable Study Desk","B0B917JJLQ","https://m.media-amazon.com/images/I/513UKvvNEjL._AC_SL1500_.jpg","detail","ready","Retail Foldable Study Desk"
"ORDER-371213","furniture","Retail Luxury Storage Organizer","B0BCL7MSQL","https://m.media-amazon.com/images/I/713tVVgqOuL._AC_SL1500_.jpg","detail","ready","Retail Luxury Storage Organizer"
"ORDER-371214","furniture","Retail 3D LED Wall Clock","B0BVQP7T45","https://m.media-amazon.com/images/I/71oqWeXeo+L._AC_UL960_QL65_.jpg","search","ready","AWNR White Ceramic Donut Vase Set of 2 for Modern Home Decor, Minimalist Round Vase for Centerpieces, Unique Neutral Boho ..."
"ORDER-371215","furniture","Retail Velvet Hanger Storage Pack","B092VSSQPN","https://m.media-amazon.com/images/I/61B7i2snWaS._AC_UL960_QL65_.jpg","search","ready","FJS Gold Decor Thinker Statue Abstract Art Sculpture, Set of 3, Gold"
"ORDER-371216","furniture","Retail Gaming Chair Cushion Set","B08ZSXD1BR","https://m.media-amazon.com/images/I/81b0GCf0zdL._AC_UL960_QL65_.jpg","search","ready","Coferset 2 Pack Small Fake Plants Eucalyptus Potted Artificial Plants for Shelf Desk Home Bathroom Farmhouse Room Coffee T..."
"ORDER-371217","furniture","Retail Minimal Coffee Table","B0C9Q4XMSJ","https://m.media-amazon.com/images/I/616o+urM+KL._AC_SL1500_.jpg","detail","ready","Retail Minimal Coffee Table"
"ORDER-371218","furniture","Retail Decorative Floor Lamp","B0C9Q7DCJS","https://m.media-amazon.com/images/I/61gpQYW88AL._AC_SL1500_.jpg","detail","ready","Retail Decorative Floor Lamp"
"ORDER-371219","furniture","Retail Under-Sink Organizer Rack","B0C9Q54M4D","https://m.media-amazon.com/images/I/61InJ6EeFeL._AC_SL1500_.jpg","detail","ready","Retail Under-Sink Organizer Rack"
"ORDER-371220","furniture","Retail Luxury Cushion Cover Set","B0CQCV1YNW","https://m.media-amazon.com/images/I/61LRjaOeJiL._AC_UL960_QL65_.jpg","search","ready","SKY-TOUCH Home Decor Ceramic Vase Set of 3 : Pampas Grass Dried Flowers Vase Modern Boho Vases Decoration Items for Living..."
"ORDER-371221","furniture","Pro LED Decor Light Panel","B0F5GTD4HN","https://m.media-amazon.com/images/I/7170jfgG3HL._AC_UL960_QL65_.jpg","search","ready","Bamworld Plant Stand with Grow Light for Indoor Plants Corner 7 Tier Metal Plant Shelf Wood Flower Stand for Home Living R..."
"ORDER-371222","furniture","Pro Foldable Study Desk","B0CDLXVVVZ","https://m.media-amazon.com/images/I/61+RFwUqIXL._AC_UL960_QL65_.jpg","search","ready","Hanobe Candle Plate Holder Tray: Round Wooden Decorative Candle Plate Small Farmhouse Table Centerpiece Rustic Wood Tealig..."
"ORDER-371223","furniture","Pro Luxury Storage Organizer","B0H73K1RWY","https://m.media-amazon.com/images/I/81xaEmS2H0L._AC_SL1500_.jpg","detail","ready","Pro Luxury Storage Organizer"
"ORDER-371224","furniture","Pro 3D LED Wall Clock","B0B27WGC8Q","https://m.media-amazon.com/images/I/819tlu7DkFL._AC_UL960_QL65_.jpg","search","ready","FEXIA - Burlap Cotton Table Runners - 30.5 x 183 cm - Rustic Boho Burlap Table Runners for Home - Kitchen, Dining, Coffee ..."
"ORDER-371225","furniture","Pro Velvet Hanger Storage Pack","B0CQCSDJH8","https://m.media-amazon.com/images/I/71GkDqQX50L._AC_UL960_QL65_.jpg","search","ready","SKY-TOUCH Natural Dried Pampas Grass Bouquet : Brown White Reed Pampas Floral Arrangements Decorations for Home Room Offic..."
"ORDER-371226","furniture","Pro Gaming Chair Cushion Set","B0F4KXBC9T","https://m.media-amazon.com/images/I/51kdNJWqrwL._AC_UL960_QL65_.jpg","search","ready","Romantic Couple Statue,Couple Hugging Statue Figurines Ornaments | Sculpture Small Shelf Ornaments Home Decor Items for Li..."
"ORDER-371227","furniture","Pro Minimal Coffee Table","B0BPDM6KRH","https://m.media-amazon.com/images/I/61+E9vfeTYL._AC_UL960_QL65_.jpg","search","ready","Ediactcyl 4 Pack Faux Books for Decoration, Modern Fashion Decorative Books Set for Hardcover Home Decor, Fake Book Stacks..."
"ORDER-371228","furniture","Pro Decorative Floor Lamp","B0CHFHG86B","https://m.media-amazon.com/images/I/610IwfqYCfL._AC_UL960_QL65_.jpg","search","ready","Night Light with Light Sensor, Warm White 3000K, 2 Pack | Dusk to Dawn Sensor, 0-100LM Dimmable, Plug in, Soft Light, Ener..."
"ORDER-371229","furniture","Pro Under-Sink Organizer Rack","B0BPNP9FBW","https://m.media-amazon.com/images/I/61atCuMlb9L._AC_UL960_QL65_.jpg","search","ready","USTOTOP Decorative Books Set, Storage Box for Entry Table, Decorative Stacked Books Decor, Shelf Decor Accents Decorative ..."
"ORDER-371230","furniture","Pro Luxury Cushion Cover Set","B0BCKLM33P","https://m.media-amazon.com/images/I/8139T8YbdkL._AC_UL960_QL65_.jpg","search","ready","Dekorly Artificial Potted Plants 8 Pack Artificial Plastic Eucalyptus Plants Small Indoor Potted Houseplants, Small Faux P..."
"ORDER-371231","furniture","Compact LED Decor Light Panel","B0BP12PYPV","https://m.media-amazon.com/images/I/71gCGj8Ta7L._AC_UL960_QL65_.jpg","search","ready","QIANLING Blue Ceramic Vases Set - 3 Blue Small Vase, Farmhouse Country Blue Vases Home Decor, Living Room Decoration, Tabl..."
"ORDER-371232","furniture","Compact Foldable Study Desk","B0B5QL42QF","https://m.media-amazon.com/images/I/718Hub5DjgL._AC_UL960_QL65_.jpg","search","ready","FUNTEREST Gold Metal Wall Decor Leaf Wall Hanging Decoration, Set of 3 Metal Wall Art Home Decor for Living Room Office Be..."
"ORDER-371233","furniture","Compact Luxury Storage Organizer","B09LV55DJP","https://m.media-amazon.com/images/I/71NbZkVECnL._AC_UL960_QL65_.jpg","search","ready","Dremisland Evil Eye Dream Catcher, Handmade, Feathers, Wall Hanging, Ornament, Home Decoration, for Bedroom, Living Room, ..."
"ORDER-371234","furniture","Compact 3D LED Wall Clock","B08NPWN1ZK","https://m.media-amazon.com/images/I/61hX8YACe0L._AC_UL960_QL65_.jpg","search","ready","Fermus Stainless Steel Decorative Tray, Set of 2, 9 Inch Long, Jewelry Dish Cosmetics Organizer Bathroom Clutter Serving P..."
"ORDER-371235","furniture","Compact Velvet Hanger Storage Pack","B0CG3Q4H5Q","https://m.media-amazon.com/images/I/71vMxd2cGqL._AC_UL960_QL65_.jpg","search","ready","CCINPPY Ceramic Jewelry Tray Trinket Dish, Decorative Cloud Vanity Key Tray for Women, Ring Holder Dish, Cute White Jewelr..."
"ORDER-371236","furniture","Compact Gaming Chair Cushion Set","B0CTJGJL2T","https://m.media-amazon.com/images/I/810vcJJDrkL._AC_UL960_QL65_.jpg","search","ready","GODONLIF Candle Warmer Lamp with Timer, Birthday Gifts for Women Home Decor | 24h Cycle Timer Dimmable Wax Melt Warmer wit..."
"ORDER-371237","furniture","Compact Minimal Coffee Table","B0B34PTY3X","https://m.media-amazon.com/images/I/71ikh95uatL._AC_UL960_QL65_.jpg","search","ready","Uvvyui Knot Pillow Ball, Soft Home Decorative Round Throw Pillow, Handmade Knotted Plush Pillow, Round Boucle Pillow Cushi..."
"ORDER-371238","furniture","Compact Decorative Floor Lamp","B09ZXXBT3G","https://m.media-amazon.com/images/I/71jbAt8rhgL._AC_UL960_QL65_.jpg","search","ready","GRAPMKTG Home Decor Pulp Reading Women Thinker Statue Aesthetic Sculpture Room Decor Modern Abstract Decoration on Shelf T..."
"ORDER-371239","furniture","Compact Under-Sink Organizer Rack","B0CFGTZHST","https://m.media-amazon.com/images/I/71fdiE5KoML._AC_UL960_QL65_.jpg","search","ready","Azonee Stained Glass Birds on Branch Desktop Ornaments,Metal Vivid Craft Desktop Ornaments for Home Office Decor,Bird Seri..."
"ORDER-371240","furniture","Compact Luxury Cushion Cover Set","B0DRC128JC","https://m.media-amazon.com/images/I/610UrbyJlAL._AC_UL960_QL65_.jpg","search","ready","SCHENKERO Artificial Olive Tree with Elegant White Pot, Realistic Faux Plant for Indoor/Outdoor Use, Natural Wood Trunk & ..."
"ORDER-371241","furniture","Premium LED Decor Light Panel","B08P1XVKNK","https://m.media-amazon.com/images/I/51elyK-L9VL._AC_UL960_QL65_.jpg","search","ready","NBPLUS Touch Sensor Bar Table Lamps Portable Cordless Chargeable Battery LED Desk Lamp Night Lights Bedroom Bedside Restau..."
"ORDER-371242","furniture","Premium Foldable Study Desk","B0CDP9FXDR","https://m.media-amazon.com/images/I/61yqJ2IiBJL._AC_UL960_QL65_.jpg","search","ready","LAJUU Fashion Decorative Books for Home Decor,12pcs Decoration Modern Coffee Table Books,Fake Books For Display in Office..."
"ORDER-371243","furniture","Premium Luxury Storage Organizer","B09VZH1YBC","https://m.media-amazon.com/images/I/71sLLLyxWBL._AC_UL960_QL65_.jpg","search","ready","6 Bouquets of Artificial Baby's Breath Flowers, Realistic to the Touch, for Wedding, Wreath for Flower Arrangement, Home D..."
"ORDER-371244","furniture","Premium 3D LED Wall Clock","B08XVP48KQ","https://m.media-amazon.com/images/I/61txDwTOREL._AC_UL960_QL65_.jpg","search","ready","upsimples 5 Pack 8x10in (20.32x25.4cm) Photo Frame, Black | Display Pictures 5inx7in with Mat,Display Pictures 8inx10in wi..."
"ORDER-371245","furniture","Premium Velvet Hanger Storage Pack","B09V4YW9VS","https://m.media-amazon.com/images/I/61ZfucIXqnL._AC_UL960_QL65_.jpg","search","ready","Thinker Statues and Sculptures, Sandstone Resin Thinker Statue Ornaments, Abstract Style Sculptures, Housewarming Gifts, H..."
"ORDER-371246","furniture","Premium Gaming Chair Cushion Set","B0FD3XT68W","https://m.media-amazon.com/images/I/51Z7lyer1QL._AC_UL960_QL65_.jpg","search","ready","Ceramic Vase Set of 3, Vases Home Decor Rustic Farmhouse Decorative Vase Pottery Vases for Bouquet Pampas Grass Dried Fres..."
"ORDER-371247","furniture","Premium Minimal Coffee Table","B0CXPTBTB5","https://m.media-amazon.com/images/I/41aqzX-BApL._AC_UL960_QL65_.jpg","search","ready","KOVEO Home Decor Ceramic Figures, Matte Finish - Set of 3 (Matte Brown) | Elegant Abstract Figurines | Modern Home Decorat..."
"ORDER-371248","furniture","Premium Decorative Floor Lamp","B0D9CN77J1","https://m.media-amazon.com/images/I/71fa4fTtssL._AC_UL960_QL65_.jpg","search","ready","Ceramic Vase Set, Set of 3, Home Decorative Flower Vases, Modern Decor, Pampas Grass Vase, Dried Flowers Vases for Living ..."
"ORDER-371249","furniture","Premium Under-Sink Organizer Rack","B09KXNY695","https://m.media-amazon.com/images/I/41gyGKzAyDL._AC_UL960_QL65_.jpg","search","ready","Dostende Incense Holder, Multi-Purpose Design Wooden Incense Burner ash Catcher with Brass Incense Stick Holder for Home D..."
"ORDER-371250","furniture","Premium Luxury Cushion Cover Set","B0FZW6SMFZ","https://m.media-amazon.com/images/I/61rAowt0srL._AC_UL960_QL65_.jpg","search","ready","Green Aventurine Crystal Tree,Harmony Office Desk Home Decor,Vitality Gift with Copper Wire in Ceramic Base"
"ORDER-371251","furniture","Travel LED Decor Light Panel","B0CYSWNW2V","https://m.media-amazon.com/images/I/71pdiBr8ZQL._AC_UL960_QL65_.jpg","search","ready","Royalford Welcome Door Mats RF12473 Non Slip Mats for Indoor and Outdoor Washable Floor Rugs Polyester Soft Mats Assorted ..."
"ORDER-371252","furniture","Travel Foldable Study Desk","B0CQLVHXVJ","https://m.media-amazon.com/images/I/41AvMJ87EwL._AC_UL960_QL65_.jpg","search","ready","ANKICK Storage Tray Statue Key Holder Figurine, Candy Jewelry Earrings Lipsticks Tray, Cute Bear Statues with Dish, Bear S..."
"ORDER-371253","furniture","Travel Luxury Storage Organizer","B0DYF46D5R","https://m.media-amazon.com/images/I/81eYaTb-KIL._AC_UL960_QL65_.jpg","search","ready","Rugs for Living Room Fluffy Area Rug Shaggy for Bedroom Soft Modern Luxury Fur Carpet for Kids Room Nursery Indoor Plush F..."
"ORDER-371254","furniture","Travel 3D LED Wall Clock","B0CDLZ4M1N","https://m.media-amazon.com/images/I/716Q5YNt5IL._AC_UL960_QL65_.jpg","search","ready","Hanobe Candle Plate Holder Tray: Round Wooden Decorative Candle Plate Small Farmhouse Table Centerpiece Rustic White Wood ..."
"ORDER-371255","furniture","Travel Velvet Hanger Storage Pack","B0B9GZL6K6","https://m.media-amazon.com/images/I/517jLj3auwL._AC_UL960_QL65_.jpg","search","ready","AMERTEER 4 pieces Small Resin Monk Statues for Ledge Desk Desktop Car Dashboard Decor Home Office Décor"
"ORDER-371256","furniture","Travel Gaming Chair Cushion Set","B07ZVKBJJX","https://m.media-amazon.com/images/I/710Cv-pJvzL._AC_UL960_QL65_.jpg","search","ready","RGB World Farmhouse Beads 58in Wood Bead Garland with Tassels Rustic Country Decor Prayer Boho Beads Big Wall Hanging Decor"
"ORDER-371257","furniture","Travel Minimal Coffee Table","B09BCY4JQ2","https://m.media-amazon.com/images/I/61qj7w6zP0L._AC_UL960_QL65_.jpg","search","ready","Black Retro Candle Holder African Tribal Lady Rustic Candlestick Holders, Romantic ​Vintage, Abstract Metal Wire Candle St..."
"ORDER-371258","furniture","Travel Decorative Floor Lamp","B09H5JZC97","https://m.media-amazon.com/images/I/7173mks7XtL._AC_UL960_QL65_.jpg","search","ready","ANPROOR Dried Pampas Grass Decor, 100 PCS Contains Bunny Tails Flowers, Reed Bouquet for Wedding Boho Flowers Home Table F..."
"ORDER-371259","furniture","Travel Under-Sink Organizer Rack","B0BZVN3T6D","https://m.media-amazon.com/images/I/71E+C6GMXaL._AC_UL960_QL65_.jpg","search","ready","GeLive Brown Glass Vase, Tabletop Centerpiece Vase, Large Primary Colored Vase, Floor Vase, Clear Flower Vase for Long Ste..."
"ORDER-371260","furniture","Travel Luxury Cushion Cover Set","B0DQHDSNNS","https://m.media-amazon.com/images/I/7129hiUQaHL._AC_UL960_QL65_.jpg","search","ready","Purfex 110 Pcs Dried Pampas Grass Bouquet, Bunny Tails & Pampas Grass, Brown & White, Boho Home Decor, Wedding & Party Dec..."
"ORDER-371261","auto","Retail Car Smart Display Kit","B0F4KFGPWN","https://m.media-amazon.com/images/I/61nWjByW04L._AC_SL1500_.jpg","detail","ready","Retail Car Smart Display Kit"
"ORDER-371262","auto","Retail Car Cooling Seat Pad","B0DMNKK6V8","https://m.media-amazon.com/images/I/81xSQVW48YL._AC_SL1500_.jpg","detail","ready","Retail Car Cooling Seat Pad"
"ORDER-371263","auto","Retail Premium Car Vacuum Set","B0F99TKXVX","https://m.media-amazon.com/images/I/61Wd48EFBCL._AC_SL1500_.jpg","detail","ready","Retail Premium Car Vacuum Set"
"ORDER-371264","auto","Retail 4K Dash Camera","B0F99MP6S4","https://m.media-amazon.com/images/I/81NcYEeIHoL._AC_SL1500_.jpg","detail","ready","Retail 4K Dash Camera"
"ORDER-371265","auto","Retail Magnetic Phone Car Charger","B0DRFQDTXQ","https://m.media-amazon.com/images/I/71Ogysq3uzL._AC_SL1500_.jpg","detail","ready","Retail Magnetic Phone Car Charger"
"ORDER-371266","auto","Retail Foldable Car Sunshade","B0DBM68BLQ","https://m.media-amazon.com/images/I/718DNTW+sgL._AC_SL1500_.jpg","detail","ready","Retail Foldable Car Sunshade"
"ORDER-371267","auto","Retail Portable Tire Inflator","B0DZ6KKGXJ","https://m.media-amazon.com/images/I/814LIz0APpL._AC_SL1500_.jpg","detail","ready","Retail Portable Tire Inflator"
"ORDER-371268","auto","Retail Car Trunk Organizer","B0F8HF81JZ","https://m.media-amazon.com/images/I/71BKAdBH2QL._AC_SL1500_.jpg","detail","ready","Retail Car Trunk Organizer"
"ORDER-371269","auto","Retail LED Ambient Light Kit","B0F29596BB","https://m.media-amazon.com/images/I/61HNRoM3xeL._AC_SL1500_.jpg","detail","ready","Retail LED Ambient Light Kit"
"ORDER-371270","auto","Retail Leather Steering Wheel Cover","B07VK32BNL","https://m.media-amazon.com/images/I/51LuzqV7QvL._AC_UL960_QL65_.jpg","search","ready","Carstuus Fredysu Leather Premium Napkin & Tissue Holder, For Backseat And Car Visor, Cartbox02B, Black"
"ORDER-371271","auto","Pro Car Smart Display Kit","B0CXDQWYQP","https://m.media-amazon.com/images/I/71J1Pf6Qq9L._AC_UL960_QL65_.jpg","search","ready","Godrej Aer O – Hanging Car Air Freshener – Assorted Pack of 3 (22.5g) | Gel Lasts up to 30 days | Car Accessories"
"ORDER-371272","auto","Pro Car Cooling Seat Pad","B0CMT1ZNRV","https://m.media-amazon.com/images/I/41EfHErIl-L._AC_UL960_QL65_.jpg","search","ready","Gwydre Retractable Car Charger, 4 in 1 Fast Car Phone Charger 60W, Retractable Cables and USB Car Charger,Compatible with ..."
"ORDER-371273","auto","Pro Premium Car Vacuum Set","B003IS3HV0","https://m.media-amazon.com/images/I/61mZN9JNA4L._AC_SL1500_.jpg","detail","ready","Pro Premium Car Vacuum Set"
"ORDER-371274","auto","Pro 4K Dash Camera","B00U7HEUEI","https://m.media-amazon.com/images/I/61OQGh2Q09L._AC_SL1500_.jpg","detail","ready","Pro 4K Dash Camera"
"ORDER-371275","auto","Pro Magnetic Phone Car Charger","B003L2ZVRG","https://m.media-amazon.com/images/I/91OjwqLr4zL._AC_SL1500_.jpg","detail","ready","Pro Magnetic Phone Car Charger"
"ORDER-371276","auto","Pro Foldable Car Sunshade","B0CX8YW6J3","https://m.media-amazon.com/images/I/71Pwk1FQz9L._AC_UL960_QL65_.jpg","search","ready","Upgraded Car Center Console Cover,Microfiber Leather Car Armrest Cover Cushion with 2 Storage Bags,Car Armrest Storage Box..."
"ORDER-371277","auto","Pro Portable Tire Inflator","B07TZG6XPG","https://m.media-amazon.com/images/I/616xPZ30YML._AC_UL960_QL65_.jpg","search","ready","ElfAnt Car Steering Wheel Tray for Writing Laptop Dining Food Drink Work (Black)"
"ORDER-371278","auto","Pro Car Trunk Organizer","B07Z5KV97J","https://m.media-amazon.com/images/I/61wHF63o31L._AC_UL960_QL65_.jpg","search","ready","HOUSE DAY Plastic Car Seat Headrest Hooks For Car - Back Seat Organizer Hanger Storage Hook, Car Suv Black, Purse Hook For..."
"ORDER-371279","auto","Pro LED Ambient Light Kit","B0H1RMTJMS","https://m.media-amazon.com/images/I/513bBAqDsJL._AC_UL960_QL65_.jpg","search","ready","Windshield Sun Shade Car Accessories 100% Blackout Car Front Windsow Shades Umbrella Automotive Sun Visor Block Heat Insul..."
"ORDER-371280","auto","Pro Leather Steering Wheel Cover","B09NCVS7V4","https://m.media-amazon.com/images/I/71UfIr1osDL._AC_UL960_QL65_.jpg","search","ready","Tobys Car Cup Coaster, 4PCS Universal Non-Slip Cup Holders Embedded in Ornaments Coaster, Car Interior Accessories, Black"
"ORDER-371281","auto","Compact Car Smart Display Kit","B0C61YXSCD","https://m.media-amazon.com/images/I/61rlnYroSuL._AC_UL960_QL65_.jpg","search","ready","Eiruseed Car Interior Cleaning Brush Car Duster Interior with Ultra Soft Bristles Auto Detailing Brushes Dusting Accessori..."
"ORDER-371282","auto","Compact Car Cooling Seat Pad","B0F9TMQCRY","https://m.media-amazon.com/images/I/71LpDHyhv8L._AC_UL960_QL65_.jpg","search","ready","SKY-TOUCH Car Air Fresheners : 160ml Smart Diffuser with Starry Sky Projection USB Rechargeable 3 Spray Modes Aroma Diffus..."
"ORDER-371283","auto","Compact Premium Car Vacuum Set","B0CJJD6TDB","https://m.media-amazon.com/images/I/71xERmNSwTL._AC_UL960_QL65_.jpg","search","ready","SKY-TOUCH Car Windshield Sun Shade Umbrella,UV Sunshade Umbrella Windshield Block Cover,Foldable Sun Visor Windshields Sun..."
"ORDER-371284","auto","Compact 4K Dash Camera","B01CV4ANCC","https://m.media-amazon.com/images/I/71hWoORU83L._AC_UL960_QL65_.jpg","search","ready","Ampper Blind Spot, 2"" Round HD Glass Convex Rear View Mirror | Car | Pack of 2"
"ORDER-371285","auto","Compact Magnetic Phone Car Charger","B0DSBSBSGW","https://m.media-amazon.com/images/I/61pkKMNyTgL._AC_UL960_QL65_.jpg","search","ready","UGREEN 60W Car Charger Fast Charging 3Ports with Retractable Type C Cable | Works seamlessly with iPhone,Samsung,MacBook,a..."
"ORDER-371286","auto","Compact Foldable Car Sunshade","B09RHHKJ6T","https://m.media-amazon.com/images/I/61ofj7ZP6zL._AC_UL960_QL65_.jpg","search","ready","SKY-TOUCH Portable Dust Cleaning Microfiber Soft Car Duster Exterior and Interior Cleaning - Long, Unbreakable, and Retrac..."
"ORDER-371287","auto","Compact Portable Tire Inflator","B0BYD9JV1V","https://m.media-amazon.com/images/I/61QNOTkzJ4L._AC_UL960_QL65_.jpg","search","ready","Rescien 142 * 80CM Foldable Car Windshield Sunshade, Front Windshield Reflective Sunshad with Storage Pouch, Car Front Win..."
"ORDER-371288","auto","Compact Car Trunk Organizer","B0DDBVBQ7R","https://m.media-amazon.com/images/I/61Q66xDEiQL._AC_UL960_QL65_.jpg","search","ready","UGREEN Car Charger Fast Charging 30W 3Ports 2USB C+USB A Power Car Adapter | 3 Ports for all USB-C/A devices,For all 12-24..."
"ORDER-371289","auto","Compact LED Ambient Light Kit","B0DNZPR644","https://m.media-amazon.com/images/I/61GDNNstw5L._AC_UL960_QL65_.jpg","search","ready","McMola Car Cleaning Gel - Universal Detailing Putty & Dust Remover (160g) | Pulls Dust from Tiny Gaps | Eco-Friendly & No..."
"ORDER-371290","auto","Compact Leather Steering Wheel Cover","B078M885XK","https://m.media-amazon.com/images/I/71ewflVwNNL._AC_UL960_QL65_.jpg","search","ready","SHIAWASENA Car Steering Wheel Cover, Leather, Universal 15 Inch Fit, Anti-Slip & Odor-Free (Black)"
"ORDER-371291","auto","Premium Car Smart Display Kit","B0FZDLHNMQ","https://m.media-amazon.com/images/I/614Pemj4SPL._AC_UL960_QL65_.jpg","search","ready","1 Pc. Silver Ayat ul Kursi Car Hanging. Durable Stainless Steel Material with Elegant Arabic Calligraphy. Islamic Car hang..."
"ORDER-371292","auto","Premium Car Cooling Seat Pad","B0CY54ZG96","https://m.media-amazon.com/images/I/61Rh30dplPL._AC_UL960_QL65_.jpg","search","ready","SINGARO Car Tissue Holder, 4 Pack Car Cup Holder Facial Tissues with Kleenex Travel Tissue Bag, Quick and Convenient Flowe..."
"ORDER-371293","auto","Premium Premium Car Vacuum Set","B09R3WR43Q","https://m.media-amazon.com/images/I/71efuWHuI4L._AC_UL960_QL65_.jpg","search","ready","Tire Valve Stem Caps for Car Tires Air Caps Cover 8 Pack Corrosion Resistant Premium Alloy Leak-Proof Universal for SUV Tr..."
"ORDER-371294","auto","Premium 4K Dash Camera","B09WDB6CY9","https://m.media-amazon.com/images/I/61rN2IFUbiL._AC_UL960_QL65_.jpg","search","ready","Blilo 4PCS Carbon Fiber Anti-Scratches Door Handle Sticker, Universal Auto Cup Protector, Non-Marking Protective Film for ..."
"ORDER-371295","auto","Premium Magnetic Phone Car Charger","B00NNOE9X4","https://m.media-amazon.com/images/I/61cz0Ygz8pL._AC_UL960_QL65_.jpg","search","ready","Godrej aer Click, Car Vent Air Freshener Kit - Cool Surf Blue (10G)"
"ORDER-371296","auto","Premium Foldable Car Sunshade","B07MR628BJ","https://m.media-amazon.com/images/I/71UuQPHF25L._AC_UL960_QL65_.jpg","search","ready","Lebogner Kick Mat Auto Seat Back Protectors + 3 Organizer Pockets, 2 Pack Waterproof Fabric Seat Cover For The Back Of You..."
"ORDER-371297","auto","Premium Portable Tire Inflator","B07TKVBCKS","https://m.media-amazon.com/images/I/5102PyM59FL._AC_UL960_QL65_.jpg","search","ready","IDEA-TECH Car Vacuum Cleaner, 3.2KPa Strong Cyclone Suction, 12V 120W Rechargeable, for Pet Hair Car Home Cleaning, Black,..."
"ORDER-371298","auto","Premium Car Trunk Organizer","B0CLXZV493","https://m.media-amazon.com/images/I/61KZrbh1nNL._AC_UL960_QL65_.jpg","search","ready","Whtawtaw Car Key Chain Ring Clip, Small Key Fob Accessory with Keyrings Zinc Alloy Buckle"
"ORDER-371299","auto","Premium LED Ambient Light Kit","B0CP7HN443","https://m.media-amazon.com/images/I/61XoeiLmyML._AC_UL960_QL65_.jpg","search","ready","SKY-TOUCH Portable Dust Cleaning Microfiber Soft Car Duster Exterior and Interior Cleaning - Long, Unbreakable, and Retrac..."
"ORDER-371300","auto","Premium Leather Steering Wheel Cover","B0CLXZJKD8","https://m.media-amazon.com/images/I/61wV646122L._AC_UL960_QL65_.jpg","search","ready","Whtawtaw Car Key Chain Ring Clip, Small Key Fob Accessory with Keyrings Zinc Alloy Buckle"
"ORDER-371301","auto","Travel Car Smart Display Kit","B0DSQ5DKFF","https://m.media-amazon.com/images/I/71xQrAmX6hL._AC_UL960_QL65_.jpg","search","ready","K007 Vacuum Suction Magnetic Bracket, 360° Adjustable Phone Mount with Suction Cup, Foldable Magnetic Car Phone Holder Com..."
"ORDER-371302","auto","Travel Car Cooling Seat Pad","B07VCXBK2W","https://m.media-amazon.com/images/I/51IcLyN33qL._AC_UL960_QL65_.jpg","search","ready","Carstuus Sulfar Car Visor Tissue Holder, Dispenser Hanging Paper Towel Holder Case For Seat Back And Vehicle Side Door, Mu..."
"ORDER-371303","auto","Travel Premium Car Vacuum Set","B0CQM4ZNPZ","https://m.media-amazon.com/images/I/61jw6WjQLOL._AC_UL960_QL65_.jpg","search","ready","Lamicall Car Windshield Sunshade Umbrella - 52""x31"" Foldable Car Windshield Sun Shade Cover, 5 Layers UV Block Coating, Fr..."
"ORDER-371304","auto","Travel 4K Dash Camera","B08L53DDYM","https://m.media-amazon.com/images/I/51yuzxi0HKL._AC_UL960_QL65_.jpg","search","ready","MiOYOOW Car Tissue Tube, Cylinder Tissue Box Diameter 2.75'' PU Leather Round Tissues Container for Car Cup Holder, Up to ..."
"ORDER-371305","auto","Travel Magnetic Phone Car Charger","B08M5ML72C","https://m.media-amazon.com/images/I/612Nx5VyeDL._AC_UL960_QL65_.jpg","search","ready","MARLBSTON 2 pcs Blind Spot Mirrors, 2"" Round HD Glass Convex 360° Wide Angle Side Rear View Mirror with ABS Housing for Ca..."
"ORDER-371306","auto","Travel Foldable Car Sunshade","B0918QRX94","https://m.media-amazon.com/images/I/71psYxQ-aoL._AC_UL960_QL65_.jpg","search","ready","Showay Car Drying Towel, Assorted Color, 30 X 40 cm, BJ-1670, Pack of 3"
"ORDER-371307","auto","Travel Portable Tire Inflator","B0CCY38RGC","https://m.media-amazon.com/images/I/71FXQKRdu7L._AC_UL960_QL65_.jpg","search","ready","Godrej aer O – Hanging Car Air Freshener | Car Accessories | Musk After Smoke (7.5g)"
"ORDER-371308","auto","Travel Car Trunk Organizer","B08SQ44CGZ","https://m.media-amazon.com/images/I/71T2TGj4XUL._AC_UL960_QL65_.jpg","search","ready","JoyTutus Rear View Mirror, Universal 11.81 Inch Panoramic Convex Interior Clip-on Wide Angle Mirror to Reduce Blind Spot E..."
"ORDER-371309","auto","Travel LED Ambient Light Kit","B0994PG1ZD","https://m.media-amazon.com/images/I/51sq3Sn7iFS._AC_UL960_QL65_.jpg","search","ready","XyS perfumes, Solar car fragrance, difference programme art(silver)"
"ORDER-371310","auto","Travel Leather Steering Wheel Cover","B0FJS14V65","https://m.media-amazon.com/images/I/51iGrlyNsyL._AC_UL960_QL65_.jpg","search","ready","2 Pack Car Seat Gap Filler Organizer - Universal Storage Pockets for Cars/SUVs/Trucks | EVA Gap Stopper Prevents Phone/Key..."
"ORDER-371311","baby","Retail Smart Baby Care Monitor","B0B15CF4H1","https://m.media-amazon.com/images/I/71KuWqn6cpL._AC_UL960_QL65_.jpg","search","ready","The Moon Brand Ritzi Light Weight Travel Cabin Stroller / Pushchair for Baby/Kids/Toddler from 0 Months+ (Upto 18 kg)-Mult..."
"ORDER-371312","baby","Retail Baby Travel Organizer","B0GRGVBRBG","https://m.media-amazon.com/images/I/61QGcn72L3L._AC_SL1500_.jpg","detail","ready","Retail Baby Travel Organizer"
"ORDER-371313","baby","Retail Bottle Warmer Travel Kit","B01G4DG0RI","https://m.media-amazon.com/images/I/71JxM42HiAL._AC_SL1500_.jpg","detail","ready","Retail Bottle Warmer Travel Kit"
"ORDER-371314","baby","Retail Diaper Backpack","B0GRGTZNQF","https://m.media-amazon.com/images/I/71qreVQJzBL._AC_SL1500_.jpg","detail","ready","Retail Diaper Backpack"
"ORDER-371315","baby","Retail Baby Stroller Fan","B08BZQQFFV","https://m.media-amazon.com/images/I/71SRPm3fJKL._AC_UL960_QL65_.jpg","search","ready","Nania LILI Lightweight Baby Stroller, Compact Fold Travel Stroller, Grey, 6kg Aluminum Frame, 0–3 Years (0–15kg), 360° Swi..."
"ORDER-371316","baby","Retail Baby Feeding Bottle Set","B0GFM9WG6Z","https://m.media-amazon.com/images/I/61itl5n4snL._AC_UL960_QL65_.jpg","search","ready","SKY-TOUCH Two-way Lightweight Stroller, One-click Foldable Baby Travel Stroller With Storage Basket, Multi-Postion Reclini..."
"ORDER-371317","baby","Retail Portable Changing Mat","B0HBQT77N2","https://m.media-amazon.com/images/I/61R1-KacAcL._AC_UL960_QL65_.jpg","search","ready","Babydoes iFold - Ultra-lightweight stroller, Cabin-Size Approved, Quick Fold, 5-Point Harness, 0 to 3 Y (22 kg), Green"
"ORDER-371318","baby","Retail Baby Safety Gate","B09CZ4HT1Z","https://m.media-amazon.com/images/I/71RDFR2otyL._AC_UL960_QL65_.jpg","search","ready","Hauck Pushchair Rapid 4, Stroller 25 kg (22 kg Child + 3 kg Basket), Small Folding Stroller with Lying Postion, Height-Adj..."
"ORDER-371319","baby","Retail Nursery Night Light","B0H4V8V25H","https://m.media-amazon.com/images/I/71O58j8DGYL._AC_UL960_QL65_.jpg","search","ready","Two-way Lightweight Strollers, One-click Foldable Baby Prams Travel Stroller, 3 In 1 Reversible Buggy Pushchairs, Shock Ab..."
"ORDER-371320","baby","Retail Baby Grooming Kit","B08S56DW6N","https://m.media-amazon.com/images/I/71Rk0UsVk-L._AC_UL960_QL65_.jpg","search","ready","The Moon Brand Ritzi Cabin Stroller – Ultra Lightweight Baby Travel Gear for Airplane – Compact Fold Baby Trolley Push Cha..."
"ORDER-371321","baby","Pro Smart Baby Care Monitor","B0DRM2X13Y","https://m.media-amazon.com/images/I/61KEqEPWiJL._AC_UL960_QL65_.jpg","search","ready","Goodbaby Pockit+ All City Ultra-Compact Baby Stroller with Black Frame Tube, Adjustable Recline, Lightweight Design & City..."
"ORDER-371322","baby","Pro Baby Travel Organizer","B08VPVLF95","https://m.media-amazon.com/images/I/71ueoZZjEjL._AC_UL960_QL65_.jpg","search","ready","Chicco Bravo Travel System, Camden, 0 - 3 Years | Trio Travel System for Newborns & Toddlers, UPF 50+ Canopy, 4-Wheel Susp..."
"ORDER-371323","baby","Pro Bottle Warmer Travel Kit","B08ZPQ4BRN","https://m.media-amazon.com/images/I/814UEzmlotL._AC_UL960_QL65_.jpg","search","ready","Delta Children Delta Children - Ultralight 2-In-1 Stroller , Piece Of 1"
"ORDER-371324","baby","Pro Diaper Backpack","B0GL8D964T","https://m.media-amazon.com/images/I/61rV-SdYeYL._AC_UL960_QL65_.jpg","search","ready","Nurtur Leo Travel Lightweight Stroller Pro for Babies 6-36 Months, Compact Fold Portable Baby Stroller with Adjustable Bac..."
"ORDER-371325","baby","Pro Baby Stroller Fan","B0GJCCNN2L","https://m.media-amazon.com/images/I/71+eMKYPDwL._AC_UL960_QL65_.jpg","search","ready","Neobreez LITEX Lightweight Cabin Size Travel Baby Toddler Stroller|Trolley Handle Pushchair,Waterproof UPF 50+Canopy,Gift&..."
"ORDER-371326","baby","Pro Baby Feeding Bottle Set","B0G4CCD3KS","https://m.media-amazon.com/images/I/61itl5n4snL._AC_UL960_QL65_.jpg","search","ready","SKY-TOUCH Two-way Lightweight Stroller, One-click Foldable Baby Travel Stroller With Storage Basket, Multi-Postion Reclini..."
"ORDER-371327","baby","Pro Portable Changing Mat","B0H4TY24KM","https://m.media-amazon.com/images/I/71R36cdTF6L._AC_UL960_QL65_.jpg","search","ready","4.5kg Ultra-Lightweight Baby Stroller, One-Click Foldable Baby Prams Travel Stroller, 5-Point Safety Harness, Airplane Cab..."
"ORDER-371328","baby","Pro Baby Safety Gate","B09WR3K2SZ","https://m.media-amazon.com/images/I/71VPkClexJL._AC_UL960_QL65_.jpg","search","ready","Nurtur Archer Baby/Kids Lightweight Travel Stroller 0 36 Months, Storage Basket, Detachable Bumper, 5 Point Safety Harnes..."
"ORDER-371329","baby","Pro Nursery Night Light","B0GJCSPFYS","https://m.media-amazon.com/images/I/71HBr29RLrL._AC_UL960_QL65_.jpg","search","ready","Neobreez LITEX Lightweight Cabin Size Travel Baby Toddler Stroller|Trolley Handle Pushchair,Waterproof UPF 50+Canopy,Gift&..."
"ORDER-371330","baby","Pro Baby Grooming Kit","B0FC6TWQNK","https://m.media-amazon.com/images/I/71+N7tLwLVL._AC_UL960_QL65_.jpg","search","ready","Baybee Convertable Infant Baby Pram Stroller for Newborn Babies with 3-Position Adjustable Seat & Canopy, Reversable Bassi..."
"ORDER-371331","baby","Compact Smart Baby Care Monitor","B0DN5FHNT9","https://m.media-amazon.com/images/I/61JRKKgppmL._AC_UL960_QL65_.jpg","search","ready","Beauenty Kids Stroller, Lightweight Foldable Travel Stroller, Compact Baby Stroller with Adjustable Handles and Backrest f..."
"ORDER-371332","baby","Compact Baby Travel Organizer","B074ZCWJ1F","https://m.media-amazon.com/images/I/6100qkKoYfL._AC_UL960_QL65_.jpg","search","ready","Hauck Shopper Neo 2 Pushchair, Caviar Stone - Lightweight Travel Stroller (only 7.9kg), Compact & One Hand Folding, with R..."
"ORDER-371333","baby","Compact Bottle Warmer Travel Kit","B0F6Y14R24","https://m.media-amazon.com/images/I/71HMmuZ-bXL._AC_UL960_QL65_.jpg","search","ready","Neobreez LITEX Lightweight Cabin Stroller,Cabin Approved Travel Stroller,Compact&Foldable Baby Stroller,Trolley Handle,Pus..."
"ORDER-371334","baby","Compact Diaper Backpack","B0G3Y9T3SZ","https://m.media-amazon.com/images/I/51j6we2S63L._AC_UL960_QL65_.jpg","search","ready","Teknum Eco Lite Stroller - Graphite"
"ORDER-371335","baby","Compact Baby Stroller Fan","B0GLDVT26L","https://m.media-amazon.com/images/I/71Jt4ZQQnXL._AC_UL960_QL65_.jpg","search","ready","BYBEO Lightweight Baby Stroller, Multifunctional Travel Cabin, One-Hand Folding for Newborn, Infant, Kids with Dinner Plat..."
"ORDER-371336","baby","Compact Baby Feeding Bottle Set","B0BKZCGG43","https://m.media-amazon.com/images/I/71bCSjwgoxL._AC_UL960_QL65_.jpg","search","ready","The Moon Brand Neo Plus Light Weight Travel Stroller/Pushchair for Baby/Kids/Toddler from 0 Months+(Upto 18 kg) -Umbrella ..."
"ORDER-371337","baby","Compact Portable Changing Mat","B0GL8F1TFY","https://m.media-amazon.com/images/I/61B2LchB98L._AC_UL960_QL65_.jpg","search","ready","Nurtur 2-in-1 Newborn Baby Stroller with Convertible Cradle Bassinet, High Quality Strong Grip Handle, Reversible Stroller..."
"ORDER-371338","baby","Compact Baby Safety Gate","B0GY4R5XBB","https://m.media-amazon.com/images/I/61IDuL5sm6L._AC_UL960_QL65_.jpg","search","ready","Lightweight Stroller, Baby Pushchair, Compact Travel Buggy, One Hand Foldable, Upgraded Wheels, Underseat Basket, Four Sea..."
"ORDER-371339","baby","Compact Nursery Night Light","B0F13FNMVW","https://m.media-amazon.com/images/I/61aZeUKurYL._AC_UL960_QL65_.jpg","search","ready","MOTIM Baby Carriage Stroller for Infant and Toddler, Lightweight Baby Bassinet Stroller Pram Pushchair High Landscape Two-..."
"ORDER-371340","baby","Compact Baby Grooming Kit","B08J4Y446T","https://m.media-amazon.com/images/I/610MA5wTCNL._AC_SL1500_.jpg","detail","ready","Compact Baby Grooming Kit"
"ORDER-371341","baby","Premium Smart Baby Care Monitor","B0BPBZ8QKM","https://m.media-amazon.com/images/I/712147Yy2aL._AC_UL960_QL65_.jpg","search","ready","The Moon Brand Bezik One Hand Fold Travel Stroller/Pram Suitable for Newborn/Infant/Baby/Kids with Dual Tray- Leg Rest - M..."
"ORDER-371342","baby","Premium Baby Travel Organizer","B08S54K29Z","https://m.media-amazon.com/images/I/81svAx5bm8L._AC_SL1500_.jpg","detail","ready","Premium Baby Travel Organizer"
"ORDER-371343","baby","Premium Bottle Warmer Travel Kit","B0B15BBXSJ","https://m.media-amazon.com/images/I/61aFQPQwuDL._AC_UL960_QL65_.jpg","search","ready","The Moon Brand Ritzi Light Weight Travel Cabin Stroller / Pushchair for Baby/Kids/Toddler from 0 Months+ (Upto 18 kg)-Mult..."
"ORDER-371344","baby","Premium Diaper Backpack","B0HBQT9L1K","https://m.media-amazon.com/images/I/51rSYRgW0xL._AC_UL960_QL65_.jpg","search","ready","HavenPlus Portable Compact Baby Stroller, Lightweight Foldable, Cabin-Friendly, Adjustable Handle Lock, One-Hand Fold, Gre..."
"ORDER-371345","baby","Premium Baby Stroller Fan","B0DBQDPD88","https://m.media-amazon.com/images/I/71qKfNmssIL._AC_UL960_QL65_.jpg","search","ready","Baybee Baby Stroller for Travel, Lightweight Foldable Stroller Infant with 2-Position Adjustable,Canopy, Round Grip Handle..."
"ORDER-371346","baby","Premium Baby Feeding Bottle Set","B0868SM2PW","https://m.media-amazon.com/images/I/61MTqGFh4QL._AC_UL960_QL65_.jpg","search","ready","My Baby H3042 Stroller (Crimson Red)"
"ORDER-371347","baby","Premium Portable Changing Mat","B0BKZCZ7CP","https://m.media-amazon.com/images/I/71cT+mdE0JL._AC_UL960_QL65_.jpg","search","ready","The Moon Brand TravelLite Stroller/Compact fold/Travel Cabin (suitable for Air travel) Stroller/Pram/Push Chair suitable f..."
"ORDER-371348","baby","Premium Baby Safety Gate","B08S576KTX","https://m.media-amazon.com/images/I/81rQpJSdSKL._AC_UL960_QL65_.jpg","search","ready","The Moon Brand Jet Baby Stroller – Lightest Baby Carrier Buggy – Travel Baby Item for Toddler 6m to 3yrs – Compact Pram w/..."
"ORDER-371349","baby","Premium Nursery Night Light","B0CGTK6LH1","https://m.media-amazon.com/images/I/61U7XO3XYgL._AC_UL960_QL65_.jpg","search","ready","DAYONG Trolley Baby Stroller, One-Hand Foldable Cabin Stroller, Lightweight Baby Travel Gear, Compact Toddler Pram Strolle..."
"ORDER-371350","baby","Premium Baby Grooming Kit","B0CB7NYGPT","https://m.media-amazon.com/images/I/71OtWeICPBL._AC_UL960_QL65_.jpg","search","ready","Mentari - Baby Doll Stroller (MT7935)"
"ORDER-371351","baby","Travel Smart Baby Care Monitor","B0B7MFS2W4","https://m.media-amazon.com/images/I/71NjQ4MPKeL._AC_UL960_QL65_.jpg","search","ready","Mompush Lithe V2 Lightweight Stroller + Snack Tray, Ultra-Compact Fold & Airplane Ready Travel Stroller, Near Flat Recline..."
"ORDER-371352","baby","Travel Baby Travel Organizer","B0CNXPB8PH","https://m.media-amazon.com/images/I/61u6luXqNqL._AC_UL960_QL65_.jpg","search","ready","LECLERCBABY Influencer Air Cabin Approved Travel Stroller, Ultra Lightweight Baby Stroller with One-Hand Auto Fold, Compac..."
"ORDER-371353","baby","Travel Bottle Warmer Travel Kit","B0BL1B8JCB","https://m.media-amazon.com/images/I/61N6X2ny5aL._AC_UL960_QL65_.jpg","search","ready","The Moon Brand Revo 360 Degree Rotatable Baby Stroller – Foldable Pram Pushchair with Basket for Toddler & Newborn Items –..."
"ORDER-371354","baby","Travel Diaper Backpack","B015N4WS0M","https://m.media-amazon.com/images/I/8101mlXL3rL._AC_UL960_QL65_.jpg","search","ready","Luvlap Sunshine Baby Stroller Pram (Sky Blue)"
"ORDER-371355","baby","Travel Baby Stroller Fan","B0GG3YVX4W","https://m.media-amazon.com/images/I/61Vpgp7N0aL._AC_UL960_QL65_.jpg","search","ready","Kidilo B2 Baby Stroller with Large Rear Wheels, Compact Fold, Sun Canopy, Safety Harness, Front Swivel Wheels, Spacious St..."
"ORDER-371356","baby","Travel Baby Feeding Bottle Set","B0DFWD2N93","https://m.media-amazon.com/images/I/51RtZYgcrfL._AC_UL960_QL65_.jpg","search","ready","PICCASIO™ Baby Stroller, Convertible Travel Strollers, Two-Way Foldable Cabin Stroller with 5-Point Harness & SunShade - C..."
"ORDER-371357","baby","Travel Portable Changing Mat","B0DLWYPNK5","https://m.media-amazon.com/images/I/61WTJLkqi7L._AC_UL960_QL65_.jpg","search","ready","Chicco, Urbino Pushchair from 0 Months to 4 Years (Max. Load 25 kg)"
"ORDER-371358","baby","Travel Baby Safety Gate","B0FQ5LXY3S","https://m.media-amazon.com/images/I/51VKbxwBAnL._AC_UL960_QL65_.jpg","search","ready","Foldable Baby Stroller, Lightweight Portable Infant Carriage with 4 Wheels, Compact Travel Stroller for Airplane, Adjustab..."
"ORDER-371359","baby","Travel Nursery Night Light","B0CKLLZBL7","https://m.media-amazon.com/images/I/51IYxobtk0L._AC_UL960_QL65_.jpg","search","ready","Kinderkraft TRIG 3 Pushchair, Buggy, Folding, Wide and Deep Seat, with Reclining Position, 4 Wheel Cushioning, Large Roof,..."
"ORDER-371360","baby","Travel Baby Grooming Kit","B0CX7VG9Z7","https://m.media-amazon.com/images/I/7145HVgjhiL._AC_UL960_QL65_.jpg","search","ready","PEARLOVE 2 in 1 Baby Stroller Newborn Foldable Pushchair Folding High Landscape Infant Carriage,Toddler Pushchair Black Ba..."
"ORDER-371361","health","Retail Portable Wellness Massager","B0DXLXPQRP","https://m.media-amazon.com/images/I/71gyJi6YkBL._AC_SL1500_.jpg","detail","ready","Retail Portable Wellness Massager"
"ORDER-371362","health","Retail Posture Support Belt","B07Y8W62KC","https://m.media-amazon.com/images/I/7148TPN9rxL._AC_UL960_QL65_.jpg","search","ready","Medcursor Massage Gun Deep Tissue Percussion Muscle Mini Massager for Pain Relief, Handheld Electric Body Massager Sports ..."
"ORDER-371363","health","Retail Smart Fitness Scale","B08D6691Q1","https://m.media-amazon.com/images/I/81MwA+f0nSL._AC_SL1500_.jpg","detail","ready","Retail Smart Fitness Scale"
"ORDER-371364","health","Retail Massage Gun Set","B0FT346XNP","https://m.media-amazon.com/images/I/61Xgo1uzgpL._AC_UL960_QL65_.jpg","search","ready","AERLANG Massage Gun with Heat, Electric Deep Tissue Massage Gun for Back, Professional Massager Gun - 20 Speeds Muscle Rel..."
"ORDER-371365","health","Retail Neck Heating Massager","B0B8GTNR9M","https://m.media-amazon.com/images/I/61r7E-jicEL._AC_UL960_QL65_.jpg","search","ready","Uplayteck Mini Massage Gun Deep Tissue - Portable 6 Speeds Handheld Muscle Massager with 4 Massage Heads 1800mAh Battery &..."
"ORDER-371366","health","Retail Digital Blood Pressure Monitor","B0H6HWV3JC","https://m.media-amazon.com/images/I/816Qkz3XCML._AC_SL1500_.jpg","detail","ready","Retail Digital Blood Pressure Monitor"
"ORDER-371367","health","Retail Walking Pad Compact Treadmill","B0FJ7ZWWJH","https://m.media-amazon.com/images/I/61RSmJYsy2L._AC_UL960_QL65_.jpg","search","ready","Mebak M3 Massage Gun, 2 in 1 Detachable Massage Gun Deep Tissue, Muscle Percussion Massager Gun with 5 Speed Levels, Body ..."
"ORDER-371368","health","Retail Resistance Band Training Kit","B09CDHGWW7","https://m.media-amazon.com/images/I/71OP2yubyhL._AC_UL960_QL65_.jpg","search","ready","RENPHO Active Massage Gun with Heat Deep Tissue Muscle, 2022 Upgrade Powerful Portable Gun Massage Percussion Massager Gun..."
"ORDER-371369","health","Retail Air Quality Monitor","B0CHWFJWNN","https://m.media-amazon.com/images/I/71--59Y67AL._AC_UL960_QL65_.jpg","search","ready","BOB AND BRAD Massage Gun with Heat Cold Therapy, C2 Pro Deep Tissue 10mm Amplitude Massager Gun with Heat, Professional Ma..."
"ORDER-371370","health","Retail Ergonomic Office Cushion","B0DSPPBSGY","https://m.media-amazon.com/images/I/61Zr3sXDVJL._AC_UL960_QL65_.jpg","search","ready","Mebak 7 Massage Gun, Massage Gun Deep Tissue for Pain Relief, 5 Speeds Percussion Massager Gun for Shoulder Back Body, Han..."
"ORDER-371371","health","Pro Portable Wellness Massager","B086XCB1QP","https://m.media-amazon.com/images/I/61qr8QzhoHL._AC_UL960_QL65_.jpg","search","ready","Mebak 3 Massage Gun, Massage Gun Deep Tissue for Athletes, Professional Muscle Percussion Massager Gun for Shoulder Leg Ba..."
"ORDER-371372","health","Pro Posture Support Belt","B0H6FR76BM","https://m.media-amazon.com/images/I/61F-HQTcedL._AC_UL960_QL65_.jpg","search","ready","Massage Gun Deep Tissue, جهاز مساج Necomi 99 Speeds Handheld Electric Muscle Massager Gun for Pain Relief 8 Massage Heads ..."
"ORDER-371373","health","Pro Smart Fitness Scale","B08M8YSFC7","https://m.media-amazon.com/images/I/71rl7e88AJL._AC_UL960_QL65_.jpg","search","ready","Bob and Brad Q2 Mini Massage Gun, Pocket Size Deep Tissue Massager | Ultra Small & Portable Quiet Massage Gun for Muscle R..."
"ORDER-371374","health","Pro Massage Gun Set","B0F9P31ZKF","https://m.media-amazon.com/images/I/61q7DbC-obL._AC_UL960_QL65_.jpg","search","ready","XXZU Mini Massager Gun, 4000mAh Electric Handheld Massager with 4 Heads | Portable Massage Gun with 7 Gears, Suitable for ..."
"ORDER-371375","health","Pro Neck Heating Massager","B0DDYWM7PV","https://m.media-amazon.com/images/I/714hS+sQcyL._AC_UL960_QL65_.jpg","search","ready","Therabody Theragun Prime Quiet Percussion Massage Gun for Deep Tissue Muscle Pain Relief, Portable Neck and Back Pain Reli..."
"ORDER-371376","health","Pro Digital Blood Pressure Monitor","B0F6YMQF2M","https://m.media-amazon.com/images/I/61B2l0xSDaL._AC_UL960_QL65_.jpg","search","ready","Massage Gun Deep Tissue Massager, WEKUBA Handheld Cordless Tapping Massager LED Touch Screen with 10 Different Massage Hea..."
"ORDER-371377","health","Pro Walking Pad Compact Treadmill","B0GK1815KQ","https://m.media-amazon.com/images/I/71yvwxOrzGL._AC_UL960_QL65_.jpg","search","ready","Padom Mini Massage Gun Deep Tissue, Percussion Muscle Massager for Back Pain Relief, Portable Small Travel Size, Quiet Mas..."
"ORDER-371378","health","Pro Resistance Band Training Kit","B0FJ878B8B","https://m.media-amazon.com/images/I/61OM4Ry0jOL._AC_UL960_QL65_.jpg","search","ready","SKY-TOUCH Massage Gun,Professional Muscle Percussion Massager with 6 Speeds,Quiet Portable Electric Massager for Shoulder,..."
"ORDER-371379","health","Pro Air Quality Monitor","B0D7YLHZM3","https://m.media-amazon.com/images/I/71Yq9rlvNNL._AC_UL960_QL65_.jpg","search","ready","cotsoco Percussion Massage Gun Deep Tissue, Handheld Electric Muscle Massage Gun, Portable 20 Speeds Back Massage for Athl..."
"ORDER-371380","health","Pro Ergonomic Office Cushion","B0D16W8531","https://m.media-amazon.com/images/I/71iVIfcJKDL._AC_UL960_QL65_.jpg","search","ready","BOB AND BRAD Q2 Pro Mini Massage Gun with Heat and Cold Head, Pocket-Sized Deep Tissue Massager Gun, Portable Percussion M..."
"ORDER-371381","health","Compact Portable Wellness Massager","B0FC1PQP6P","https://m.media-amazon.com/images/I/51Xm5mgAl2L._AC_UL960_QL65_.jpg","search","ready","Xiaomi Massage Gun 2"
"ORDER-371382","health","Compact Posture Support Belt","B0F9WGZ9VZ","https://m.media-amazon.com/images/I/61aO8E-X+rL._AC_UL960_QL65_.jpg","search","ready","BOOM Massage Gun, Handheld Electric Muscle Massager Gun, 8 Heads 3 Modes, Full Body Massager for Pain Relief, Back, Legs, ..."
"ORDER-371383","health","Compact Smart Fitness Scale","B0CJLR48P2","https://m.media-amazon.com/images/I/61cK+UnwI8L._AC_UL960_QL65_.jpg","search","ready","Revolutionary U-Shaped Massage Gun Back Massager for Pain Relief Deep Tissue Body Massager for Neck,Shoulder,Leg-Reach Eve..."
"ORDER-371384","health","Compact Massage Gun Set","B08CKWVYMF","https://m.media-amazon.com/images/I/717zEJc6Y7L._AC_UL960_QL65_.jpg","search","ready","BOB AND BRAD C2 Massage Gun, Deep Tissue Percussion Massager Gun | Handheld Muscle Massager with 5 Speeds & 5 Heads, for H..."
"ORDER-371385","health","Compact Neck Heating Massager","B0BYYPXLM5","https://m.media-amazon.com/images/I/6162r24XgfL._AC_UL960_QL65_.jpg","search","ready","cotsoco Mini Massage Gun, Pocket-Size Deep Tissue Percussion Muscle Massage Gun, USB-C Fast Charge, Handheld Back Neck Mas..."
"ORDER-371386","health","Compact Digital Blood Pressure Monitor","B09SGHXLVW","https://m.media-amazon.com/images/I/51-RYizrHvL._AC_UL960_QL65_.jpg","search","ready","Beurer MG 99 Compact Massage Gun | 4 Attachments | Powerful Trigger Point Massage | 5 Intensity Levels | Rechargeable Batt..."
"ORDER-371387","health","Compact Walking Pad Compact Treadmill","B0DK575Q4H","https://m.media-amazon.com/images/I/71AAiGdvxTL._AC_UL960_QL65_.jpg","search","ready","arboleaf Hot and Cold Massage Gun Deep Tissue, Percussion Muscle Massager | Targeted Temperature Control with Deep Percuss..."
"ORDER-371388","health","Compact Resistance Band Training Kit","B0C1MZ7C9P","https://m.media-amazon.com/images/I/71oXnBvWrlL._AC_UL960_QL65_.jpg","search","ready","RENPHO Muscle Massage Gun with Removable Handle, Reach Massage Gun, 5 Speed, 4 Massage Heads, 2 in 1 Deep Tissue Hand Mass..."
"ORDER-371389","health","Compact Air Quality Monitor","B0F1TMXYVY","https://m.media-amazon.com/images/I/31BTH-uQlNL._AC_UL960_QL65_.jpg","search","ready","Xiaomi Massage Gun Mini 2"
"ORDER-371390","health","Compact Ergonomic Office Cushion","B0DQ1BX28X","https://m.media-amazon.com/images/I/61FSiLa5ZhL._AC_UL960_QL65_.jpg","search","ready","CARESMITH Charge Go Massage Gun | Body Massager for Pain Relief | Massage Gun for Back Leg & Full Body | 4 Specialized Hea..."
"ORDER-371391","health","Premium Portable Wellness Massager","B09LQ6DY5Z","https://m.media-amazon.com/images/I/71ilJuvciGL._AC_UL960_QL65_.jpg","search","ready","arboleaf Mini Massage Gun Deep Tissue, Portable Percussion Muscle Massager | Small Yet Powerful Full-Metal Design with a Q..."
"ORDER-371392","health","Premium Posture Support Belt","B0GWD9W79W","https://m.media-amazon.com/images/I/51-H8pxJvlL._AC_UL960_QL65_.jpg","search","ready","Mom's Daddy Massage Gun Massager - Deep Tissue Portable Handheld Massager | Quick Muscle Massager (جهاز مساج) with 4 Heads..."
"ORDER-371393","health","Premium Smart Fitness Scale","B09TWPX9N5","https://m.media-amazon.com/images/I/51woe6Fa3PL._AC_UL960_QL65_.jpg","search","ready","Xiaomi Mijia Massage Gun BLK"
"ORDER-371394","health","Premium Massage Gun Set","B0DRY6JP9D","https://m.media-amazon.com/images/I/618T4tdz5QL._AC_UL960_QL65_.jpg","search","ready","Necomi Massage Gun Deep Tissue,Percussion Massager Gun Muscle Massage Gun for Pain Relief, High Intensity Percussion Massa..."
"ORDER-371395","health","Premium Neck Heating Massager","B0FS7XSQJX","https://m.media-amazon.com/images/I/61G09de4fKL._AC_UL960_QL65_.jpg","search","ready","Nekteck Massage Gun Deep Tissue, 12mm Amplitude, 30 Speeds, 5 Attachments for Full Body Muscle Relaxation, Pain Relief, US..."
"ORDER-371396","health","Premium Digital Blood Pressure Monitor","B0D4MCQM3D","https://m.media-amazon.com/images/I/61iMf7T1uKL._AC_UL960_QL65_.jpg","search","ready","Massage Gun Deep Tissue, جهاز مساج Necomi 99 Speeds Handheld Electric Muscle Massager Gun for Pain Relief 8 Massage Heads ..."
"ORDER-371397","health","Premium Walking Pad Compact Treadmill","B08ZD19WYL","https://m.media-amazon.com/images/I/71SaD+Lic8L._AC_UL960_QL65_.jpg","search","ready","Medcursor Massage Gun, High Intensity Brushless Motor, Muscle Massage Gun Deep Tissue for Athletes with 6 Massage Heads, E..."
"ORDER-371398","health","Premium Resistance Band Training Kit","B0CZP1D7CX","https://m.media-amazon.com/images/I/71hE+DPWweL._AC_SL1500_.jpg","detail","ready","Premium Resistance Band Training Kit"
"ORDER-371399","health","Premium Air Quality Monitor","B0BG56G526","https://m.media-amazon.com/images/I/71XfKWi8niL._AC_UL960_QL65_.jpg","search","ready","BOB AND BRAD D6 Pro Massage Gun Deep Tissue with 16mm Amplitude | Powerful 85lbs Stall Force Back Massager, Professional P..."
"ORDER-371400","health","Premium Ergonomic Office Cushion","B0H1WJZK57","https://m.media-amazon.com/images/I/41sPnRuwWNL._AC_UL960_QL65_.jpg","search","ready","Cordless Deep Tissue Massage Gun – Grey Percussion Muscle Massager with Silent Brushless Motor, 5 Speeds, for Back Pain Re..."
"ORDER-371401","health","Travel Portable Wellness Massager","B0DFLPJ29F","https://m.media-amazon.com/images/I/71EnxuamNlL._AC_SL1500_.jpg","detail","ready","Travel Portable Wellness Massager"
"ORDER-371402","health","Travel Posture Support Belt","B0CXDJG382","https://m.media-amazon.com/images/I/71TwIuK6c-L._AC_UL960_QL65_.jpg","search","ready","Cotsoco Massage Gun, 6-Speed Muscle Percussion Massager, Quiet Hand Massager, Mini Massage Gun for Neck, Back, Arms, Legs,..."
"ORDER-371403","health","Travel Smart Fitness Scale","B0CH1PNSF1","https://m.media-amazon.com/images/I/61rmD9GLG-L._AC_UL960_QL65_.jpg","search","ready","TheraGun Pro Plus 6-in-1 Deep Tissue Percussion Massage Gun - Handheld Personal Massager for Full Body Pain Relief & Muscl..."
"ORDER-371404","health","Travel Massage Gun Set","B09FJ1NHH6","https://m.media-amazon.com/images/I/51wxPmiKV7L._AC_UL960_QL65_.jpg","search","ready","LOOX Massage Gun Fascial Gun Muscle Massager Deep Tissue Percussion Massager Body Relax Pain Relief Electric Therapy Gun f..."
"ORDER-371405","health","Travel Neck Heating Massager","B0D16TYXYL","https://m.media-amazon.com/images/I/71ZshA5kgdL._AC_UL960_QL65_.jpg","search","ready","BOB and Brad T2 Pro Massage Gun with Heat & Cold, Deep Tissue Massager | Percussion Muscle Massager for Athletes and Runne..."
"ORDER-371406","health","Travel Digital Blood Pressure Monitor","B09W737GFR","https://m.media-amazon.com/images/I/61WNBS-QIJL._AC_UL960_QL65_.jpg","search","ready","Hyperice Hypervolt Go 2 - Featuring Quiet Glide Technology - Handheld Percussion Massage Gun | 3 Speeds, 2 Interchangeable..."
"ORDER-371407","health","Travel Walking Pad Compact Treadmill","B0BMW2YBM1","https://m.media-amazon.com/images/I/71WU-YF8oxL._AC_UL960_QL65_.jpg","search","ready","SKY LAND Handheld Deep Tissue Percussion Massager, Double Head, EM-4138 | Powerful electric massager targets the neck, bac..."
"ORDER-371408","health","Travel Resistance Band Training Kit","B0CQ6Z571K","https://m.media-amazon.com/images/I/71LoCW6lFcL._AC_UL960_QL65_.jpg","search","ready","RENPHO Massage Gun Deep Tissue, Percussion Muscle Massage Gun for Athletes Men Women, Electric Handheld Massager Gun for P..."
"ORDER-371409","health","Travel Air Quality Monitor","B0GHN6JC8F","https://m.media-amazon.com/images/I/513oFTkMx3L._AC_UL960_QL65_.jpg","search","ready","MOZZARE Massage Gun Deep Tissue Muscle Mini Massager for Pain Relief, Super Quiet Handheld Electric Muscle Massager with 5..."
"ORDER-371410","health","Travel Ergonomic Office Cushion","B0C9DX5RFY","https://m.media-amazon.com/images/I/71u5lh9rj3L._AC_UL960_QL65_.jpg","search","ready","Lifelong Gun Massager Machine for Pain Relief - Body, Neck, Shoulders, Back, Arms & Feet Massager - 6 Speed Settings -7 He..."
"ORDER-371411","sports","Retail Outdoor Cooling Gear","B0DFH1NYR6","https://m.media-amazon.com/images/I/81Zk2PYORTL._AC_SL1500_.jpg","detail","ready","Retail Outdoor Cooling Gear"
"ORDER-371412","sports","Retail Foldable Camping Chair","B0DFH38CZW","https://m.media-amazon.com/images/I/71DmWBVJdlL._AC_SL1500_.jpg","detail","ready","Retail Foldable Camping Chair"
"ORDER-371413","sports","Retail Hydration Fitness Pack","B0DKTBD4Z4","https://m.media-amazon.com/images/I/71Cdof2heQL._AC_UL960_QL65_.jpg","search","ready","Gym Monster 2 Smart Home Gym, Upgraded AI-Powered Home Workout Machine, Multi-Functional Smith Machine, Full Body Strength..."
"ORDER-371414","sports","Retail Padel Racket Starter Set","B08771KKSK","https://m.media-amazon.com/images/I/71orYdDphyL._AC_UL960_QL65_.jpg","search","ready","FateFan Multifunction Tension Rope, 6-Tube Elastic Yoga Pedal Puller Resistance Band, Natural Latex Tension Rope Fitness E..."
"ORDER-371415","sports","Retail Yoga Mat Fitness Kit","B07C5JKDY2","https://m.media-amazon.com/images/I/51qKT9fwGYL._AC_UL960_QL65_.jpg","search","ready","COVVY Spring Chest Expander, Tummy Trimmer Hand Gripper 3 in 1 Pull-up Bars Spring Exerciser with 5 Metal Spring, Chest Ar..."
"ORDER-371416","sports","Retail Adjustable Dumbbell Set","B09CR1CVW7","https://m.media-amazon.com/images/I/61nX-qFqz7L._AC_UL960_QL65_.jpg","search","ready","SILENCIO Sit-Up Bar With Foam Handle and Rubber Suction Seat Up Fitness Equipment Sit-ups and Push-ups Assistant Device Fo..."
"ORDER-371417","sports","Retail Camping Lantern Power Bank","B0BYRN685G","https://m.media-amazon.com/images/I/71XenpUXQYL._AC_UL960_QL65_.jpg","search","ready","Solid Push Up Board 15 in 1 Home Workout Equipment Multi-Functional Pushup Stands System Fitness Floor Chest Muscle Exerci..."
"ORDER-371418","sports","Retail Cooling Sports Towel Pack","B087H1RD62","https://m.media-amazon.com/images/I/81X6xra5dwL._AC_UL960_QL65_.jpg","search","ready","SKY-TOUCH Resistance Bands Fabric,Exercise Bands Non Slip Hip Elastic Bands For Hip, Legs, Butt, Glutes And Thighs Workou..."
"ORDER-371419","sports","Retail Insulated Water Bottle Set","B0BV69S13W","https://m.media-amazon.com/images/I/51eDtMVDrhL._AC_UL960_QL65_.jpg","search","ready","PowerMax Fitness BS-MINI Mini Cycle Pedal Exerciser with Adjustable Resistance and Digital Display - For Light Leg and Arm..."
"ORDER-371420","sports","Retail Portable Beach Shade","B0FRGDM3LW","https://m.media-amazon.com/images/I/61IGxl9zo8L._AC_UL960_QL65_.jpg","search","ready","Velvaria Adjustable Dumbbell Set, Barbell Set 3-in-1 in 10kg 15kg 20kg, Cement Weights Dumbbell Set with Steel/Rubber, Hom..."
"ORDER-371421","sports","Pro Outdoor Cooling Gear","B0CDDYXM6X","https://m.media-amazon.com/images/I/61dRNOl2KzL._AC_UL960_QL65_.jpg","search","ready","Uota Elbow Support Automatic Rebound Abdominal Wheel，Ab Roller for Abdominal Exercise Machine，Abs Workout Equipment，Dolly ..."
"ORDER-371422","sports","Pro Foldable Camping Chair","B09JG96CB7","https://m.media-amazon.com/images/I/61oVt926O+L._AC_UL960_QL65_.jpg","search","ready","Fitness Equipment Abdominal Sit-up Board, Adjustable Portable Incline Folding Bench Multi-Purpose Sit up Bench Exercise Be..."
"ORDER-371423","sports","Pro Hydration Fitness Pack","B07L9WLKZQ","https://m.media-amazon.com/images/I/617NmwvU4tL._AC_UL960_QL65_.jpg","search","ready","Gritin Resistance Bands, Set of 5 Skin-Friendly Resistance Exercise Band | 5 Different Strength Levels Fitness Bands for W..."
"ORDER-371424","sports","Pro Padel Racket Starter Set","B07F25L7QK","https://m.media-amazon.com/images/I/811Pts+zWGL._AC_UL960_QL65_.jpg","search","ready","Sportneer Ankle Weights, Adjustable Weights Wrist Arm Leg Weight Straps for Fitness, Walking, Jogging, Workout, 1-5 lbs Ea..."
"ORDER-371425","sports","Pro Yoga Mat Fitness Kit","B0D49XB8BR","https://m.media-amazon.com/images/I/614F3DZz0CL._SL1500_.jpg","detail","ready","Pro Yoga Mat Fitness Kit"
"ORDER-371426","sports","Pro Adjustable Dumbbell Set","B0C34ZWCXH","https://m.media-amazon.com/images/I/619AubHSqrL._SL1500_.jpg","detail","ready","Pro Adjustable Dumbbell Set"
"ORDER-371427","sports","Pro Camping Lantern Power Bank","B0C3JJQ9TN","https://m.media-amazon.com/images/I/51lfDBuaL0L._SL1500_.jpg","detail","ready","Pro Camping Lantern Power Bank"
"ORDER-371428","sports","Pro Cooling Sports Towel Pack","B0CK28J3X2","https://m.media-amazon.com/images/I/61+-TVoZc1L._AC_UL960_QL65_.jpg","search","ready","Uota Elbow Support Automatic Rebound Abdominal Wheel，Ab Roller for Abdominal Exercise Machine，Abs Workout Equipment，Dolly ..."
"ORDER-371429","sports","Pro Insulated Water Bottle Set","B0D4LBQZ36","https://m.media-amazon.com/images/I/71h8cZY0ZlL._AC_UL960_QL65_.jpg","search","ready","DAYONG Weighted Medicine Ball, Heavy Duty No Bounce Exercise Ball for Men Women, Fitness Slam Ball for Full Body, Home Wor..."
"ORDER-371430","sports","Pro Portable Beach Shade","B0BX5Y5HLN","https://m.media-amazon.com/images/I/91zwfM5NDiL._AC_UL960_QL65_.jpg","search","ready","PROIRON Ab Roller Wheel, Ab Wheel Exercise Equipment for Core Workout with Anti-Slip Handles Abdominal Exercise for Home G..."
"ORDER-371431","sports","Compact Outdoor Cooling Gear","B0D7CGZB44","https://m.media-amazon.com/images/I/61Uuyzw+xIL._AC_UL960_QL65_.jpg","search","ready","COOLive 3 Pack Figure 8 Fitness Resistance Band, Arm|Back Training Elastic Ropes - Pure Barre Workout Chest Arm and Should..."
"ORDER-371432","sports","Compact Foldable Camping Chair","B0G2BX6LFN","https://m.media-amazon.com/images/I/61CZp6IIFPL._AC_UL960_QL65_.jpg","search","ready","MERACH Ab Machine, Ab Workout Equipment, Adjustable Ab Trainer Machine | Foldable Abdominal Trainer for Stomach Workout wi..."
"ORDER-371433","sports","Compact Hydration Fitness Pack","B08NGB86H9","https://m.media-amazon.com/images/I/61VgOuV8EJL._AC_UL960_QL65_.jpg","search","ready","Pedal Resistance Band, 4 Tube Pedal Ankle Puller Multi-Function Leg Tummy Training Foot Sit-Up Pedal Elastic Pull Rope Fit..."
"ORDER-371434","sports","Compact Padel Racket Starter Set","B01N5WDPR3","https://m.media-amazon.com/images/I/71He2w66k9L._AC_UL960_QL65_.jpg","search","ready","PROIRON Neoprene Dumbbells Weights Exercise & Fitness Dumbbells in 1kg 1.5kg 2kg 3kg 4kg 5kg 8kg 10kg Pair"
"ORDER-371435","sports","Compact Yoga Mat Fitness Kit","B06XCCDV49","https://m.media-amazon.com/images/I/61E3B6jB0WL._AC_UL960_QL65_.jpg","search","ready","Sunny Health & Fitness Foldable Roman Chair, Back Hyperextension Bench | Adjustable Height, Folds Flat for Storage, Built ..."
"ORDER-371436","sports","Compact Adjustable Dumbbell Set","B0D6DYR4DY","https://m.media-amazon.com/images/I/61YNgFrLl1L._AC_UL960_QL65_.jpg","search","ready","SOOFAM Adjustable Workout Aerobic Stepper Step Platform Trainer，Aerobic Exercise Step Platform with 2 Risers，Height-Adjust..."
"ORDER-371437","sports","Compact Camping Lantern Power Bank","B0GVYNFCHW","https://m.media-amazon.com/images/I/61QB6Z+03RL._AC_UL960_QL65_.jpg","search","ready","Toshionics Kettlebel 2-in-1 Dumbbell | Strength Training Weight PVC Coated Cast Iron Full Body Workout Equipment for Home ..."
"ORDER-371438","sports","Compact Cooling Sports Towel Pack","B01C64171I","https://m.media-amazon.com/images/I/31+f8efURKL._AC_UL960_QL65_.jpg","search","ready","The 2016-2021 Outlook for Physical Fitness Equipment in India"
"ORDER-371439","sports","Compact Insulated Water Bottle Set","B07V2FYSRB","https://m.media-amazon.com/images/I/71370OnLqtL._AC_UL960_QL65_.jpg","search","ready","PROIRON Rubber Dumbbells Odorless, Steel Weights Set Men Women Home Gym 3kg 5kg 8kg 10kg 12kg 16kg 20kg 24kg Fitness Train..."
"ORDER-371440","sports","Compact Portable Beach Shade","B0876ZY2VB","https://m.media-amazon.com/images/I/71bs4cUZ6UL._AC_UL960_QL65_.jpg","search","ready","FateFan Multifunction Tension Rope, 6-Tube Elastic Yoga Pedal Puller Resistance Band, Natural Latex Tension Rope Fitness E..."
"ORDER-371441","sports","Premium Outdoor Cooling Gear","B0FTNMZB4L","https://m.media-amazon.com/images/I/51XC3QwTUNL._AC_UL960_QL65_.jpg","search","ready","YJUFoar Ab Training Auxiliary Device, Sit Up Bar Floor with 2 Strong Suction Cups and 1 Resistance Band, Sit Up Exercise E..."
"ORDER-371442","sports","Premium Foldable Camping Chair","B0DQWK7F7J","https://m.media-amazon.com/images/I/61DAmy9Ut7L._AC_UL960_QL65_.jpg","search","ready","Allure Sphere Neoprene Dumbbell Set For Home Gym Exercise - Anti Slip Fitness Equipment For Pilates, Cardio, Training - An..."
"ORDER-371443","sports","Premium Hydration Fitness Pack","B0DKXBHFKR","https://m.media-amazon.com/images/I/61tezHMsFpL._AC_UL960_QL65_.jpg","search","ready","HEXAR® Push Up Board, Foldable 12-in-1 Fitness Board, Home Workout Equipment, Pushup Handles for Floor, Multi Muscle Stren..."
"ORDER-371444","sports","Premium Padel Racket Starter Set","B0B9HN7KCB","https://m.media-amazon.com/images/I/61LStjLzmZL._AC_UL960_QL65_.jpg","search","ready","athu Hip & Pelvic Trainer, Home Gym Yoga Training for Women, Kegel Exercises Device Hip & Legs Toner Exercise Arms Buttock..."
"ORDER-371445","sports","Premium Yoga Mat Fitness Kit","B09DF9NWC7","https://m.media-amazon.com/images/I/71wm42EtoNL._AC_UL960_QL65_.jpg","search","ready","Jump Rope, Tangle-Free Rapid Speed Jumping Rope Cable with Ball Bearings for Women, Men & Kids, Adjustable Steel Jump Rope..."
"ORDER-371446","sports","Premium Adjustable Dumbbell Set","B0FGXCZD86","https://m.media-amazon.com/images/I/71dXhlXP+0L._AC_UL960_QL65_.jpg","search","ready","13 Pcs Pilates Essentials Kit for Women, Home Workout Equipment Set with 9.8” Ball, Magic Circle, Accessories, Perfect for..."
"ORDER-371447","sports","Premium Camping Lantern Power Bank","B0BM9GLVF8","https://m.media-amazon.com/images/I/91KYdzdX41L._AC_UL960_QL65_.jpg","search","ready","PROIRON Twister Arm Exerciser - Adjustable 10-200kg Hydraulic Power Home Chest Expander, Shoulder Muscle Training Fitness ..."
"ORDER-371448","sports","Premium Cooling Sports Towel Pack","B01BKV87T8","https://m.media-amazon.com/images/I/41FI7uvqGoL._AC_UL960_QL65_.jpg","search","ready","The 2016-2021 Outlook for Physical Fitness Equipment in Greater China"
"ORDER-371449","sports","Premium Insulated Water Bottle Set","B0FVSNCP31","https://m.media-amazon.com/images/I/61vlzQ7UTFL._AC_UL960_QL65_.jpg","search","ready","Sit Up Exercise Equipment, Abdominal Exercise Machine, Abdominal Muscle Training Foldable, Ab Crunch Machine for Stomach W..."
"ORDER-371450","sports","Premium Portable Beach Shade","B077HV3RW5","https://m.media-amazon.com/images/I/81Zf5Kvc-aL._AC_UL960_QL65_.jpg","search","ready","TheFitLife Resistance Bands Set with Handles, Door Anchor and Ankle Straps | Tube Workout Bands for Strength Training, Hom..."
"ORDER-371451","sports","Travel Outdoor Cooling Gear","B087NBWHFG","https://m.media-amazon.com/images/I/51TPw8WlbQL._AC_UL960_QL65_.jpg","search","ready","Morwealth Forearm Wrist Roller Blaster Exercise Trainer Weight-Bearing Wider Nylon Straps Arm Strength Training Fitness Eq..."
"ORDER-371452","sports","Travel Foldable Camping Chair","B0H5B2PZY5","https://m.media-amazon.com/images/I/61+EbAtCDPL._AC_UL960_QL65_.jpg","search","ready","Pull Up Bar, Width Adjustable Chin Up Bar for Doorway, Super Load-bearing Upper Body Workout Bar, Dual Security Locking& N..."
"ORDER-371453","sports","Travel Hydration Fitness Pack","B0F995NB66","https://m.media-amazon.com/images/I/71fMWq+fHNL._AC_UL960_QL65_.jpg","search","ready","aishini Portable Workout Equipment - 15 in 1 Push Up Board with Pull Up Bar Handles - Upper Body Workout Tool Fitness - Fl..."
"ORDER-371454","sports","Travel Padel Racket Starter Set","B0894F2GRV","https://m.media-amazon.com/images/I/61pn73UbTLL._AC_UL960_QL65_.jpg","search","ready","DOUBLEFUN Pedal Resistance 4-Tube Pull Rope with Foot Pedal Abdominal Exerciser Equipment Fitness Equipment for Abdomen, L..."
"ORDER-371455","sports","Travel Yoga Mat Fitness Kit","B0FRFYGQFK","https://m.media-amazon.com/images/I/616bzUxSFJL._AC_UL960_QL65_.jpg","search","ready","MERACH Stair Stepper with Adjustable Resistance, Foldable Stair Climber | 3-Level resistance, 3 Handlebar Styles, Stable T..."
"ORDER-371456","sports","Travel Adjustable Dumbbell Set","B0DXK47C44","https://m.media-amazon.com/images/I/41d77gGn+KL._AC_UL960_QL65_.jpg","search","ready","DAYONG Fitness Kettlebell, Strength Training Kettlebell Weight for Men Women, Home Gym Equipment for Weight Lifting, Core ..."
"ORDER-371457","sports","Travel Camping Lantern Power Bank","B0FLNJRXK4","https://m.media-amazon.com/images/I/71GzsveKUtL._AC_UL960_QL65_.jpg","search","ready","Waist Twisting Machine Fitness Tool, Ab Twister Board with the Smart LED Digital Monitor Ultra-Quiet Anti-Slip Home Gym Wo..."
"ORDER-371458","sports","Travel Cooling Sports Towel Pack","B01B3C8HMQ","https://m.media-amazon.com/images/I/31l2k2-9MdL._AC_UL960_QL65_.jpg","search","ready","The 2016-2021 Outlook for Physical Fitness Equipment in the United States"
"ORDER-371459","sports","Travel Insulated Water Bottle Set","B0FM3KQG2B","https://m.media-amazon.com/images/I/51kVbVCAXEL._AC_UL960_QL65_.jpg","search","ready","Fitness LAT and Lift Pulley System for Home Gym Equipment, Dual Cable Pulley System(1.8m/2.3m), with Upgraded Loading Pin ..."
"ORDER-371460","sports","Travel Portable Beach Shade","B0F4DBLNHT","https://m.media-amazon.com/images/I/61Goo9fEhfL._AC_UL960_QL65_.jpg","search","ready","AIRHOP Ab Machine, Sit Up Exercise Equipment for Ab Workout, Abdominal Exercise Equipment with 3 Adjustable Resistance and..."
"ORDER-371461","creator","Retail Live Commerce Creator Kit","B01N0OJPXC","https://m.media-amazon.com/images/I/61ntHX88GLL._AC_UL960_QL65_.jpg","search","ready","NEEWER Ring Light Kit: 18""/45cm Outer 55W 5600K Dimmable LED Ring Light, Light Stand, Carrying Bag for Camera, Smartphone,..."
"ORDER-371462","creator","Retail Portable Studio Light","B07TL6Z8LK","https://m.media-amazon.com/images/I/61zTHEo3gnL._AC_UL960_QL65_.jpg","search","ready","EMART 10"" Ring Light with 55"" Extendable Tripod Stands and Phone Holder | Dimmable LED Circle Round Light，Ringlight for Se..."
"ORDER-371463","creator","Retail Wireless Lavalier Mic Set","B0BYSCHM81","https://m.media-amazon.com/images/I/71Iv76qqHjL._AC_UL960_QL65_.jpg","search","ready","KOSCHEAL 10"" RGB Ring Light with Tripod Stand for Phone | 10"" RGB ring light with music follow mode, 37 light modes, 1.8m ..."
"ORDER-371464","creator","Retail Product Photo Light Box","B0GVFWQH59","https://m.media-amazon.com/images/I/51K2Vxng2yL._AC_UL960_QL65_.jpg","search","ready","10-Inch Ring Light with Tripod Stand, LED Selfie Ring Light with Phone Holder, Dimmable Beauty Light for Photography, Vide..."
"ORDER-371465","creator","Retail Phone Tripod With Remote","B0CQWQ6ZP4","https://m.media-amazon.com/images/I/61X+VuUI3tL._AC_UL960_QL65_.jpg","search","ready","Tobeape 13"" Ring Light with 79"" Extendable Stand and Phone Holder & Remote | Stepless Dimmable LED Full-Screen Circle Roun..."
"ORDER-371466","creator","Retail Desktop Teleprompter Kit","B09W8QRPBD","https://m.media-amazon.com/images/I/61P8Go5HfUL._AC_SL1500_.jpg","detail","ready","Retail Desktop Teleprompter Kit"
"ORDER-371467","creator","Retail RGB Background Light Bar","B0CSW9LSN8","https://m.media-amazon.com/images/I/61U1EJeNR6L._AC_UL960_QL65_.jpg","search","ready","Angju Selfie Ring Light With Stand - 12"" Foldable With Phone Holder & Cold Shoe Mount, Tall Desk Light for Videography Pho..."
"ORDER-371468","creator","Retail Mobile Gimbal Stabilizer","B082XNZPF7","https://m.media-amazon.com/images/I/71iIwFOjX3L._AC_UL960_QL65_.jpg","search","ready","AWH Ring Light with Tripod Stand & Phone Holder - 10 inch Selfie LED Ringlight Dimmable Desktop Lamp 40 Colors RGB Tall Ci..."
"ORDER-371469","creator","Retail USB Podcast Microphone","B0FJ1Y3B7J","https://m.media-amazon.com/images/I/61wzPqrLNuL._AC_UL960_QL65_.jpg","search","ready","10.4'' Ring Light with 82.7'' Extendable Tripod Stand, Led Round Panel Full-Screen Zoom Lighting with Phone Holder for Liv..."
"ORDER-371470","creator","Retail Green Screen Backdrop Set","B0FY3598V6","https://m.media-amazon.com/images/I/414N-cbsmRL._AC_UL960_QL65_.jpg","search","ready","Basics LED Ring Light (10-inch) with Mini Stand, Hot Shoe Adapter and 3 Temperature Modes for YouTube, Photo-Shoot, Vloggi..."
"ORDER-371471","creator","Pro Live Commerce Creator Kit","B0CS36S6DY","https://m.media-amazon.com/images/I/614EamYVM8L._AC_UL960_QL65_.jpg","search","ready","KOSCHEAL 18"" Professional LED Ring Light with Stand | Dimmable 3000-6500K ring light with microphone & sound card holders,..."
"ORDER-371472","creator","Pro Portable Studio Light","B0BY2NYNSC","https://m.media-amazon.com/images/I/71le5zVI94L._AC_UL960_QL65_.jpg","search","ready","10.5 inch Ring Light,Full-Screen Desktop Ring Light with Stand Phone Holder | LED Selfie Ringlight with Phone Holder for M..."
"ORDER-371473","creator","Pro Wireless Lavalier Mic Set","B08BCH841V","https://m.media-amazon.com/images/I/61ey6xjyElL._AC_UL960_QL65_.jpg","search","ready","Newmowa 60 LED High Power Rechargeable Clip Fill Video Light with Front & Back Clip, Adjusted 3 Light Modes for Phone, iPh..."
"ORDER-371474","creator","Pro Product Photo Light Box","B082WCSVJ9","https://m.media-amazon.com/images/I/717vab34SzL._AC_UL960_QL65_.jpg","search","ready","11.5 Inch Professional Ring Light with Tripod Large, [Upgrade] 1 m 77/69.5 Inch Smartphone Tripod Light, Selfie LED Ring L..."
"ORDER-371475","creator","Pro Phone Tripod With Remote","B0CRYXTZH8","https://m.media-amazon.com/images/I/71rVksIuR0L._AC_UL960_QL65_.jpg","search","ready","ULANZI Magnetic Selfie Light, LED Fill Light Compatible with Magsafe, LED Selfie Ring Light Included Sticky Ring for Phone..."
"ORDER-371476","creator","Pro Desktop Teleprompter Kit","B08YJPJLFV","https://m.media-amazon.com/images/I/71f7Q9YiMPL._AC_UL960_QL65_.jpg","search","ready","Video Conference Lighting Kit, Ring Light Clip on Laptop Monitor with 5 Dimmable Color & 5 Brightness Level for Webcam Lig..."
"ORDER-371477","creator","Pro RGB Background Light Bar","B08B3X7NXC","https://m.media-amazon.com/images/I/617KpHXx-oL._AC_UL960_QL65_.jpg","search","ready","Sensyne 10'' Ring Light with 50'' Extendable Tripod Stand, LED Circle Lights with Phone Holder for Live Stream/Makeup/YouT..."
"ORDER-371478","creator","Pro Mobile Gimbal Stabilizer","B0DCSHSSFF","https://m.media-amazon.com/images/I/61FeV2kuB7L._AC_UL960_QL65_.jpg","search","ready","NEEWER Basic 5"" Ring Light for Video Conference Lighting60 | Desk Tripod Stand Kit, Ring Light for Monitor Laptop Computer..."
"ORDER-371479","creator","Pro USB Podcast Microphone","B0CQW9XDNV","https://m.media-amazon.com/images/I/61Wq2f8UufL._AC_UL960_QL65_.jpg","search","ready","Tobeape Rechargeable Phone Light, Portable Selfie Light with 3 Color Temps | 2000mAh Full-Screen Ring Light with Clip for ..."
"ORDER-371480","creator","Pro Green Screen Backdrop Set","B08JPCSDMP","https://m.media-amazon.com/images/I/718TMy8lXmL._AC_UL960_QL65_.jpg","search","ready","Weilisi 10"" Selfie Ring Light with Tripod Stand, 72'' Tall & Phone Holder, 38 Color Modes, Stepless Dimmable/Speed LED Rin..."
"ORDER-371481","creator","Compact Live Commerce Creator Kit","B09ZNNY165","https://m.media-amazon.com/images/I/61OG2Zn5+IL._AC_UL960_QL65_.jpg","search","ready","Pozliv Overhead Camera Mount with Ring Light, Flexible Articulating Phone Arm Stand Compatible with iPhone, Logitech Webca..."
"ORDER-371482","creator","Compact Portable Studio Light","B0H4QJDWK7","https://m.media-amazon.com/images/I/71tt2ijjfYL._AC_UL960_QL65_.jpg","search","ready","Sponsored Ad – 10.5 inch Ring Light with Tripod Stand And Phone Holder for Video Shooting | Full-Screen Selfie Ring Light ..."
"ORDER-371483","creator","Compact Wireless Lavalier Mic Set","B07MMM888W","https://m.media-amazon.com/images/I/71clENHW9aL._AC_UL960_QL65_.jpg","search","ready","Inkeltech Ring Light - 18 inch 60 W Dimmable LED Ring Light Kit with Stand - Adjustable 3000-6000 K Color Temperature Ligh..."
"ORDER-371484","creator","Compact Product Photo Light Box","B08NSQ83JV","https://m.media-amazon.com/images/I/61BjwPAONwL._AC_UL960_QL65_.jpg","search","ready","QITELE 10"" Selfie Ring Light with Tripod Stand, Dimmable Led Camera Ring Light and Phone Holder for Live Stream/Makeup/You..."
"ORDER-371485","creator","Compact Phone Tripod With Remote","B0DKFD62VN","https://m.media-amazon.com/images/I/61FtQyDPFoL._AC_UL960_QL65_.jpg","search","ready","Purfex 10.5"" Ring Light with 39"" Tripod Stand and Phone Holder Kit, Full-Screen Zoom Lighting for Video Recording, Makeup,..."
"ORDER-371486","creator","Compact Desktop Teleprompter Kit","B0FW4RT7TS","https://m.media-amazon.com/images/I/41lPCpRLJyL._AC_UL960_QL65_.jpg","search","ready","Professional 12 Inch LED Ring Light with Stand 5ft & Smartphone Holder - USB Powered, Color Switch Mode, Adjustable Bright..."
"ORDER-371487","creator","Compact RGB Background Light Bar","B0DGX6CH17","https://m.media-amazon.com/images/I/61o-fW6c-VL._AC_UL960_QL65_.jpg","search","ready","Tobeape 13"" Ring Light with 79"" Stand, Full-Screen Studio Light with Remote | 2700-6500K Stepless Dimmable Photography Lig..."
"ORDER-371488","creator","Compact Mobile Gimbal Stabilizer","B0G2SKQYB8","https://m.media-amazon.com/images/I/51trazUgaxL._AC_UL960_QL65_.jpg","search","ready","Basics 12-inch Professional LED Ring Light with Tripod Stand | 3 Color Temperature Modes | 10 Brightness Settings | Suitab..."
"ORDER-371489","creator","Compact USB Podcast Microphone","B0D2566PLT","https://m.media-amazon.com/images/I/61TV++6LTCL._AC_UL960_QL65_.jpg","search","ready","NEEWER 12"" 24W High Power LED Ring Light for Phone with 71"" Stand, Bi Color 2900K-7000K, USB Type C PD Input, CRI97+ 1810l..."
"ORDER-371490","creator","Compact Green Screen Backdrop Set","B0FPGNLY3M","https://m.media-amazon.com/images/I/61mkPmcO3pL._AC_UL960_QL65_.jpg","search","ready","LED Ring Light with Tripod Stand, 10-Inch Dimmable Circle Lighting Kit, Phone Camera Mount for Streaming, YouTube, TikTok,..."
"ORDER-371491","creator","Premium Live Commerce Creator Kit","B08FC472GR","https://m.media-amazon.com/images/I/61Jw4OrKKZL._AC_UL960_QL65_.jpg","search","ready","Cantonape 18 inch LED Ring Light with Adjustable Tripod Stand, 3 Light Modes, USB Powered, Wireless Remote, Black"
"ORDER-371492","creator","Premium Portable Studio Light","B0C3V4WS2F","https://m.media-amazon.com/images/I/61EmEQA35zL._AC_UL960_QL65_.jpg","search","ready","TONEOF 60LED Portable Selfie Light, Rechargable USB Light with Clip & Double 1/4"" Screw Hole, 2500k-9000K Dimmable Phone V..."
"ORDER-371493","creator","Premium Wireless Lavalier Mic Set","B0F4CRB7XZ","https://m.media-amazon.com/images/I/61vLYtjhROL._AC_UL960_QL65_.jpg","search","ready","NEEWER BASICS 10.5"" Desk Ring Light with Stand/Phone Holder/Timer, 3000-6500K Full Screen 15W LED Selfie Panel Lighting fo..."
"ORDER-371494","creator","Premium Product Photo Light Box","B0DYJVGJ65","https://m.media-amazon.com/images/I/61VW+ioeM3L._AC_UL960_QL65_.jpg","search","ready","Angju 56cm/22in Ring Light with 79in/200cm Tripod Stand, LED Display/2 USB Ports/6500K Dimmable Ring Light for ipad Phone ..."
"ORDER-371495","creator","Premium Phone Tripod With Remote","B0F32C7Y1M","https://m.media-amazon.com/images/I/61B7PJ86FrL._AC_UL960_QL65_.jpg","search","ready","TONEOF 96LED Phone Light with Soft Diffuser, Rechargeable Camera Light with Cold Shoe and Clip, Multiple Color, Built-in S..."
"ORDER-371496","creator","Premium Desktop Teleprompter Kit","B078P9Q82H","https://m.media-amazon.com/images/I/610KBQEHDeL._AC_UL960_QL65_.jpg","search","ready","XINBAOHONG Selfie Ring Light, XINBAOHONG Rechargeable Portable Clip-on Selfie Fill Light with 36 LED for iPhone/Android Sm..."
"ORDER-371497","creator","Premium RGB Background Light Bar","B0FT8JJYY7","https://m.media-amazon.com/images/I/616MYZMCYAL._AC_UL960_QL65_.jpg","search","ready","""10'' LED Ring Light with 50'' Adjustable Tripod Stand & Phone Holder – Perfect for Live Streaming, Makeup, YouTube, TikTo..."
"ORDER-371498","creator","Premium Mobile Gimbal Stabilizer","B0FDG723S8","https://m.media-amazon.com/images/I/61lJWnDiWfL._AC_UL960_QL65_.jpg","search","ready","NEEWER BASICS 5""/13cm Desk Ring Light with Stand, | 10W LED Selfie Light Compatible with iPhone for Video Recording Laptop..."
"ORDER-371499","creator","Premium USB Podcast Microphone","B08FT9XTH1","https://m.media-amazon.com/images/I/71rW4Ydz3mL._AC_UL960_QL65_.jpg","search","ready","GerTong 11.5'' Ring Light with Tripod Stand & Phone Holder Tall, LED Professional Selfie Circle Ringlight with Remote for ..."
"ORDER-371500","creator","Premium Green Screen Backdrop Set","B08VGJ1TK9","https://m.media-amazon.com/images/I/61iYbDQ8wmL._AC_UL960_QL65_.jpg","search","ready","NEEWER BASICS NL-60AI Selfie Light for Phone with Front & Back Clip | 60 LED, Rechargeable 2000mAh Battery, CRI95+, 3 Mode..."
"ORDER-371501","creator","Travel Live Commerce Creator Kit","B08R3NT4NK","https://m.media-amazon.com/images/I/61A8Jn2wZRL._AC_UL960_QL65_.jpg","search","ready","ULANZI U200 Ring Light Smartphone Video Rig with Phone Holder & Built-in 8000mAh Power Bank for Selfie Light, Makeup, Vlog..."
"ORDER-371502","creator","Travel Portable Studio Light","B0FQ1FWBTH","https://m.media-amazon.com/images/I/41umHBh2gvL._AC_UL960_QL65_.jpg","search","ready","12 Inch Ring Light-Selfie Ring Light With Stand with Ball Head Phone Clip Selfie Ring Light 12W 160 LED Ring Light for Vid..."
"ORDER-371503","creator","Travel Wireless Lavalier Mic Set","B097DW7TZQ","https://m.media-amazon.com/images/I/61T7F0cyNrL._AC_UL960_QL65_.jpg","search","ready","[Upgraded Base] Ring Light Desk with Horizontal Boom Arm, 10"" Ring Light with Phone Tripod Stand, 3500k-6500K Dimmable, Ri..."
"ORDER-371504","creator","Travel Product Photo Light Box","B0DYJVC1P5","https://m.media-amazon.com/images/I/711oGRmXlTL._AC_UL960_QL65_.jpg","search","ready","NEEWER BASICS 5"" Ring Light for Video Conference Lighting, 2 Pack Clip on Light Kit with Desk Tripod Stands for Monitor La..."
"ORDER-371505","creator","Travel Phone Tripod With Remote","B07QFV72LK","https://m.media-amazon.com/images/I/61o7+qtLKpL._AC_UL960_QL65_.jpg","search","ready","UBeesize 10"" Selfie Ring Light with 50"" Extendable Tripod Stand & Phone Holder for Live Stream/Makeup/YouTube Video"
"ORDER-371506","creator","Travel Desktop Teleprompter Kit","B0CJ4LQDQX","https://m.media-amazon.com/images/I/61kJKnxXCAL._AC_UL960_QL65_.jpg","search","ready","NEEWER Professional Ring Light with Stand and Phone Holder, 18 inch Ultra Thin, 45W 2900K-7000K TLCI98, Remote Shutter & A..."
"ORDER-371507","creator","Travel RGB Background Light Bar","B0DG2XCHQ2","https://m.media-amazon.com/images/I/61e51xmGzjL._AC_UL960_QL65_.jpg","search","ready","NEEWER BASICS 7"" Desk Ring Light for Video Recording, 10W Dimmable, R06 | Full Screen Key Lighting, Stand, Phone Holder fo..."
"ORDER-371508","creator","Travel Mobile Gimbal Stabilizer","B0DYSPTLR9","https://m.media-amazon.com/images/I/71cRQVWFfNL._AC_UL960_QL65_.jpg","search","ready","NEEWER 10"" 20W LED Ring Light with Desk Stand Phone Holder for iPhone Laptop, Bi Color 2900K-7000K, USB C PD Input, CRI97+..."
"ORDER-371509","creator","Travel USB Podcast Microphone","B0GL7F21C7","https://m.media-amazon.com/images/I/610XEJ-9BjL._AC_UL960_QL65_.jpg","search","ready","Portable Ring Light for Phone，3 Color Modes Clip On LED Light，Selfie Light for iPhone & Webcam，Adjustable Phone Light Clip..."
"ORDER-371510","creator","Travel Green Screen Backdrop Set","B0F1TNGCTW","https://m.media-amazon.com/images/I/71A9IrIlPYL._AC_UL960_QL65_.jpg","search","ready","10.5'' Full Screen Ring Light With Stand for Zoom Meetings, 360° Rotate Zoom Lighting for Computer Video Conference Light ..."
"ORDER-371511","travel","Retail Premium Travel Bag Set","B071HHX6VF","https://m.media-amazon.com/images/I/713rVLv6-qL._AC_UL960_QL65_.jpg","search","ready","Amazon Basics Hardside Spinner Luggage- 30 inch (76.2cm), Material: ABS, Black"
"ORDER-371512","travel","Retail Smart Carry-On Scale","B08BFB6GBY","https://m.media-amazon.com/images/I/81r22PebO+L._AC_UL960_QL65_.jpg","search","ready","Senator Lightweight Checked Bag- Durable Hard Shell Luggage 28 Inches Suit Case for Travel A1012 | ABS Large Hard sided Lu..."
"ORDER-371513","travel","Retail Luxury Packing Cube Set","B0FXG3SRP1","https://m.media-amazon.com/images/I/81cjOFR1G-L._AC_UL960_QL65_.jpg","search","ready","Senator Lightweight Luggage Checked Bag- Durable Hard Shell 32 Inches Suitcase for Unisex Travel A1012 | ABS Extra Large H..."
"ORDER-371514","travel","Retail Universal Travel Adapter","B00ZFWYEUA","https://m.media-amazon.com/images/I/61Trw1LiRmL._AC_SL1500_.jpg","detail","ready","Retail Universal Travel Adapter"
"ORDER-371515","travel","Retail Hardshell Luggage Set","B0DDTX49F3","https://m.media-amazon.com/images/I/71k2n3D4sDL._AC_UL960_QL65_.jpg","search","ready","Large Check-in Suitcase|74cm|100 L|Makrolon Polycarbonate Hardshell|TSA-Approved Lock|8 Silent Ninja Wheels|YKK Zippers|Fo..."
"ORDER-371516","travel","Retail Anti-Theft Backpack","B0DK6387PG","https://m.media-amazon.com/images/I/71i9t0w3YwL._AC_SL1500_.jpg","detail","ready","Retail Anti-Theft Backpack"
"ORDER-371517","travel","Retail Travel Toiletry Organizer","B0CFY6F177","https://m.media-amazon.com/images/I/81x5tghirDL._AC_SL1500_.jpg","detail","ready","Retail Travel Toiletry Organizer"
"ORDER-371518","travel","Retail Memory Foam Neck Pillow","B0CPLNFSKB","https://m.media-amazon.com/images/I/713N5LNQW6L._AC_UL960_QL65_.jpg","search","ready","mixi Checked Luggage with Cup Phone Holder 24 Inch, Smoke White | Multifunction Hooks, PC Hard Shell, Travel Suitcase with..."
"ORDER-371519","travel","Retail Passport Wallet Set","B0D6FSNF8L","https://m.media-amazon.com/images/I/81AFCahoz7L._AC_UL960_QL65_.jpg","search","ready","Senator Lightweight Luggage Checked Bag- Durable Hard Shell Luggage 28 Inches Suit Case for Travel A1012 | ABS Large Hard ..."
"ORDER-371520","travel","Retail Foldable Weekender Bag","B08BF4N6NK","https://m.media-amazon.com/images/I/81NLF7aoe0L._AC_UL960_QL65_.jpg","search","ready","Senator Lightweight Checked Bag- Durable Hard Shell Luggage 28 Inches Suit Case for Travel A1012 | ABS Large Hard sided Lu..."
"ORDER-371521","travel","Pro Premium Travel Bag Set","B0DX2LYL1P","https://m.media-amazon.com/images/I/61PPYoMmrgL._AC_UL960_QL65_.jpg","search","ready","DELSEY PARIS Stone Hardcase 4 Double Wheel Check-In Luggage Trolley 70 Cm Black"
"ORDER-371522","travel","Pro Smart Carry-On Scale","B09ST951LG","https://m.media-amazon.com/images/I/81f70rZImvL._AC_UL960_QL65_.jpg","search","ready","Senator Hard case luggage for Unisex ABS Lightweight 4 Double Wheeled Suitcase with Built-In TSA Type lock A5123 (Checked ..."
"ORDER-371523","travel","Pro Luxury Packing Cube Set","B0F8HB2M9S","https://m.media-amazon.com/images/I/7185qDpNN8L._AC_UL960_QL65_.jpg","search","ready","Senator Unisex Hard Case Luggage Lightweight PP Fashion Trolley Luggage with 360° Degree 4 Twin Wheel and Safe Zippers KH1..."
"ORDER-371524","travel","Pro Universal Travel Adapter","B0F4QHCX17","https://m.media-amazon.com/images/I/71V+Y1P-0pL._AC_UL960_QL65_.jpg","search","ready","Wemart Travel ABS Luggage, Carry On Cabin Travel Trolley Bag with Combination Lock and 4 Spinner Wheels,ABS+PC Harshell (B..."
"ORDER-371525","travel","Pro Hardshell Luggage Set","B0CPDLVF8K","https://m.media-amazon.com/images/I/51bQ2TIkOIL._AC_UL960_QL65_.jpg","search","ready","Delsey Belmont + 83cm Trolley, Check In Size, Black Color, TSA Lock, Inner Mesh Zipper Pocket, Hard Top Polycarbonate Mate..."
"ORDER-371526","travel","Pro Anti-Theft Backpack","B08BFJVMVC","https://m.media-amazon.com/images/I/81VprnaSD9L._AC_UL960_QL65_.jpg","search","ready","Senator Lightweight Checked Bag- Durable Hard Shell Luggage 28 Inches Suit Case for Travel A1012 | ABS Large Hard sided Lu..."
"ORDER-371527","travel","Pro Travel Toiletry Organizer","B0B6172YWC","https://m.media-amazon.com/images/I/71KbCvptwbL._AC_SL1500_.jpg","detail","ready","Pro Travel Toiletry Organizer"
"ORDER-371528","travel","Pro Memory Foam Neck Pillow","B09WDH3139","https://m.media-amazon.com/images/I/71N5VeON0lL._AC_SL1500_.jpg","detail","ready","Pro Memory Foam Neck Pillow"
"ORDER-371529","travel","Pro Passport Wallet Set","B0B42F11GW","https://m.media-amazon.com/images/I/61inLgJqe5L._AC_SL1500_.jpg","detail","ready","Pro Passport Wallet Set"
"ORDER-371530","travel","Pro Foldable Weekender Bag","B0CXPZ9JQH","https://m.media-amazon.com/images/I/51zru3h4YVL._AC_UL960_QL65_.jpg","search","ready","American Tourister Jamaica Suitcase, Check-In Size 69 cm / 25 inch, 4 Spinner Wheels, Soft Top, 100% Polyester, Black|TSA ..."
"ORDER-371531","travel","Compact Premium Travel Bag Set","B071VG57FP","https://m.media-amazon.com/images/I/81FjIvqPnxL._AC_UL960_QL65_.jpg","search","ready","Amazon Basics Hardside Spinner Luggage 26 Inch (68cm), Material: ABS, Navy Blue"
"ORDER-371532","travel","Compact Smart Carry-On Scale","B08BFCD61S","https://m.media-amazon.com/images/I/713+ToC6KvL._AC_UL960_QL65_.jpg","search","ready","Senator Lightweight Luggage Checked Bag- Durable Hard-Shell Luggage 28 Inches Suit Case for Travel A207 | Large Hard sided..."
"ORDER-371533","travel","Compact Luxury Packing Cube Set","B0CHDRYTBN","https://m.media-amazon.com/images/I/81HXHIdZuZL._AC_UL960_QL65_.jpg","search","ready","Cabin Pro Light Weight Aluminum Frame Fashion Trolley Luggage Polycarbonate Hard Case Checked Luggage with 4 Quite 360° Do..."
"ORDER-371534","travel","Compact Universal Travel Adapter","B0727XS1XC","https://m.media-amazon.com/images/I/71zCMli3B+L._AC_UL960_QL65_.jpg","search","ready","Amazon Basics Hardside Carry On Spinner Luggage- 21 inch (55cm), Material: ABS, Orange"
"ORDER-371535","travel","Compact Hardshell Luggage Set","B0G1MYJ9FV","https://m.media-amazon.com/images/I/71Ucz8JW1cL._AC_UL960_QL65_.jpg","search","ready","American Tourister Seville Suitcase, 4 Spinner Wheels, Soft Top, Polyester, Black|TSA Lock|Front Storage Compartment|Inner..."
"ORDER-371536","travel","Compact Anti-Theft Backpack","B09SHY8HZL","https://m.media-amazon.com/images/I/71+UXDxA4AL._AC_UL960_QL65_.jpg","search","ready","TrekKit Suitcase Luggage 28 Inches for 30kg - HardSide Luggage for Travel - Lightweight ABS Material with 4 Wheels Spinner..."
"ORDER-371537","travel","Compact Travel Toiletry Organizer","B09STH6JFJ","https://m.media-amazon.com/images/I/81Fg87orijL._AC_UL960_QL65_.jpg","search","ready","Senator Hard case luggage for Unisex ABS Lightweight 4 Double Wheeled Suitcase with Built-In TSA Type lock A5123 (Carry-On..."
"ORDER-371538","travel","Compact Memory Foam Neck Pillow","B097MPFNZZ","https://m.media-amazon.com/images/I/81yIpVO1FHL._AC_UL960_QL65_.jpg","search","ready","American Tourister Tribus Suitcase, 69 cm / 25 inch, 4 Spinner Wheels, Hard Top, PP Dark Grey|Address Tag|TSA Lock|Scratch..."
"ORDER-371539","travel","Compact Passport Wallet Set","B07Y6CQ23N","https://m.media-amazon.com/images/I/71Qy7V+gwuL._AC_SL1500_.jpg","detail","ready","Compact Passport Wallet Set"
"ORDER-371540","travel","Compact Foldable Weekender Bag","B0F8HDX94J","https://m.media-amazon.com/images/I/81Gdtl0lMpL._AC_SL1500_.jpg","detail","ready","Compact Foldable Weekender Bag"
"ORDER-371541","travel","Premium Premium Travel Bag Set","B071DXB6DY","https://m.media-amazon.com/images/I/71wiPML2mVL._AC_SL1500_.jpg","detail","ready","Premium Premium Travel Bag Set"
"ORDER-371542","travel","Premium Smart Carry-On Scale","B0713ZQ4DQ","https://m.media-amazon.com/images/I/71Mh9CQ-D5L._AC_UL960_QL65_.jpg","search","ready","Amazon Basics 3-Piece Set Hardside Spinner-21/26/30 inch (55/68/78 cm) Material: ABS, Black"
"ORDER-371543","travel","Premium Luxury Packing Cube Set","B0FMHNY5NS","https://m.media-amazon.com/images/I/618vfEyiJtL._AC_SL1500_.jpg","detail","ready","Premium Luxury Packing Cube Set"
"ORDER-371544","travel","Premium Universal Travel Adapter","B0DDTQWXS4","https://m.media-amazon.com/images/I/51r2PsQTerL._AC_SL1500_.jpg","detail","ready","Premium Universal Travel Adapter"
"ORDER-371545","travel","Premium Hardshell Luggage Set","B0G94BT5V7","https://m.media-amazon.com/images/I/81GySBspVQL._AC_SL1500_.jpg","detail","ready","Premium Hardshell Luggage Set"
"ORDER-371546","travel","Premium Anti-Theft Backpack","B084L37TWY","https://m.media-amazon.com/images/I/81hqWuPcobL._AC_SL1500_.jpg","detail","ready","Premium Anti-Theft Backpack"
"ORDER-371547","travel","Premium Travel Toiletry Organizer","B0FHJ49LN9","https://m.media-amazon.com/images/I/51faPCcckoL._AC_UL960_QL65_.jpg","search","ready","American Tourister Trento + Suitcase, 54 cm / 20 inch, 4 Spinner Wheels, Hard Top, Polycarbonate, Matcha|Book Opening|Expa..."
"ORDER-371548","travel","Premium Memory Foam Neck Pillow","B0FD8Q7RW2","https://m.media-amazon.com/images/I/618LrfvIknL._AC_SL1500_.jpg","detail","ready","Premium Memory Foam Neck Pillow"
"ORDER-371549","travel","Premium Passport Wallet Set","B0FL35NQC5","https://m.media-amazon.com/images/I/41+uC3SD+CL._AC_SL1000_.jpg","detail","ready","Premium Passport Wallet Set"
"ORDER-371550","travel","Premium Foldable Weekender Bag","B01LY047AR","https://m.media-amazon.com/images/I/71cCw4oa4SL._AC_SL1500_.jpg","detail","ready","Premium Foldable Weekender Bag"
"ORDER-371551","travel","Travel Premium Travel Bag Set","B0CPDLMWK3","https://m.media-amazon.com/images/I/51B7pr4W+HL._AC_UL960_QL65_.jpg","search","ready","Delsey Belmont + 71cm Trolley, Check In Size, Blue Color, TSA Lock, Inner Mesh Zipper Pocket, Hard Top Polycarbonate Mater..."
"ORDER-371552","travel","Travel Smart Carry-On Scale","B0DGSHGMF3","https://m.media-amazon.com/images/I/71m8uUVJgfL._AC_UL960_QL65_.jpg","search","ready","Denzoz Luggage Set, 3-piece (20/24/28)"" Suitcases with Universal Wheels PC+ABS Durable Hardshell Luggage Clearance Price (..."
"ORDER-371553","travel","Travel Luxury Packing Cube Set","B0FQPGM9HR","https://m.media-amazon.com/images/I/51XQophN7oL._AC_UL960_QL65_.jpg","search","ready","Wenger Ryon 80cm Black Cabin Trolley With 4 Spinner Wheels, Polycarbonate Hard Shell, Expandable, TSA Lock, Front Loading,..."
"ORDER-371554","travel","Travel Universal Travel Adapter","B0C67TSM7J","https://m.media-amazon.com/images/I/51ZenzXHifL._AC_UL960_QL65_.jpg","search","ready","COOLIFE 24 inch Luggage Carry on Hand Travel Gear Trolley Luggage Bag | ABS Lightweight Hard Shell Suitcase with TSA lock ..."
"ORDER-371555","travel","Travel Hardshell Luggage Set","B09PG54T33","https://m.media-amazon.com/images/I/81IOAMUUCFL._AC_UL960_QL65_.jpg","search","ready","Senator Hard Case Checked Bag 28 Inches Large Suitcase with Wheels for Unisex – KH110 | ABS Lightweight Hard Shell Luggage..."
"ORDER-371556","travel","Travel Anti-Theft Backpack","B0BR58FRHG","https://m.media-amazon.com/images/I/81e4aVLZLeL._AC_SL1500_.jpg","detail","ready","Travel Anti-Theft Backpack"
"ORDER-371557","travel","Travel Travel Toiletry Organizer","B0DQVHJWQZ","https://m.media-amazon.com/images/I/61bB9rJMUQL._AC_UL960_QL65_.jpg","search","ready","ZAAPPY Soft Shell 32 Inch (36-40kg) Luggage, Ultra Lightweight, Expandable, 4 Smooth Wheels with Combination Locks Suitcas..."
"ORDER-371558","travel","Travel Memory Foam Neck Pillow","B0F3DH93G3","https://m.media-amazon.com/images/I/61hvI5uLH1L._AC_UL960_QL65_.jpg","search","ready","American Tourister Hundo Suitcase, Check-In Size 81 cm / 30 inch, 4 Spinner Wheels, Hard Top, Polypropylene, Frozen Match..."
"ORDER-371559","travel","Travel Passport Wallet Set","B0FP9KX7FR","https://m.media-amazon.com/images/I/51mYI1JzD5L._AC_UL960_QL65_.jpg","search","ready","3 Piece Luggage Set ABS+PC Wide Handle 20/24/28 Inch Baige,Lightweight Travel Suitcase with Secure Combination Lock, Spinn..."
"ORDER-371560","travel","Travel Foldable Weekender Bag","B084MWFMVP","https://m.media-amazon.com/images/I/81GGU1O2VOL._AC_UL960_QL65_.jpg","search","ready","American Tourister Technum Suitcase, Check-In Size 68 cm / 25 inch, 4 Spinner Wheels, Hard Top, Polycarbonate, Metallic Bl..."
"ORDER-371561","gaming","Retail Console Accessory Kit","B0CYJF4KG7","https://m.media-amazon.com/images/I/61JY28GIsML._AC_UL960_QL65_.jpg","search","ready","Logitech G Pro X SE Wired Gaming Headset with Microphone: Detachable Mic, DTS Headphone:X 7.1, Memory Foam Ear Pads, 50 mm..."
"ORDER-371562","gaming","Retail RGB Gaming Headset","B0DBJ5PBLT","https://m.media-amazon.com/images/I/71+ichAoOjL._AC_SL1500_.jpg","detail","ready","Retail RGB Gaming Headset"
"ORDER-371563","gaming","Retail Mechanical Keyboard Set","B07W6H7PY2","https://m.media-amazon.com/images/I/71mGNXSFX8L._AC_UL960_QL65_.jpg","search","ready","Logitech G PRO X 2 LIGHTSPEED Wireless Gaming Headset, Detachable Boom Mic, 50mm Graphene Drivers, DTS: X Headphone 2.0—7...."
"ORDER-371564","gaming","Retail Wireless Gaming Mouse","B09QFYNJMB","https://m.media-amazon.com/images/I/71lksrrLpJL._AC_UL960_QL65_.jpg","search","ready","Razer BlackShark V2 X Gaming Headset: 7.1 Surround Sound - 50mm Drivers - Memory Foam Cushion - for PC, Mac, PS4, PS5, Swi..."
"ORDER-371565","gaming","Retail Mobile Game Controller","B07XC936P8","https://m.media-amazon.com/images/I/51TzGmowjSL._AC_UL960_QL65_.jpg","search","ready","Razer Kraken X Lite Ultralight Gaming Headset: 7.1 Surround Sound - Lightweight Aluminum Frame - Bendable Cardioid Microph..."
"ORDER-371566","gaming","Retail LED Gaming Desk Mat","B0GX258KR4","https://m.media-amazon.com/images/I/612LFEaYJvL._AC_SL1500_.jpg","detail","ready","Retail LED Gaming Desk Mat"
"ORDER-371567","gaming","Retail Streaming Capture Card","B0F211JQZN","https://m.media-amazon.com/images/I/61IwMjpvHeL._AC_UL960_QL65_.jpg","search","ready","ATTACK SHARK L80PRO Wireless Gaming Headset, Adjustable Dual Mics, 3D Surround Sound, Lightweight Headset with 20ms Low La..."
"ORDER-371568","gaming","Retail Gaming Chair Footrest","B0916ZXRB9","https://m.media-amazon.com/images/I/71qD8upaMlL._AC_UL960_QL65_.jpg","search","ready","Turtle Beach Recon 70 Camo White Gaming Headset for Xbox Series X|S, Xbox One, PS5, PS4, Nintendo Switch & PC"
"ORDER-371569","gaming","Retail Portable Mini Projector","B0C3BV19Q3","https://m.media-amazon.com/images/I/71pz2njkNRL._AC_UL960_QL65_.jpg","search","ready","Sponsored Ad – HyperX Cloud III Gaming Headset Black-Red"
"ORDER-371570","gaming","Retail VR Headset Carry Case","B0CZTXFGMG","https://m.media-amazon.com/images/I/619NBssjVVL._AC_SL1500_.jpg","detail","ready","Retail VR Headset Carry Case"
"ORDER-371571","gaming","Pro Console Accessory Kit","B07W7KT2B3","https://m.media-amazon.com/images/I/51yc2VraFoS._AC_UL960_QL65_.jpg","search","ready","Logitech G Logitech G733 LIGHTSPEED Wireless Gaming Headset with suspension headband, LIGHTSYNC RGB, Blue VO!CE mic techno..."
"ORDER-371572","gaming","Pro RGB Gaming Headset","B0F6NZWPTC","https://m.media-amazon.com/images/I/71mqaEv2KRL._AC_UL960_QL65_.jpg","search","ready","HyperX Cloud III S – Wireless Gaming Headset for Multi-Platform, 2.4GHz, Bluetooth, Battery Life up to 120 Hours 2.4GHz / ..."
"ORDER-371573","gaming","Pro Mechanical Keyboard Set","B08FX7T8Z4","https://m.media-amazon.com/images/I/71N6Oge0ntL._AC_UL960_QL65_.jpg","search","ready","EKSA E900 Headset with Microphone for PC, PS4,PS5, Xbox - Detachable Noise Canceling Mic, 3D Surround Sound, Wired Headpho..."
"ORDER-371574","gaming","Pro Wireless Gaming Mouse","B083X24VG9","https://m.media-amazon.com/images/I/61LMihB6pLL._AC_UL960_QL65_.jpg","search","ready","JBL Quantum 100 Wired Over-Ear Gaming Headset With A Detachable Voice-Focus Boom Mic, Quantumsound Signature, Lightweight ..."
"ORDER-371575","gaming","Pro Mobile Game Controller","B0F93SY4BH","https://m.media-amazon.com/images/I/61Wa3MBiEVL._AC_UL960_QL65_.jpg","search","ready","Razer BlackShark V3 X HyperSpeed Wireless Gaming Headset for PC: 50mm Drivers - Cardioid Mic - 2.4 GHz, Bluetooth, USB - W..."
"ORDER-371576","gaming","Pro LED Gaming Desk Mat","B0B7X8392G","https://m.media-amazon.com/images/I/71kpsRaQjsL._AC_UL960_QL65_.jpg","search","ready","SteelSeries Arctis Nova 1 — Multi-System Gaming Headset — Hi-Fi Drivers — 360° Spatial Audio — AirWeave Memory Foam Ear Cu..."
"ORDER-371577","gaming","Pro Streaming Capture Card","B07W5JHF96","https://m.media-amazon.com/images/I/61RbUrm65WL._AC_UL960_QL65_.jpg","search","ready","ASTRO A10 Gaming Headset Gen 2 Wired Headset - Over-ear gaming headphones with flip-to-mute microphone, 32 mm drivers, com..."
"ORDER-371578","gaming","Pro Gaming Chair Footrest","B0FN3KKJS9","https://m.media-amazon.com/images/I/51s9eIJa6vL._AC_UL960_QL65_.jpg","search","ready","Sony INZONE H3 Wired Gaming Headset, Over-Ear Headphones with 360 Spatial Sound, Discord Certified, Flip-Up Mic, Compatibl..."
"ORDER-371579","gaming","Pro Portable Mini Projector","B07X8VD1XF","https://m.media-amazon.com/images/I/61YpRT1dbiL._AC_UL960_QL65_.jpg","search","ready","Redragon H211 Cronus White Wired Gaming Headset, Stereo Surround Sound, Noise-Canceling Microphone, Dynamic RGB Backlight,..."
"ORDER-371580","gaming","Pro VR Headset Carry Case","B0BCFKG49M","https://m.media-amazon.com/images/I/71WXVepOnFL._AC_UL960_QL65_.jpg","search","ready","HyperX Cloud Stinger 2 Core DTS Headphone X Spatial Audio Gaming Headset, Black, Medium, Wired"
"ORDER-371581","gaming","Compact Console Accessory Kit","B09BFZSRGN","https://m.media-amazon.com/images/I/51Cm9mmZHeL._AC_UL960_QL65_.jpg","search","ready","Redragon HYLAS H260 RGB Wired Gaming Headset for PC, PS5/PS4, Xbox One - Black"
"ORDER-371582","gaming","Compact RGB Gaming Headset","B07JLFFTY1","https://m.media-amazon.com/images/I/61vy8hdu-5L._AC_UL960_QL65_.jpg","search","ready","Redragon Ares H120 Gaming Headset Wired"
"ORDER-371583","gaming","Compact Mechanical Keyboard Set","B07W7LNTM5","https://m.media-amazon.com/images/I/81XKunza3xL._AC_UL960_QL65_.jpg","search","ready","Logitech G435 Lightspeed & Bluetooth Wireless Gaming Headset - Ultra Lightweight 165G Over-Ear Headphones, Built-In Mics, ..."
"ORDER-371584","gaming","Compact Wireless Gaming Mouse","B07W6J6TG5","https://m.media-amazon.com/images/I/61yS0ur-ohL._AC_UL960_QL65_.jpg","search","ready","Logitech G335 Wired Gaming Headset, With Microphone, 3.5mm Audio Jack, Comfortable Memory Foam Earpads, Lightweight, Compa..."
"ORDER-371585","gaming","Compact Mobile Game Controller","B0C3BSZ56D","https://m.media-amazon.com/images/I/71AMEEP3HLL._AC_UL960_QL65_.jpg","search","ready","HyperX Cloud III Gaming Headset-Black"
"ORDER-371586","gaming","Compact LED Gaming Desk Mat","B08TBF4S42","https://m.media-amazon.com/images/I/617ySmEBgyL._AC_UL960_QL65_.jpg","search","ready","NUBWO G06 Dual Wireless Gaming Headset with Microphone for PS5, PS4, PC, Mobile, Switch: 2.4GHz Wireless + Bluetooth - 100..."
"ORDER-371587","gaming","Compact Streaming Capture Card","B07MW6Z33N","https://m.media-amazon.com/images/I/51NKmDJI6dL._AC_UL960_QL65_.jpg","search","ready","eWINNER 3.5Mm Wired Gaming Headphones Over Ear Game Headset Noise Canceling Earphone With Microphone Volume Control For PS..."
"ORDER-371588","gaming","Compact Gaming Chair Footrest","B0FPFRXPX7","https://m.media-amazon.com/images/I/61J9pDYdkBL._AC_UL960_QL65_.jpg","search","ready","VCOM RGB Gaming Headset with Dual Interface (USB + 3.5mm) – Wired Over-Ear Headphones with Mic, Noise Cancelling Microphon..."
"ORDER-371589","gaming","Compact Portable Mini Projector","B0G2VZW3TN","https://m.media-amazon.com/images/I/61c8XEsmh3L._AC_UL960_QL65_.jpg","search","ready","ATTACK SHARK G800 Wireless Gaming Headset, 1000 mAh, Detachable Mics, Aluminum alloy frame, 3D Surround Sound, 20ms low la..."
"ORDER-371590","gaming","Compact VR Headset Carry Case","B0DBJ5YPXZ","https://m.media-amazon.com/images/I/71+ichAoOjL._AC_UL960_QL65_.jpg","search","ready","Logitech G Astro A50 LIGHTSPEED Wireless Gaming Headset with Technology and Base Station (5th Generation), PRO-G GRAPHENE,..."
"ORDER-371591","gaming","Premium Console Accessory Kit","B086PKMZ21","https://m.media-amazon.com/images/I/71CT4h6bDSL._AC_UL960_QL65_.jpg","search","ready","Razer BlackShark V2 X Gaming Headset, 7.1 Surround Sound, 50mm Drivers, Memory Foam Cushion, for PC, PS4, PS5, Switch, Xbo..."
"ORDER-371592","gaming","Premium RGB Gaming Headset","B09X5FSQDN","https://m.media-amazon.com/images/I/71qKH+vJ+IL._AC_SL1500_.jpg","detail","ready","Premium RGB Gaming Headset"
"ORDER-371593","gaming","Premium Mechanical Keyboard Set","B09X5G16ZM","https://m.media-amazon.com/images/I/61BEEb1716L._AC_UL960_QL65_.jpg","search","ready","Razer Barracuda X Wireless Gaming & Mobile Headset (PC, Playstation, Switch, Android, iOS): 2022 Model - 2.4GHz Wireless +..."
"ORDER-371594","gaming","Premium Wireless Gaming Mouse","B07XHGLSGF","https://m.media-amazon.com/images/I/716BxX5qbtL._AC_UL960_QL65_.jpg","search","ready","EKSA USB Gaming Headset for PC - Computer Headphones with 7.1 Surround Sound Stereo Noise Canceling Mic/Microphone RGB Lig..."
"ORDER-371595","gaming","Premium Mobile Game Controller","B0DXQ8X9GT","https://m.media-amazon.com/images/I/61gQyJac5sL._AC_SL1500_.jpg","detail","ready","Premium Mobile Game Controller"
"ORDER-371596","gaming","Premium LED Gaming Desk Mat","B0FL7QLH89","https://m.media-amazon.com/images/I/71sCfhPJSjL._AC_SL1500_.jpg","detail","ready","Premium LED Gaming Desk Mat"
"ORDER-371597","gaming","Premium Streaming Capture Card","B0DHY29PSM","https://m.media-amazon.com/images/I/71noSdO0XjL._AC_UL960_QL65_.jpg","search","ready","ASUS ROG Pelta Wireless Gaming Headset (BT, ROG SpeedNova 2.4GHz, USB-C, Lightweight 309g, 50mm ROG Titanium-Plated Driver..."
"ORDER-371598","gaming","Premium Gaming Chair Footrest","B0FDGPMZQT","https://m.media-amazon.com/images/I/71e6OHesF5L._AC_SL1500_.jpg","detail","ready","Premium Gaming Chair Footrest"
"ORDER-371599","gaming","Premium Portable Mini Projector","B0CTMW67RC","https://m.media-amazon.com/images/I/510s1LBS5vL._AC_UL960_QL65_.jpg","search","ready","Gaming Headset Hp P2 Connection Blue Light Dhe-8001 Black"
"ORDER-371600","gaming","Premium VR Headset Carry Case","B0C4ND25FT","https://m.media-amazon.com/images/I/7158M67MH3L._AC_UL960_QL65_.jpg","search","ready","FIFINE H9 Wired Gaming Headset with Microphone, USB/3.5mm Headphones | Over-Ear Headset with 50mm Drivers, 7.1 Surround So..."
"ORDER-371601","gaming","Travel Console Accessory Kit","B0F2JFN2VW","https://m.media-amazon.com/images/I/517HQNRbZkL._AC_UL960_QL65_.jpg","search","ready","Logitech G522 LIGHTSPEED Wireless Gaming Headset, LIGHTSYNC RGB, Full Bandwidth Mic & Advanced Synchronized Audio, Tri-Con..."
"ORDER-371602","gaming","Travel RGB Gaming Headset","B07KFN5LL4","https://m.media-amazon.com/images/I/71ZhWur2srL._AC_UL960_QL65_.jpg","search","ready","beyerdynamic DT 990 PRO 80 Ohm, Gray, Wired | Open-Back Design, 80 Ohm Impedance, Mixing & Mastering, Velour Ear Pads, 3m ..."
"ORDER-371603","gaming","Travel Mechanical Keyboard Set","B0DKDQPD9N","https://m.media-amazon.com/images/I/61xciYqto3L._AC_UL960_QL65_.jpg","search","ready","ATTACK SHARK L90 Ultralight Wireless Gaming Headset, BT, 2.4G, 3.5mm Wired, RGB Foldable 7.2 Surround Sound Over-Ear Headp..."
"ORDER-371604","gaming","Travel Wireless Gaming Mouse","B00SAYCXWG","https://m.media-amazon.com/images/I/71ltsViEA8L._AC_SL1500_.jpg","detail","ready","Travel Wireless Gaming Mouse"
"ORDER-371605","gaming","Travel Mobile Game Controller","B0FF2TR4Q7","https://m.media-amazon.com/images/I/61tk1LWZljL._AC_UL960_QL65_.jpg","search","ready","Plyisty Over Ear Gaming Headset with Mic, 40mm Drivers, LED Lights & Volume Control, Noise Isolating Microphone for PC, La..."
"ORDER-371606","gaming","Travel LED Gaming Desk Mat","B0D1KBNWHF","https://m.media-amazon.com/images/I/61+WSjGgFzL._AC_UL960_QL65_.jpg","search","ready","SteelSeries Arctis Nova 5 Wireless - Gaming Headset for PC, PS4/5, Switch, Mobile - 100+ Audio Presets via App - Neodymium..."
"ORDER-371607","gaming","Travel Streaming Capture Card","B09ZLS8LB3","https://m.media-amazon.com/images/I/712X4tzCUrL._AC_UL960_QL65_.jpg","search","ready","SteelSeries Arctis Nova Pro - Multi-System Gaming Headset - Premium Hi-Fi Drivers - Hi-Res Audio - 360° Spatial Audio - Ga..."
"ORDER-371608","gaming","Travel Gaming Chair Footrest","B0B7X8D45M","https://m.media-amazon.com/images/I/61RYOoNtXOL._AC_UL960_QL65_.jpg","search","ready","SteelSeries Arctis Nova 7 Wireless Multi-Platform Gaming Headset - Neodymium Magnetic Drivers - Dual Wireless 2.4GHz & Blu..."
"ORDER-371609","gaming","Travel Portable Mini Projector","B0CJTVFQWK","https://m.media-amazon.com/images/I/61NZc2iXOLL._AC_SL1500_.jpg","detail","ready","Travel Portable Mini Projector"
"ORDER-371610","gaming","Travel VR Headset Carry Case","B091FBWFYF","https://m.media-amazon.com/images/I/51tLY0jW1xS._AC_SL1500_.jpg","detail","ready","Travel VR Headset Carry Case"