"id","category","title_en","title_ar","title_zh","desc_en","desc_ar","desc_zh","retail","c_supply","b_supply","a_supply","main_image","detail_01","detail_02","detail_03","detail_04"
"ORDER-371011","mobile","Mobile resale product 1","منتج إكسسوارات الهاتف 1","手机配件商品 1","Replace this with polished product copy based on the selected Gulf-market bestseller.","استبدل هذا النص بوصف احترافي للمنتج المناسب لسوق الخليج.","替换为适合海湾市场爆品的正式商品描述。","$99-$199","$75","$65","$55","assets/products/mobile/ORDER-371011/main.webp","assets/products/mobile/ORDER-371011/detail-01.webp","assets/products/mobile/ORDER-371011/detail-02.webp","assets/products/mobile/ORDER-371011/detail-03.webp","assets/products/mobile/ORDER-371011/detail-04.webp"
"ORDER-371012","mobile","Mobile resale product 2","منتج إكسسوارات الهاتف 2","手机配件商品 2","Replace this with polished product copy based on the selected Gulf-market bestseller.","استبدل هذا النص بوصف احترافي للمنتج المناسب لسوق الخليج.","替换为适合海湾市场爆品的正式商品描述。","$99-$199","$75","$65","$55","assets/products/mobile/ORDER-371012/main.webp","assets/products/mobile/ORDER-371012/detail-01.webp","assets/products/mobile/ORDER-371012/detail-02.webp","assets/products/mobile/ORDER-371012/detail-03.webp","assets/products/mobile/ORDER-371012/detail-04.webp"
"ORDER-371013","mobile","Mobile resale product 3","منتج إكسسوارات الهاتف 3","手机配件商品 3","Replace this with polished product copy based on the selected Gulf-market bestseller.","استبدل هذا النص بوصف احترافي للمنتج المناسب لسوق الخليج.","替换为适合海湾市场爆品的正式商品描述。","$99-$199","$75","$65","$55","assets/products/mobile/ORDER-371013/main.webp","assets/products/mobile/ORDER-371013/detail-01.webp","assets/products/mobile/ORDER-371013/detail-02.webp","assets/products/mobile/ORDER-371013/detail-03.webp","assets/products/mobile/ORDER-371013/detail-04.webp"
"ORDER-371014","mobile","Mobile resale product 4","منتج إكسسوارات الهاتف 4","手机配件商品 4","Replace this with polished product copy based on the selected Gulf-market bestseller.","استبدل هذا النص بوصف احترافي للمنتج المناسب لسوق الخليج.","替换为适合海湾市场爆品的正式商品描述。","$99-$199","$75","$65","$55","assets/products/mobile/ORDER-371014/main.webp","assets/products/mobile/ORDER-371014/detail-01.webp","assets/products/mobile/ORDER-371014/detail-02.webp","assets/products/mobile/ORDER-371014/detail-03.webp","assets/products/mobile/ORDER-371014/detail-04.webp"
"ORDER-371015","mobile","Mobile resale product 5","منتج إكسسوارات الهاتف 5","手机配件商品 5","Replace this with polished product copy based on the selected Gulf-market bestseller.","استبدل هذا النص بوصف احترافي للمنتج المناسب لسوق الخليج.","替换为适合海湾市场爆品的正式商品描述。","$99-$199","$75","$65","$55","assets/products/mobile/ORDER-371015/main.webp","assets/products/mobile/ORDER-371015/detail-01.webp","assets/products/mobile/ORDER-371015/detail-02.webp","assets/products/mobile/ORDER-371015/detail-03.webp","assets/products/mobile/ORDER-371015/detail-04.webp"
"ORDER-371016","mobile","Mobile resale product 6","منتج إكسسوارات الهاتف 6","手机配件商品 6","Replace this with polished product copy based on the selected Gulf-market bestseller.","استبدل هذا النص بوصف احترافي للمنتج المناسب لسوق الخليج.","替换为适合海湾市场爆品的正式商品描述。","$99-$199","$75","$65","$55","assets/products/mobile/ORDER-371016/main.webp","assets/products/mobile/ORDER-371016/detail-01.webp","assets/products/mobile/ORDER-371016/detail-02.webp","assets/products/mobile/ORDER-371016/detail-03.webp","assets/products/mobile/ORDER-371016/detail-04.webp"
"ORDER-371017","mobile","Mobile resale product 7","منتج إكسسوارات الهاتف 7","手机配件商品 7","Replace this with polished product copy based on the selected Gulf-market bestseller.","استبدل هذا النص بوصف احترافي للمنتج المناسب لسوق الخليج.","替换为适合海湾市场爆品的正式商品描述。","$99-$199","$75","$65","$55","assets/products/mobile/ORDER-371017/main.webp","assets/products/mobile/ORDER-371017/detail-01.webp","assets/products/mobile/ORDER-371017/detail-02.webp","assets/products/mobile/ORDER-371017/detail-03.webp","assets/products/mobile/ORDER-371017/detail-04.webp"
"ORDER-371018","mobile","Mobile resale product 8","منتج إكسسوارات الهاتف 8","手机配件商品 8","Replace this with polished product copy based on the selected Gulf-market bestseller.","استبدل هذا النص بوصف احترافي للمنتج المناسب لسوق الخليج.","替换为适合海湾市场爆品的正式商品描述。","$99-$199","$75","$65","$55","assets/products/mobile/ORDER-371018/main.webp","assets/products/mobile/ORDER-371018/detail-01.webp","assets/products/mobile/ORDER-371018/detail-02.webp","assets/products/mobile/ORDER-371018/detail-03.webp","assets/products/mobile/ORDER-371018/detail-04.webp"
"ORDER-371019","mobile","Mobile resale product 9","منتج إكسسوارات الهاتف 9","手机配件商品 9","Replace this with polished product copy based on the selected Gulf-market bestseller.","استبدل هذا النص بوصف احترافي للمنتج المناسب لسوق الخليج.","替换为适合海湾市场爆品的正式商品描述。","$99-$199","$75","$65","$55","assets/products/mobile/ORDER-371019/main.webp","assets/products/mobile/ORDER-371019/detail-01.webp","assets/products/mobile/ORDER-371019/detail-02.webp","assets/products/mobile/ORDER-371019/detail-03.webp","assets/products/mobile/ORDER-371019/detail-04.webp"
"ORDER-371020","mobile","Mobile resale product 10","منتج إكسسوارات الهاتف 10","手机配件商品 10","Replace this with polished product copy based on the selected Gulf-market bestseller.","استبدل هذا النص بوصف احترافي للمنتج المناسب لسوق الخليج.","替换为适合海湾市场爆品的正式商品描述。","$99-$199","$75","$65","$55","assets/products/mobile/ORDER-371020/main.webp","assets/products/mobile/ORDER-371020/detail-01.webp","assets/products/mobile/ORDER-371020/detail-02.webp","assets/products/mobile/ORDER-371020/detail-03.webp","assets/products/mobile/ORDER-371020/detail-04.webp"
"ORDER-371021","mobile","Mobile resale product 11","منتج إكسسوارات الهاتف 11","手机配件商品 11","Replace this with polished product copy based on the selected Gulf-market bestseller.","استبدل هذا النص بوصف احترافي للمنتج المناسب لسوق الخليج.","替换为适合海湾市场爆品的正式商品描述。","$99-$199","$75","$65","$55","assets/products/mobile/ORDER-371021/main.webp","assets/products/mobile/ORDER-371021/detail-01.webp","assets/products/mobile/ORDER-371021/detail-02.webp","assets/products/mobile/ORDER-371021/detail-03.webp","assets/products/mobile/ORDER-371021/detail-04.webp"
"ORDER-371022","mobile","Mobile resale product 12","منتج إكسسوارات الهاتف 12","手机配件商品 12","Replace this with polished product copy based on the selected Gulf-market bestseller.","استبدل هذا النص بوصف احترافي للمنتج المناسب لسوق الخليج.","替换为适合海湾市场爆品的正式商品描述。","$99-$199","$75","$65","$55","assets/products/mobile/ORDER-371022/main.webp","assets/products/mobile/ORDER-371022/detail-01.webp","assets/products/mobile/ORDER-371022/detail-02.webp","assets/products/mobile/ORDER-371022/detail-03.webp","assets/products/mobile/ORDER-371022/detail-04.webp"
"ORDER-371023","mobile","Mobile resale product 13","منتج إكسسوارات الهاتف 13","手机配件商品 13","Replace this with polished product copy based on the selected Gulf-market bestseller.","استبدل هذا النص بوصف احترافي للمنتج المناسب لسوق الخليج.","替换为适合海湾市场爆品的正式商品描述。","$99-$199","$75","$65","$55","assets/products/mobile/ORDER-371023/main.webp","assets/products/mobile/ORDER-371023/detail-01.webp","assets/products/mobile/ORDER-371023/detail-02.webp","assets/products/mobile/ORDER-371023/detail-03.webp","assets/products/mobile/ORDER-371023/detail-04.webp"
"ORDER-371024","mobile","Mobile resale product 14","منتج إكسسوارات الهاتف 14","手机配件商品 14","Replace this with polished product copy based on the selected Gulf-market bestseller.","استبدل هذا النص بوصف احترافي للمنتج المناسب لسوق الخليج.","替换为适合海湾市场爆品的正式商品描述。","$99-$199","$75","$65","$55","assets/products/mobile/ORDER-371024/main.webp","assets/products/mobile/ORDER-371024/detail-01.webp","assets/products/mobile/ORDER-371024/detail-02.webp","assets/products/mobile/ORDER-371024/detail-03.webp","assets/products/mobile/ORDER-371024/detail-04.webp"
"ORDER-371025","mobile","Mobile resale product 15","منتج إكسسوارات الهاتف 15","手机配件商品 15","Replace this with polished product copy based on the selected Gulf-market bestseller.","استبدل هذا النص بوصف احترافي للمنتج المناسب لسوق الخليج.","替换为适合海湾市场爆品的正式商品描述。","$99-$199","$75","$65","$55","assets/products/mobile/ORDER-371025/main.webp","assets/products/mobile/ORDER-371025/detail-01.webp","assets/products/mobile/ORDER-371025/detail-02.webp","assets/products/mobile/ORDER-371025/detail-03.webp","assets/products/mobile/ORDER-371025/detail-04.webp"
"ORDER-371026","mobile","Mobile resale product 16","منتج إكسسوارات الهاتف 16","手机配件商品 16","Replace this with polished product copy based on the selected Gulf-market bestseller.","استبدل هذا النص بوصف احترافي للمنتج المناسب لسوق الخليج.","替换为适合海湾市场爆品的正式商品描述。","$99-$199","$75","$65","$55","assets/products/mobile/ORDER-371026/main.webp","assets/products/mobile/ORDER-371026/detail-01.webp","assets/products/mobile/ORDER-371026/detail-02.webp","assets/products/mobile/ORDER-371026/detail-03.webp","assets/products/mobile/ORDER-371026/detail-04.webp"
"ORDER-371027","mobile","Mobile resale product 17","منتج إكسسوارات الهاتف 17","手机配件商品 17","Replace this with polished product copy based on the selected Gulf-market bestseller.","استبدل هذا النص بوصف احترافي للمنتج المناسب لسوق الخليج.","替换为适合海湾市场爆品的正式商品描述。","$99-$199","$75","$65","$55","assets/products/mobile/ORDER-371027/main.webp","assets/products/mobile/ORDER-371027/detail-01.webp","assets/products/mobile/ORDER-371027/detail-02.webp","assets/products/mobile/ORDER-371027/detail-03.webp","assets/products/mobile/ORDER-371027/detail-04.webp"
"ORDER-371028","mobile","Mobile resale product 18","منتج إكسسوارات الهاتف 18","手机配件商品 18","Replace this with polished product copy based on the selected Gulf-market bestseller.","استبدل هذا النص بوصف احترافي للمنتج المناسب لسوق الخليج.","替换为适合海湾市场爆品的正式商品描述。","$99-$199","$75","$65","$55","assets/products/mobile/ORDER-371028/main.webp","assets/products/mobile/ORDER-371028/detail-01.webp","assets/products/mobile/ORDER-371028/detail-02.webp","assets/products/mobile/ORDER-371028/detail-03.webp","assets/products/mobile/ORDER-371028/detail-04.webp"
"ORDER-371029","mobile","Mobile resale product 19","منتج إكسسوارات الهاتف 19","手机配件商品 19","Replace this with polished product copy based on the selected Gulf-market bestseller.","استبدل هذا النص بوصف احترافي للمنتج المناسب لسوق الخليج.","替换为适合海湾市场爆品的正式商品描述。","$99-$199","$75","$65","$55","assets/products/mobile/ORDER-371029/main.webp","assets/products/mobile/ORDER-371029/detail-01.webp","assets/products/mobile/ORDER-371029/detail-02.webp","assets/products/mobile/ORDER-371029/detail-03.webp","assets/products/mobile/ORDER-371029/detail-04.webp"
"ORDER-371030","mobile","Mobile resale product 20","منتج إكسسوارات الهاتف 20","手机配件商品 20","Replace this with polished product copy based on the selected Gulf-market bestseller.","استبدل هذا النص بوصف احترافي للمنتج المناسب لسوق الخليج.","替换为适合海湾市场爆品的正式商品描述。","$99-$199","$75","$65","$55","assets/products/mobile/ORDER-371030/main.webp","assets/products/mobile/ORDER-371030/detail-01.webp","assets/products/mobile/ORDER-371030/detail-02.webp","assets/products/mobile/ORDER-371030/detail-03.webp","assets/products/mobile/ORDER-371030/detail-04.webp"
"ORDER-371031","mobile","Mobile resale product 21","منتج إكسسوارات الهاتف 21","手机配件商品 21","Replace this with polished product copy based on the selected Gulf-market bestseller.","استبدل هذا النص بوصف احترافي للمنتج المناسب لسوق الخليج.","替换为适合海湾市场爆品的正式商品描述。","$99-$199","$75","$65","$55","assets/products/mobile/ORDER-371031/main.webp","assets/products/mobile/ORDER-371031/detail-01.webp","assets/products/mobile/ORDER-371031/detail-02.webp","assets/products/mobile/ORDER-371031/detail-03.webp","assets/products/mobile/ORDER-371031/detail-04.webp"
"ORDER-371032","mobile","Mobile resale product 22","منتج إكسسوارات الهاتف 22","手机配件商品 22","Replace this with polished product copy based on the selected Gulf-market bestseller.","استبدل هذا النص بوصف احترافي للمنتج المناسب لسوق الخليج.","替换为适合海湾市场爆品的正式商品描述。","$99-$199","$75","$65","$55","assets/products/mobile/ORDER-371032/main.webp","assets/products/mobile/ORDER-371032/detail-01.webp","assets/products/mobile/ORDER-371032/detail-02.webp","assets/products/mobile/ORDER-371032/detail-03.webp","assets/products/mobile/ORDER-371032/detail-04.webp"
"ORDER-371033","mobile","Mobile resale product 23","منتج إكسسوارات الهاتف 23","手机配件商品 23","Replace this with polished product copy based on the selected Gulf-market bestseller.","استبدل هذا النص بوصف احترافي للمنتج المناسب لسوق الخليج.","替换为适合海湾市场爆品的正式商品描述。","$99-$199","$75","$65","$55","assets/products/mobile/ORDER-371033/main.webp","assets/products/mobile/ORDER-371033/detail-01.webp","assets/products/mobile/ORDER-371033/detail-02.webp","assets/products/mobile/ORDER-371033/detail-03.webp","assets/products/mobile/ORDER-371033/detail-04.webp"
"ORDER-371034","mobile","Mobile resale product 24","منتج إكسسوارات الهاتف 24","手机配件商品 24","Replace this with polished product copy based on the selected Gulf-market bestseller.","استبدل هذا النص بوصف احترافي للمنتج المناسب لسوق الخليج.","替换为适合海湾市场爆品的正式商品描述。","$99-$199","$75","$65","$55","assets/products/mobile/ORDER-371034/main.webp","assets/products/mobile/ORDER-371034/detail-01.webp","assets/products/mobile/ORDER-371034/detail-02.webp","assets/products/mobile/ORDER-371034/detail-03.webp","assets/products/mobile/ORDER-371034/detail-04.webp"
"ORDER-371035","mobile","Mobile resale product 25","منتج إكسسوارات الهاتف 25","手机配件商品 25","Replace this with polished product copy based on the selected Gulf-market bestseller.","استبدل هذا النص بوصف احترافي للمنتج المناسب لسوق الخليج.","替换为适合海湾市场爆品的正式商品描述。","$99-$199","$75","$65","$55","assets/products/mobile/ORDER-371035/main.webp","assets/products/mobile/ORDER-371035/detail-01.webp","assets/products/mobile/ORDER-371035/detail-02.webp","assets/products/mobile/ORDER-371035/detail-03.webp","assets/products/mobile/ORDER-371035/detail-04.webp"
"ORDER-371036","mobile","Mobile resale product 26","منتج إكسسوارات الهاتف 26","手机配件商品 26","Replace this with polished product copy based on the selected Gulf-market bestseller.","استبدل هذا النص بوصف احترافي للمنتج المناسب لسوق الخليج.","替换为适合海湾市场爆品的正式商品描述。","$99-$199","$75","$65","$55","assets/products/mobile/ORDER-371036/main.webp","assets/products/mobile/ORDER-371036/detail-01.webp","assets/products/mobile/ORDER-371036/detail-02.webp","assets/products/mobile/ORDER-371036/detail-03.webp","assets/products/mobile/ORDER-371036/detail-04.webp"
"ORDER-371037","mobile","Mobile resale product 27","منتج إكسسوارات الهاتف 27","手机配件商品 27","Replace this with polished product copy based on the selected Gulf-market bestseller.","استبدل هذا النص بوصف احترافي للمنتج المناسب لسوق الخليج.","替换为适合海湾市场爆品的正式商品描述。","$99-$199","$75","$65","$55","assets/products/mobile/ORDER-371037/main.webp","assets/products/mobile/ORDER-371037/detail-01.webp","assets/products/mobile/ORDER-371037/detail-02.webp","assets/products/mobile/ORDER-371037/detail-03.webp","assets/products/mobile/ORDER-371037/detail-04.webp"
"ORDER-371038","mobile","Mobile resale product 28","منتج إكسسوارات الهاتف 28","手机配件商品 28","Replace this with polished product copy based on the selected Gulf-market bestseller.","استبدل هذا النص بوصف احترافي للمنتج المناسب لسوق الخليج.","替换为适合海湾市场爆品的正式商品描述。","$99-$199","$75","$65","$55","assets/products/mobile/ORDER-371038/main.webp","assets/products/mobile/ORDER-371038/detail-01.webp","assets/products/mobile/ORDER-371038/detail-02.webp","assets/products/mobile/ORDER-371038/detail-03.webp","assets/products/mobile/ORDER-371038/detail-04.webp"
"ORDER-371039","mobile","Mobile resale product 29","منتج إكسسوارات الهاتف 29","手机配件商品 29","Replace this with polished product copy based on the selected Gulf-market bestseller.","استبدل هذا النص بوصف احترافي للمنتج المناسب لسوق الخليج.","替换为适合海湾市场爆品的正式商品描述。","$99-$199","$75","$65","$55","assets/products/mobile/ORDER-371039/main.webp","assets/products/mobile/ORDER-371039/detail-01.webp","assets/products/mobile/ORDER-371039/detail-02.webp","assets/products/mobile/ORDER-371039/detail-03.webp","assets/products/mobile/ORDER-371039/detail-04.webp"
"ORDER-371040","mobile","Mobile resale product 30","منتج إكسسوارات الهاتف 30","手机配件商品 30","Replace this with polished product copy based on the selected Gulf-market bestseller.","استبدل هذا النص بوصف احترافي للمنتج المناسب لسوق الخليج.","替换为适合海湾市场爆品的正式商品描述。","$99-$199","$75","$65","$55","assets/products/mobile/ORDER-371040/main.webp","assets/products/mobile/ORDER-371040/detail-01.webp","assets/products/mobile/ORDER-371040/detail-02.webp","assets/products/mobile/ORDER-371040/detail-03.webp","assets/products/mobile/ORDER-371040/detail-04.webp"
"ORDER-371041","mobile","Mobile resale product 31","منتج إكسسوارات الهاتف 31","手机配件商品 31","Replace this with polished product copy based on the selected Gulf-market bestseller.","استبدل هذا النص بوصف احترافي للمنتج المناسب لسوق الخليج.","替换为适合海湾市场爆品的正式商品描述。","$99-$199","$75","$65","$55","assets/products/mobile/ORDER-371041/main.webp","assets/products/mobile/ORDER-371041/detail-01.webp","assets/products/mobile/ORDER-371041/detail-02.webp","assets/products/mobile/ORDER-371041/detail-03.webp","assets/products/mobile/ORDER-371041/detail-04.webp"
"ORDER-371042","mobile","Mobile resale product 32","منتج إكسسوارات الهاتف 32","手机配件商品 32","Replace this with polished product copy based on the selected Gulf-market bestseller.","استبدل هذا النص بوصف احترافي للمنتج المناسب لسوق الخليج.","替换为适合海湾市场爆品的正式商品描述。","$99-$199","$75","$65","$55","assets/products/mobile/ORDER-371042/main.webp","assets/products/mobile/ORDER-371042/detail-01.webp","assets/products/mobile/ORDER-371042/detail-02.webp","assets/products/mobile/ORDER-371042/detail-03.webp","assets/products/mobile/ORDER-371042/detail-04.webp"
"ORDER-371043","mobile","Mobile resale product 33","منتج إكسسوارات الهاتف 33","手机配件商品 33","Replace this with polished product copy based on the selected Gulf-market bestseller.","استبدل هذا النص بوصف احترافي للمنتج المناسب لسوق الخليج.","替换为适合海湾市场爆品的正式商品描述。","$99-$199","$75","$65","$55","assets/products/mobile/ORDER-371043/main.webp","assets/products/mobile/ORDER-371043/detail-01.webp","assets/products/mobile/ORDER-371043/detail-02.webp","assets/products/mobile/ORDER-371043/detail-03.webp","assets/products/mobile/ORDER-371043/detail-04.webp"
"ORDER-371044","mobile","Mobile resale product 34","منتج إكسسوارات الهاتف 34","手机配件商品 34","Replace this with polished product copy based on the selected Gulf-market bestseller.","استبدل هذا النص بوصف احترافي للمنتج المناسب لسوق الخليج.","替换为适合海湾市场爆品的正式商品描述。","$99-$199","$75","$65","$55","assets/products/mobile/ORDER-371044/main.webp","assets/products/mobile/ORDER-371044/detail-01.webp","assets/products/mobile/ORDER-371044/detail-02.webp","assets/products/mobile/ORDER-371044/detail-03.webp","assets/products/mobile/ORDER-371044/detail-04.webp"
"ORDER-371045","mobile","Mobile resale product 35","منتج إكسسوارات الهاتف 35","手机配件商品 35","Replace this with polished product copy based on the selected Gulf-market bestseller.","استبدل هذا النص بوصف احترافي للمنتج المناسب لسوق الخليج.","替换为适合海湾市场爆品的正式商品描述。","$99-$199","$75","$65","$55","assets/products/mobile/ORDER-371045/main.webp","assets/products/mobile/ORDER-371045/detail-01.webp","assets/products/mobile/ORDER-371045/detail-02.webp","assets/products/mobile/ORDER-371045/detail-03.webp","assets/products/mobile/ORDER-371045/detail-04.webp"
"ORDER-371046","mobile","Mobile resale product 36","منتج إكسسوارات الهاتف 36","手机配件商品 36","Replace this with polished product copy based on the selected Gulf-market bestseller.","استبدل هذا النص بوصف احترافي للمنتج المناسب لسوق الخليج.","替换为适合海湾市场爆品的正式商品描述。","$99-$199","$75","$65","$55","assets/products/mobile/ORDER-371046/main.webp","assets/products/mobile/ORDER-371046/detail-01.webp","assets/products/mobile/ORDER-371046/detail-02.webp","assets/products/mobile/ORDER-371046/detail-03.webp","assets/products/mobile/ORDER-371046/detail-04.webp"
"ORDER-371047","mobile","Mobile resale product 37","منتج إكسسوارات الهاتف 37","手机配件商品 37","Replace this with polished product copy based on the selected Gulf-market bestseller.","استبدل هذا النص بوصف احترافي للمنتج المناسب لسوق الخليج.","替换为适合海湾市场爆品的正式商品描述。","$99-$199","$75","$65","$55","assets/products/mobile/ORDER-371047/main.webp","assets/products/mobile/ORDER-371047/detail-01.webp","assets/products/mobile/ORDER-371047/detail-02.webp","assets/products/mobile/ORDER-371047/detail-03.webp","assets/products/mobile/ORDER-371047/detail-04.webp"
"ORDER-371048","mobile","Mobile resale product 38","منتج إكسسوارات الهاتف 38","手机配件商品 38","Replace this with polished product copy based on the selected Gulf-market bestseller.","استبدل هذا النص بوصف احترافي للمنتج المناسب لسوق الخليج.","替换为适合海湾市场爆品的正式商品描述。","$99-$199","$75","$65","$55","assets/products/mobile/ORDER-371048/main.webp","assets/products/mobile/ORDER-371048/detail-01.webp","assets/products/mobile/ORDER-371048/detail-02.webp","assets/products/mobile/ORDER-371048/detail-03.webp","assets/products/mobile/ORDER-371048/detail-04.webp"
"ORDER-371049","mobile","Mobile resale product 39","منتج إكسسوارات الهاتف 39","手机配件商品 39","Replace this with polished product copy based on the selected Gulf-market bestseller.","استبدل هذا النص بوصف احترافي للمنتج المناسب لسوق الخليج.","替换为适合海湾市场爆品的正式商品描述。","$99-$199","$75","$65","$55","assets/products/mobile/ORDER-371049/main.webp","assets/products/mobile/ORDER-371049/detail-01.webp","assets/products/mobile/ORDER-371049/detail-02.webp","assets/products/mobile/ORDER-371049/detail-03.webp","assets/products/mobile/ORDER-371049/detail-04.webp"
"ORDER-371050","mobile","Mobile resale product 40","منتج إكسسوارات الهاتف 40","手机配件商品 40","Replace this with polished product copy based on the selected Gulf-market bestseller.","استبدل هذا النص بوصف احترافي للمنتج المناسب لسوق الخليج.","替换为适合海湾市场爆品的正式商品描述。","$99-$199","$75","$65","$55","assets/products/mobile/ORDER-371050/main.webp","assets/products/mobile/ORDER-371050/detail-01.webp","assets/products/mobile/ORDER-371050/detail-02.webp","assets/products/mobile/ORDER-371050/detail-03.webp","assets/products/mobile/ORDER-371050/detail-04.webp"
"ORDER-371051","mobile","Mobile resale product 41","منتج إكسسوارات الهاتف 41","手机配件商品 41","Replace this with polished product copy based on the selected Gulf-market bestseller.","استبدل هذا النص بوصف احترافي للمنتج المناسب لسوق الخليج.","替换为适合海湾市场爆品的正式商品描述。","$99-$199","$75","$65","$55","assets/products/mobile/ORDER-371051/main.webp","assets/products/mobile/ORDER-371051/detail-01.webp","assets/products/mobile/ORDER-371051/detail-02.webp","assets/products/mobile/ORDER-371051/detail-03.webp","assets/products/mobile/ORDER-371051/detail-04.webp"
"ORDER-371052","mobile","Mobile resale product 42","منتج إكسسوارات الهاتف 42","手机配件商品 42","Replace this with polished product copy based on the selected Gulf-market bestseller.","استبدل هذا النص بوصف احترافي للمنتج المناسب لسوق الخليج.","替换为适合海湾市场爆品的正式商品描述。","$99-$199","$75","$65","$55","assets/products/mobile/ORDER-371052/main.webp","assets/products/mobile/ORDER-371052/detail-01.webp","assets/products/mobile/ORDER-371052/detail-02.webp","assets/products/mobile/ORDER-371052/detail-03.webp","assets/products/mobile/ORDER-371052/detail-04.webp"
"ORDER-371053","mobile","Mobile resale product 43","منتج إكسسوارات الهاتف 43","手机配件商品 43","Replace this with polished product copy based on the selected Gulf-market bestseller.","استبدل هذا النص بوصف احترافي للمنتج المناسب لسوق الخليج.","替换为适合海湾市场爆品的正式商品描述。","$99-$199","$75","$65","$55","assets/products/mobile/ORDER-371053/main.webp","assets/products/mobile/ORDER-371053/detail-01.webp","assets/products/mobile/ORDER-371053/detail-02.webp","assets/products/mobile/ORDER-371053/detail-03.webp","assets/products/mobile/ORDER-371053/detail-04.webp"
"ORDER-371054","mobile","Mobile resale product 44","منتج إكسسوارات الهاتف 44","手机配件商品 44","Replace this with polished product copy based on the selected Gulf-market bestseller.","استبدل هذا النص بوصف احترافي للمنتج المناسب لسوق الخليج.","替换为适合海湾市场爆品的正式商品描述。","$99-$199","$75","$65","$55","assets/products/mobile/ORDER-371054/main.webp","assets/products/mobile/ORDER-371054/detail-01.webp","assets/products/mobile/ORDER-371054/detail-02.webp","assets/products/mobile/ORDER-371054/detail-03.webp","assets/products/mobile/ORDER-371054/detail-04.webp"
"ORDER-371055","mobile","Mobile resale product 45","منتج إكسسوارات الهاتف 45","手机配件商品 45","Replace this with polished product copy based on the selected Gulf-market bestseller.","استبدل هذا النص بوصف احترافي للمنتج المناسب لسوق الخليج.","替换为适合海湾市场爆品的正式商品描述。","$99-$199","$75","$65","$55","assets/products/mobile/ORDER-371055/main.webp","assets/products/mobile/ORDER-371055/detail-01.webp","assets/products/mobile/ORDER-371055/detail-02.webp","assets/products/mobile/ORDER-371055/detail-03.webp","assets/products/mobile/ORDER-371055/detail-04.webp"
"ORDER-371056","mobile","Mobile resale product 46","منتج إكسسوارات الهاتف 46","手机配件商品 46","Replace this with polished product copy based on the selected Gulf-market bestseller.","استبدل هذا النص بوصف احترافي للمنتج المناسب لسوق الخليج.","替换为适合海湾市场爆品的正式商品描述。","$99-$199","$75","$65","$55","assets/products/mobile/ORDER-371056/main.webp","assets/products/mobile/ORDER-371056/detail-01.webp","assets/products/mobile/ORDER-371056/detail-02.webp","assets/products/mobile/ORDER-371056/detail-03.webp","assets/products/mobile/ORDER-371056/detail-04.webp"
"ORDER-371057","mobile","Mobile resale product 47","منتج إكسسوارات الهاتف 47","手机配件商品 47","Replace this with polished product copy based on the selected Gulf-market bestseller.","استبدل هذا النص بوصف احترافي للمنتج المناسب لسوق الخليج.","替换为适合海湾市场爆品的正式商品描述。","$99-$199","$75","$65","$55","assets/products/mobile/ORDER-371057/main.webp","assets/products/mobile/ORDER-371057/detail-01.webp","assets/products/mobile/ORDER-371057/detail-02.webp","assets/products/mobile/ORDER-371057/detail-03.webp","assets/products/mobile/ORDER-371057/detail-04.webp"
"ORDER-371058","mobile","Mobile resale product 48","منتج إكسسوارات الهاتف 48","手机配件商品 48","Replace this with polished product copy based on the selected Gulf-market bestseller.","استبدل هذا النص بوصف احترافي للمنتج المناسب لسوق الخليج.","替换为适合海湾市场爆品的正式商品描述。","$99-$199","$75","$65","$55","assets/products/mobile/ORDER-371058/main.webp","assets/products/mobile/ORDER-371058/detail-01.webp","assets/products/mobile/ORDER-371058/detail-02.webp","assets/products/mobile/ORDER-371058/detail-03.webp","assets/products/mobile/ORDER-371058/detail-04.webp"
"ORDER-371059","mobile","Mobile resale product 49","منتج إكسسوارات الهاتف 49","手机配件商品 49","Replace this with polished product copy based on the selected Gulf-market bestseller.","استبدل هذا النص بوصف احترافي للمنتج المناسب لسوق الخليج.","替换为适合海湾市场爆品的正式商品描述。","$99-$199","$75","$65","$55","assets/products/mobile/ORDER-371059/main.webp","assets/products/mobile/ORDER-371059/detail-01.webp","assets/products/mobile/ORDER-371059/detail-02.webp","assets/products/mobile/ORDER-371059/detail-03.webp","assets/products/mobile/ORDER-371059/detail-04.webp"
"ORDER-371060","mobile","Mobile resale product 50","منتج إكسسوارات الهاتف 50","手机配件商品 50","Replace this with polished product copy based on the selected Gulf-market bestseller.","استبدل هذا النص بوصف احترافي للمنتج المناسب لسوق الخليج.","替换为适合海湾市场爆品的正式商品描述。","$99-$199","$75","$65","$55","assets/products/mobile/ORDER-371060/main.webp","assets/products/mobile/ORDER-371060/detail-01.webp","assets/products/mobile/ORDER-371060/detail-02.webp","assets/products/mobile/ORDER-371060/detail-03.webp","assets/products/mobile/ORDER-371060/detail-04.webp"
"ORDER-371061","fashion","Modest fashion product 1","منتج أزياء محتشمة 1","服饰商品 1","Replace this with polished product copy based on the selected Gulf-market bestseller.","استبدل هذا النص بوصف احترافي للمنتج المناسب لسوق الخليج.","替换为适合海湾市场爆品的正式商品描述。","$99-$199","$75","$65","$55","assets/products/fashion/ORDER-371061/main.webp","assets/products/fashion/ORDER-371061/detail-01.webp","assets/products/fashion/ORDER-371061/detail-02.webp","assets/products/fashion/ORDER-371061/detail-03.webp","assets/products/fashion/ORDER-371061/detail-04.webp"
"ORDER-371062","fashion","Modest fashion product 2","منتج أزياء محتشمة 2","服饰商品 2","Replace this with polished product copy based on the selected Gulf-market bestseller.","استبدل هذا النص بوصف احترافي للمنتج المناسب لسوق الخليج.","替换为适合海湾市场爆品的正式商品描述。","$99-$199","$75","$65","$55","assets/products/fashion/ORDER-371062/main.webp","assets/products/fashion/ORDER-371062/detail-01.webp","assets/products/fashion/ORDER-371062/detail-02.webp","assets/products/fashion/ORDER-371062/detail-03.webp","assets/products/fashion/ORDER-371062/detail-04.webp"
"ORDER-371063","fashion","Modest fashion product 3","منتج أزياء محتشمة 3","服饰商品 3","Replace this with polished product copy based on the selected Gulf-market bestseller.","استبدل هذا النص بوصف احترافي للمنتج المناسب لسوق الخليج.","替换为适合海湾市场爆品的正式商品描述。","$99-$199","$75","$65","$55","assets/products/fashion/ORDER-371063/main.webp","assets/products/fashion/ORDER-371063/detail-01.webp","assets/products/fashion/ORDER-371063/detail-02.webp","assets/products/fashion/ORDER-371063/detail-03.webp","assets/products/fashion/ORDER-371063/detail-04.webp"
"ORDER-371064","fashion","Modest fashion product 4","منتج أزياء محتشمة 4","服饰商品 4","Replace this with polished product copy based on the selected Gulf-market bestseller.","استبدل هذا النص بوصف احترافي للمنتج المناسب لسوق الخليج.","替换为适合海湾市场爆品的正式商品描述。","$99-$199","$75","$65","$55","assets/products/fashion/ORDER-371064/main.webp","assets/products/fashion/ORDER-371064/detail-01.webp","assets/products/fashion/ORDER-371064/detail-02.webp","assets/products/fashion/ORDER-371064/detail-03.webp","assets/products/fashion/ORDER-371064/detail-04.webp"
"ORDER-371065","fashion","Modest fashion product 5","منتج أزياء محتشمة 5","服饰商品 5","Replace this with polished product copy based on the selected Gulf-market bestseller.","استبدل هذا النص بوصف احترافي للمنتج المناسب لسوق الخليج.","替换为适合海湾市场爆品的正式商品描述。","$99-$199","$75","$65","$55","assets/products/fashion/ORDER-371065/main.webp","assets/products/fashion/ORDER-371065/detail-01.webp","assets/products/fashion/ORDER-371065/detail-02.webp","assets/products/fashion/ORDER-371065/detail-03.webp","assets/products/fashion/ORDER-371065/detail-04.webp"
"ORDER-371066","fashion","Modest fashion product 6","منتج أزياء محتشمة 6","服饰商品 6","Replace this with polished product copy based on the selected Gulf-market bestseller.","استبدل هذا النص بوصف احترافي للمنتج المناسب لسوق الخليج.","替换为适合海湾市场爆品的正式商品描述。","$99-$199","$75","$65","$55","assets/products/fashion/ORDER-371066/main.webp","assets/products/fashion/ORDER-371066/detail-01.webp","assets/products/fashion/ORDER-371066/detail-02.webp","assets/products/fashion/ORDER-371066/detail-03.webp","assets/products/fashion/ORDER-371066/detail-04.webp"
"ORDER-371067","fashion","Modest fashion product 7","منتج أزياء محتشمة 7","服饰商品 7","Replace this with polished product copy based on the selected Gulf-market bestseller.","استبدل هذا النص بوصف احترافي للمنتج المناسب لسوق الخليج.","替换为适合海湾市场爆品的正式商品描述。","$99-$199","$75","$65","$55","assets/products/fashion/ORDER-371067/main.webp","assets/products/fashion/ORDER-371067/detail-01.webp","assets/products/fashion/ORDER-371067/detail-02.webp","assets/products/fashion/ORDER-371067/detail-03.webp","assets/products/fashion/ORDER-371067/detail-04.webp"
"ORDER-371068","fashion","Modest fashion product 8","منتج أزياء محتشمة 8","服饰商品 8","Replace this with polished product copy based on the selected Gulf-market bestseller.","استبدل هذا النص بوصف احترافي للمنتج المناسب لسوق الخليج.","替换为适合海湾市场爆品的正式商品描述。","$99-$199","$75","$65","$55","assets/products/fashion/ORDER-371068/main.webp","assets/products/fashion/ORDER-371068/detail-01.webp","assets/products/fashion/ORDER-371068/detail-02.webp","assets/products/fashion/ORDER-371068/detail-03.webp","assets/products/fashion/ORDER-371068/detail-04.webp"
"ORDER-371069","fashion","Modest fashion product 9","منتج أزياء محتشمة 9","服饰商品 9","Replace this with polished product copy based on the selected Gulf-market bestseller.","استبدل هذا النص بوصف احترافي للمنتج المناسب لسوق الخليج.","替换为适合海湾市场爆品的正式商品描述。","$99-$199","$75","$65","$55","assets/products/fashion/ORDER-371069/main.webp","assets/products/fashion/ORDER-371069/detail-01.webp","assets/products/fashion/ORDER-371069/detail-02.webp","assets/products/fashion/ORDER-371069/detail-03.webp","assets/products/fashion/ORDER-371069/detail-04.webp"
"ORDER-371070","fashion","Modest fashion product 10","منتج أزياء محتشمة 10","服饰商品 10","Replace this with polished product copy based on the selected Gulf-market bestseller.","استبدل هذا النص بوصف احترافي للمنتج المناسب لسوق الخليج.","替换为适合海湾市场爆品的正式商品描述。","$99-$199","$75","$65","$55","assets/products/fashion/ORDER-371070/main.webp","assets/products/fashion/ORDER-371070/detail-01.webp","assets/products/fashion/ORDER-371070/detail-02.webp","assets/products/fashion/ORDER-371070/detail-03.webp","assets/products/fashion/ORDER-371070/detail-04.webp"
"ORDER-371071","fashion","Modest fashion product 11","منتج أزياء محتشمة 11","服饰商品 11","Replace this with polished product copy based on the selected Gulf-market bestseller.","استبدل هذا النص بوصف احترافي للمنتج المناسب لسوق الخليج.","替换为适合海湾市场爆品的正式商品描述。","$99-$199","$75","$65","$55","assets/products/fashion/ORDER-371071/main.webp","assets/products/fashion/ORDER-371071/detail-01.webp","assets/products/fashion/ORDER-371071/detail-02.webp","assets/products/fashion/ORDER-371071/detail-03.webp","assets/products/fashion/ORDER-371071/detail-04.webp"
"ORDER-371072","fashion","Modest fashion product 12","منتج أزياء محتشمة 12","服饰商品 12","Replace this with polished product copy based on the selected Gulf-market bestseller.","استبدل هذا النص بوصف احترافي للمنتج المناسب لسوق الخليج.","替换为适合海湾市场爆品的正式商品描述。","$99-$199","$75","$65","$55","assets/products/fashion/ORDER-371072/main.webp","assets/products/fashion/ORDER-371072/detail-01.webp","assets/products/fashion/ORDER-371072/detail-02.webp","assets/products/fashion/ORDER-371072/detail-03.webp","assets/products/fashion/ORDER-371072/detail-04.webp"
"ORDER-371073","fashion","Modest fashion product 13","منتج أزياء محتشمة 13","服饰商品 13","Replace this with polished product copy based on the selected Gulf-market bestseller.","استبدل هذا النص بوصف احترافي للمنتج المناسب لسوق الخليج.","替换为适合海湾市场爆品的正式商品描述。","$99-$199","$75","$65","$55","assets/products/fashion/ORDER-371073/main.webp","assets/products/fashion/ORDER-371073/detail-01.webp","assets/products/fashion/ORDER-371073/detail-02.webp","assets/products/fashion/ORDER-371073/detail-03.webp","assets/products/fashion/ORDER-371073/detail-04.webp"
"ORDER-371074","fashion","Modest fashion product 14","منتج أزياء محتشمة 14","服饰商品 14","Replace this with polished product copy based on the selected Gulf-market bestseller.","استبدل هذا النص بوصف احترافي للمنتج المناسب لسوق الخليج.","替换为适合海湾市场爆品的正式商品描述。","$99-$199","$75","$65","$55","assets/products/fashion/ORDER-371074/main.webp","assets/products/fashion/ORDER-371074/detail-01.webp","assets/products/fashion/ORDER-371074/detail-02.webp","assets/products/fashion/ORDER-371074/detail-03.webp","assets/products/fashion/ORDER-371074/detail-04.webp"
"ORDER-371075","fashion","Modest fashion product 15","منتج أزياء محتشمة 15","服饰商品 15","Replace this with polished product copy based on the selected Gulf-market bestseller.","استبدل هذا النص بوصف احترافي للمنتج المناسب لسوق الخليج.","替换为适合海湾市场爆品的正式商品描述。","$99-$199","$75","$65","$55","assets/products/fashion/ORDER-371075/main.webp","assets/products/fashion/ORDER-371075/detail-01.webp","assets/products/fashion/ORDER-371075/detail-02.webp","assets/products/fashion/ORDER-371075/detail-03.webp","assets/products/fashion/ORDER-371075/detail-04.webp"
"ORDER-371076","fashion","Modest fashion product 16","منتج أزياء محتشمة 16","服饰商品 16","Replace this with polished product copy based on the selected Gulf-market bestseller.","استبدل هذا النص بوصف احترافي للمنتج المناسب لسوق الخليج.","替换为适合海湾市场爆品的正式商品描述。","$99-$199","$75","$65","$55","assets/products/fashion/ORDER-371076/main.webp","assets/products/fashion/ORDER-371076/detail-01.webp","assets/products/fashion/ORDER-371076/detail-02.webp","assets/products/fashion/ORDER-371076/detail-03.webp","assets/products/fashion/ORDER-371076/detail-04.webp"
"ORDER-371077","fashion","Modest fashion product 17","منتج أزياء محتشمة 17","服饰商品 17","Replace this with polished product copy based on the selected Gulf-market bestseller.","استبدل هذا النص بوصف احترافي للمنتج المناسب لسوق الخليج.","替换为适合海湾市场爆品的正式商品描述。","$99-$199","$75","$65","$55","assets/products/fashion/ORDER-371077/main.webp","assets/products/fashion/ORDER-371077/detail-01.webp","assets/products/fashion/ORDER-371077/detail-02.webp","assets/products/fashion/ORDER-371077/detail-03.webp","assets/products/fashion/ORDER-371077/detail-04.webp"
"ORDER-371078","fashion","Modest fashion product 18","منتج أزياء محتشمة 18","服饰商品 18","Replace this with polished product copy based on the selected Gulf-market bestseller.","استبدل هذا النص بوصف احترافي للمنتج المناسب لسوق الخليج.","替换为适合海湾市场爆品的正式商品描述。","$99-$199","$75","$65","$55","assets/products/fashion/ORDER-371078/main.webp","assets/products/fashion/ORDER-371078/detail-01.webp","assets/products/fashion/ORDER-371078/detail-02.webp","assets/products/fashion/ORDER-371078/detail-03.webp","assets/products/fashion/ORDER-371078/detail-04.webp"
"ORDER-371079","fashion","Modest fashion product 19","منتج أزياء محتشمة 19","服饰商品 19","Replace this with polished product copy based on the selected Gulf-market bestseller.","استبدل هذا النص بوصف احترافي للمنتج المناسب لسوق الخليج.","替换为适合海湾市场爆品的正式商品描述。","$99-$199","$75","$65","$55","assets/products/fashion/ORDER-371079/main.webp","assets/products/fashion/ORDER-371079/detail-01.webp","assets/products/fashion/ORDER-371079/detail-02.webp","assets/products/fashion/ORDER-371079/detail-03.webp","assets/products/fashion/ORDER-371079/detail-04.webp"
"ORDER-371080","fashion","Modest fashion product 20","منتج أزياء محتشمة 20","服饰商品 20","Replace this with polished product copy based on the selected Gulf-market bestseller.","استبدل هذا النص بوصف احترافي للمنتج المناسب لسوق الخليج.","替换为适合海湾市场爆品的正式商品描述。","$99-$199","$75","$65","$55","assets/products/fashion/ORDER-371080/main.webp","assets/products/fashion/ORDER-371080/detail-01.webp","assets/products/fashion/ORDER-371080/detail-02.webp","assets/products/fashion/ORDER-371080/detail-03.webp","assets/products/fashion/ORDER-371080/detail-04.webp"
"ORDER-371081","fashion","Modest fashion product 21","منتج أزياء محتشمة 21","服饰商品 21","Replace this with polished product copy based on the selected Gulf-market bestseller.","استبدل هذا النص بوصف احترافي للمنتج المناسب لسوق الخليج.","替换为适合海湾市场爆品的正式商品描述。","$99-$199","$75","$65","$55","assets/products/fashion/ORDER-371081/main.webp","assets/products/fashion/ORDER-371081/detail-01.webp","assets/products/fashion/ORDER-371081/detail-02.webp","assets/products/fashion/ORDER-371081/detail-03.webp","assets/products/fashion/ORDER-371081/detail-04.webp"
"ORDER-371082","fashion","Modest fashion product 22","منتج أزياء محتشمة 22","服饰商品 22","Replace this with polished product copy based on the selected Gulf-market bestseller.","استبدل هذا النص بوصف احترافي للمنتج المناسب لسوق الخليج.","替换为适合海湾市场爆品的正式商品描述。","$99-$199","$75","$65","$55","assets/products/fashion/ORDER-371082/main.webp","assets/products/fashion/ORDER-371082/detail-01.webp","assets/products/fashion/ORDER-371082/detail-02.webp","assets/products/fashion/ORDER-371082/detail-03.webp","assets/products/fashion/ORDER-371082/detail-04.webp"
"ORDER-371083","fashion","Modest fashion product 23","منتج أزياء محتشمة 23","服饰商品 23","Replace this with polished product copy based on the selected Gulf-market bestseller.","استبدل هذا النص بوصف احترافي للمنتج المناسب لسوق الخليج.","替换为适合海湾市场爆品的正式商品描述。","$99-$199","$75","$65","$55","assets/products/fashion/ORDER-371083/main.webp","assets/products/fashion/ORDER-371083/detail-01.webp","assets/products/fashion/ORDER-371083/detail-02.webp","assets/products/fashion/ORDER-371083/detail-03.webp","assets/products/fashion/ORDER-371083/detail-04.webp"
"ORDER-371084","fashion","Modest fashion product 24","منتج أزياء محتشمة 24","服饰商品 24","Replace this with polished product copy based on the selected Gulf-market bestseller.","استبدل هذا النص بوصف احترافي للمنتج المناسب لسوق الخليج.","替换为适合海湾市场爆品的正式商品描述。","$99-$199","$75","$65","$55","assets/products/fashion/ORDER-371084/main.webp","assets/products/fashion/ORDER-371084/detail-01.webp","assets/products/fashion/ORDER-371084/detail-02.webp","assets/products/fashion/ORDER-371084/detail-03.webp","assets/products/fashion/ORDER-371084/detail-04.webp"
"ORDER-371085","fashion","Modest fashion product 25","منتج أزياء محتشمة 25","服饰商品 25","Replace this with polished product copy based on the selected Gulf-market bestseller.","استبدل هذا النص بوصف احترافي للمنتج المناسب لسوق الخليج.","替换为适合海湾市场爆品的正式商品描述。","$99-$199","$75","$65","$55","assets/products/fashion/ORDER-371085/main.webp","assets/products/fashion/ORDER-371085/detail-01.webp","assets/products/fashion/ORDER-371085/detail-02.webp","assets/products/fashion/ORDER-371085/detail-03.webp","assets/products/fashion/ORDER-371085/detail-04.webp"
"ORDER-371086","fashion","Modest fashion product 26","منتج أزياء محتشمة 26","服饰商品 26","Replace this with polished product copy based on the selected Gulf-market bestseller.","استبدل هذا النص بوصف احترافي للمنتج المناسب لسوق الخليج.","替换为适合海湾市场爆品的正式商品描述。","$99-$199","$75","$65","$55","assets/products/fashion/ORDER-371086/main.webp","assets/products/fashion/ORDER-371086/detail-01.webp","assets/products/fashion/ORDER-371086/detail-02.webp","assets/products/fashion/ORDER-371086/detail-03.webp","assets/products/fashion/ORDER-371086/detail-04.webp"
"ORDER-371087","fashion","Modest fashion product 27","منتج أزياء محتشمة 27","服饰商品 27","Replace this with polished product copy based on the selected Gulf-market bestseller.","استبدل هذا النص بوصف احترافي للمنتج المناسب لسوق الخليج.","替换为适合海湾市场爆品的正式商品描述。","$99-$199","$75","$65","$55","assets/products/fashion/ORDER-371087/main.webp","assets/products/fashion/ORDER-371087/detail-01.webp","assets/products/fashion/ORDER-371087/detail-02.webp","assets/products/fashion/ORDER-371087/detail-03.webp","assets/products/fashion/ORDER-371087/detail-04.webp"
"ORDER-371088","fashion","Modest fashion product 28","منتج أزياء محتشمة 28","服饰商品 28","Replace this with polished product copy based on the selected Gulf-market bestseller.","استبدل هذا النص بوصف احترافي للمنتج المناسب لسوق الخليج.","替换为适合海湾市场爆品的正式商品描述。","$99-$199","$75","$65","$55","assets/products/fashion/ORDER-371088/main.webp","assets/products/fashion/ORDER-371088/detail-01.webp","assets/products/fashion/ORDER-371088/detail-02.webp","assets/products/fashion/ORDER-371088/detail-03.webp","assets/products/fashion/ORDER-371088/detail-04.webp"
"ORDER-371089","fashion","Modest fashion product 29","منتج أزياء محتشمة 29","服饰商品 29","Replace this with polished product copy based on the selected Gulf-market bestseller.","استبدل هذا النص بوصف احترافي للمنتج المناسب لسوق الخليج.","替换为适合海湾市场爆品的正式商品描述。","$99-$199","$75","$65","$55","assets/products/fashion/ORDER-371089/main.webp","assets/products/fashion/ORDER-371089/detail-01.webp","assets/products/fashion/ORDER-371089/detail-02.webp","assets/products/fashion/ORDER-371089/detail-03.webp","assets/products/fashion/ORDER-371089/detail-04.webp"
"ORDER-371090","fashion","Modest fashion product 30","منتج أزياء محتشمة 30","服饰商品 30","Replace this with polished product copy based on the selected Gulf-market bestseller.","استبدل هذا النص بوصف احترافي للمنتج المناسب لسوق الخليج.","替换为适合海湾市场爆品的正式商品描述。","$99-$199","$75","$65","$55","assets/products/fashion/ORDER-371090/main.webp","assets/products/fashion/ORDER-371090/detail-01.webp","assets/products/fashion/ORDER-371090/detail-02.webp","assets/products/fashion/ORDER-371090/detail-03.webp","assets/products/fashion/ORDER-371090/detail-04.webp"
"ORDER-371091","fashion","Modest fashion product 31","منتج أزياء محتشمة 31","服饰商品 31","Replace this with polished product copy based on the selected Gulf-market bestseller.","استبدل هذا النص بوصف احترافي للمنتج المناسب لسوق الخليج.","替换为适合海湾市场爆品的正式商品描述。","$99-$199","$75","$65","$55","assets/products/fashion/ORDER-371091/main.webp","assets/products/fashion/ORDER-371091/detail-01.webp","assets/products/fashion/ORDER-371091/detail-02.webp","assets/products/fashion/ORDER-371091/detail-03.webp","assets/products/fashion/ORDER-371091/detail-04.webp"
"ORDER-371092","fashion","Modest fashion product 32","منتج أزياء محتشمة 32","服饰商品 32","Replace this with polished product copy based on the selected Gulf-market bestseller.","استبدل هذا النص بوصف احترافي للمنتج المناسب لسوق الخليج.","替换为适合海湾市场爆品的正式商品描述。","$99-$199","$75","$65","$55","assets/products/fashion/ORDER-371092/main.webp","assets/products/fashion/ORDER-371092/detail-01.webp","assets/products/fashion/ORDER-371092/detail-02.webp","assets/products/fashion/ORDER-371092/detail-03.webp","assets/products/fashion/ORDER-371092/detail-04.webp"
"ORDER-371093","fashion","Modest fashion product 33","منتج أزياء محتشمة 33","服饰商品 33","Replace this with polished product copy based on the selected Gulf-market bestseller.","استبدل هذا النص بوصف احترافي للمنتج المناسب لسوق الخليج.","替换为适合海湾市场爆品的正式商品描述。","$99-$199","$75","$65","$55","assets/products/fashion/ORDER-371093/main.webp","assets/products/fashion/ORDER-371093/detail-01.webp","assets/products/fashion/ORDER-371093/detail-02.webp","assets/products/fashion/ORDER-371093/detail-03.webp","assets/products/fashion/ORDER-371093/detail-04.webp"
"ORDER-371094","fashion","Modest fashion product 34","منتج أزياء محتشمة 34","服饰商品 34","Replace this with polished product copy based on the selected Gulf-market bestseller.","استبدل هذا النص بوصف احترافي للمنتج المناسب لسوق الخليج.","替换为适合海湾市场爆品的正式商品描述。","$99-$199","$75","$65","$55","assets/products/fashion/ORDER-371094/main.webp","assets/products/fashion/ORDER-371094/detail-01.webp","assets/products/fashion/ORDER-371094/detail-02.webp","assets/products/fashion/ORDER-371094/detail-03.webp","assets/products/fashion/ORDER-371094/detail-04.webp"
"ORDER-371095","fashion","Modest fashion product 35","منتج أزياء محتشمة 35","服饰商品 35","Replace this with polished product copy based on the selected Gulf-market bestseller.","استبدل هذا النص بوصف احترافي للمنتج المناسب لسوق الخليج.","替换为适合海湾市场爆品的正式商品描述。","$99-$199","$75","$65","$55","assets/products/fashion/ORDER-371095/main.webp","assets/products/fashion/ORDER-371095/detail-01.webp","assets/products/fashion/ORDER-371095/detail-02.webp","assets/products/fashion/ORDER-371095/detail-03.webp","assets/products/fashion/ORDER-371095/detail-04.webp"
"ORDER-371096","fashion","Modest fashion product 36","منتج أزياء محتشمة 36","服饰商品 36","Replace this with polished product copy based on the selected Gulf-market bestseller.","استبدل هذا النص بوصف احترافي للمنتج المناسب لسوق الخليج.","替换为适合海湾市场爆品的正式商品描述。","$99-$199","$75","$65","$55","assets/products/fashion/ORDER-371096/main.webp","assets/products/fashion/ORDER-371096/detail-01.webp","assets/products/fashion/ORDER-371096/detail-02.webp","assets/products/fashion/ORDER-371096/detail-03.webp","assets/products/fashion/ORDER-371096/detail-04.webp"
"ORDER-371097","fashion","Modest fashion product 37","منتج أزياء محتشمة 37","服饰商品 37","Replace this with polished product copy based on the selected Gulf-market bestseller.","استبدل هذا النص بوصف احترافي للمنتج المناسب لسوق الخليج.","替换为适合海湾市场爆品的正式商品描述。","$99-$199","$75","$65","$55","assets/products/fashion/ORDER-371097/main.webp","assets/products/fashion/ORDER-371097/detail-01.webp","assets/products/fashion/ORDER-371097/detail-02.webp","assets/products/fashion/ORDER-371097/detail-03.webp","assets/products/fashion/ORDER-371097/detail-04.webp"
"ORDER-371098","fashion","Modest fashion product 38","منتج أزياء محتشمة 38","服饰商品 38","Replace this with polished product copy based on the selected Gulf-market bestseller.","استبدل هذا النص بوصف احترافي للمنتج المناسب لسوق الخليج.","替换为适合海湾市场爆品的正式商品描述。","$99-$199","$75","$65","$55","assets/products/fashion/ORDER-371098/main.webp","assets/products/fashion/ORDER-371098/detail-01.webp","assets/products/fashion/ORDER-371098/detail-02.webp","assets/products/fashion/ORDER-371098/detail-03.webp","assets/products/fashion/ORDER-371098/detail-04.webp"
"ORDER-371099","fashion","Modest fashion product 39","منتج أزياء محتشمة 39","服饰商品 39","Replace this with polished product copy based on the selected Gulf-market bestseller.","استبدل هذا النص بوصف احترافي للمنتج المناسب لسوق الخليج.","替换为适合海湾市场爆品的正式商品描述。","$99-$199","$75","$65","$55","assets/products/fashion/ORDER-371099/main.webp","assets/products/fashion/ORDER-371099/detail-01.webp","assets/products/fashion/ORDER-371099/detail-02.webp","assets/products/fashion/ORDER-371099/detail-03.webp","assets/products/fashion/ORDER-371099/detail-04.webp"
"ORDER-371100","fashion","Modest fashion product 40","منتج أزياء محتشمة 40","服饰商品 40","Replace this with polished product copy based on the selected Gulf-market bestseller.","استبدل هذا النص بوصف احترافي للمنتج المناسب لسوق الخليج.","替换为适合海湾市场爆品的正式商品描述。","$99-$199","$75","$65","$55","assets/products/fashion/ORDER-371100/main.webp","assets/products/fashion/ORDER-371100/detail-01.webp","assets/products/fashion/ORDER-371100/detail-02.webp","assets/products/fashion/ORDER-371100/detail-03.webp","assets/products/fashion/ORDER-371100/detail-04.webp"
"ORDER-371101","fashion","Modest fashion product 41","منتج أزياء محتشمة 41","服饰商品 41","Replace this with polished product copy based on the selected Gulf-market bestseller.","استبدل هذا النص بوصف احترافي للمنتج المناسب لسوق الخليج.","替换为适合海湾市场爆品的正式商品描述。","$99-$199","$75","$65","$55","assets/products/fashion/ORDER-371101/main.webp","assets/products/fashion/ORDER-371101/detail-01.webp","assets/products/fashion/ORDER-371101/detail-02.webp","assets/products/fashion/ORDER-371101/detail-03.webp","assets/products/fashion/ORDER-371101/detail-04.webp"
"ORDER-371102","fashion","Modest fashion product 42","منتج أزياء محتشمة 42","服饰商品 42","Replace this with polished product copy based on the selected Gulf-market bestseller.","استبدل هذا النص بوصف احترافي للمنتج المناسب لسوق الخليج.","替换为适合海湾市场爆品的正式商品描述。","$99-$199","$75","$65","$55","assets/products/fashion/ORDER-371102/main.webp","assets/products/fashion/ORDER-371102/detail-01.webp","assets/products/fashion/ORDER-371102/detail-02.webp","assets/products/fashion/ORDER-371102/detail-03.webp","assets/products/fashion/ORDER-371102/detail-04.webp"
"ORDER-371103","fashion","Modest fashion product 43","منتج أزياء محتشمة 43","服饰商品 43","Replace this with polished product copy based on the selected Gulf-market bestseller.","استبدل هذا النص بوصف احترافي للمنتج المناسب لسوق الخليج.","替换为适合海湾市场爆品的正式商品描述。","$99-$199","$75","$65","$55","assets/products/fashion/ORDER-371103/main.webp","assets/products/fashion/ORDER-371103/detail-01.webp","assets/products/fashion/ORDER-371103/detail-02.webp","assets/products/fashion/ORDER-371103/detail-03.webp","assets/products/fashion/ORDER-371103/detail-04.webp"
"ORDER-371104","fashion","Modest fashion product 44","منتج أزياء محتشمة 44","服饰商品 44","Replace this with polished product copy based on the selected Gulf-market bestseller.","استبدل هذا النص بوصف احترافي للمنتج المناسب لسوق الخليج.","替换为适合海湾市场爆品的正式商品描述。","$99-$199","$75","$65","$55","assets/products/fashion/ORDER-371104/main.webp","assets/products/fashion/ORDER-371104/detail-01.webp","assets/products/fashion/ORDER-371104/detail-02.webp","assets/products/fashion/ORDER-371104/detail-03.webp","assets/products/fashion/ORDER-371104/detail-04.webp"
"ORDER-371105","fashion","Modest fashion product 45","منتج أزياء محتشمة 45","服饰商品 45","Replace this with polished product copy based on the selected Gulf-market bestseller.","استبدل هذا النص بوصف احترافي للمنتج المناسب لسوق الخليج.","替换为适合海湾市场爆品的正式商品描述。","$99-$199","$75","$65","$55","assets/products/fashion/ORDER-371105/main.webp","assets/products/fashion/ORDER-371105/detail-01.webp","assets/products/fashion/ORDER-371105/detail-02.webp","assets/products/fashion/ORDER-371105/detail-03.webp","assets/products/fashion/ORDER-371105/detail-04.webp"
"ORDER-371106","fashion","Modest fashion product 46","منتج أزياء محتشمة 46","服饰商品 46","Replace this with polished product copy based on the selected Gulf-market bestseller.","استبدل هذا النص بوصف احترافي للمنتج المناسب لسوق الخليج.","替换为适合海湾市场爆品的正式商品描述。","$99-$199","$75","$65","$55","assets/products/fashion/ORDER-371106/main.webp","assets/products/fashion/ORDER-371106/detail-01.webp","assets/products/fashion/ORDER-371106/detail-02.webp","assets/products/fashion/ORDER-371106/detail-03.webp","assets/products/fashion/ORDER-371106/detail-04.webp"
"ORDER-371107","fashion","Modest fashion product 47","منتج أزياء محتشمة 47","服饰商品 47","Replace this with polished product copy based on the selected Gulf-market bestseller.","استبدل هذا النص بوصف احترافي للمنتج المناسب لسوق الخليج.","替换为适合海湾市场爆品的正式商品描述。","$99-$199","$75","$65","$55","assets/products/fashion/ORDER-371107/main.webp","assets/products/fashion/ORDER-371107/detail-01.webp","assets/products/fashion/ORDER-371107/detail-02.webp","assets/products/fashion/ORDER-371107/detail-03.webp","assets/products/fashion/ORDER-371107/detail-04.webp"
"ORDER-371108","fashion","Modest fashion product 48","منتج أزياء محتشمة 48","服饰商品 48","Replace this with polished product copy based on the selected Gulf-market bestseller.","استبدل هذا النص بوصف احترافي للمنتج المناسب لسوق الخليج.","替换为适合海湾市场爆品的正式商品描述。","$99-$199","$75","$65","$55","assets/products/fashion/ORDER-371108/main.webp","assets/products/fashion/ORDER-371108/detail-01.webp","assets/products/fashion/ORDER-371108/detail-02.webp","assets/products/fashion/ORDER-371108/detail-03.webp","assets/products/fashion/ORDER-371108/detail-04.webp"
"ORDER-371109","fashion","Modest fashion product 49","منتج أزياء محتشمة 49","服饰商品 49","Replace this with polished product copy based on the selected Gulf-market bestseller.","استبدل هذا النص بوصف احترافي للمنتج المناسب لسوق الخليج.","替换为适合海湾市场爆品的正式商品描述。","$99-$199","$75","$65","$55","assets/products/fashion/ORDER-371109/main.webp","assets/products/fashion/ORDER-371109/detail-01.webp","assets/products/fashion/ORDER-371109/detail-02.webp","assets/products/fashion/ORDER-371109/detail-03.webp","assets/products/fashion/ORDER-371109/detail-04.webp"
"ORDER-371110","fashion","Modest fashion product 50","منتج أزياء محتشمة 50","服饰商品 50","Replace this with polished product copy based on the selected Gulf-market bestseller.","استبدل هذا النص بوصف احترافي للمنتج المناسب لسوق الخليج.","替换为适合海湾市场爆品的正式商品描述。","$99-$199","$75","$65","$55","assets/products/fashion/ORDER-371110/main.webp","assets/products/fashion/ORDER-371110/detail-01.webp","assets/products/fashion/ORDER-371110/detail-02.webp","assets/products/fashion/ORDER-371110/detail-03.webp","assets/products/fashion/ORDER-371110/detail-04.webp"
"ORDER-371111","jewelry","Jewelry and watch product 1","منتج مجوهرات وساعات 1","珠宝腕表商品 1","Replace this with polished product copy based on the selected Gulf-market bestseller.","استبدل هذا النص بوصف احترافي للمنتج المناسب لسوق الخليج.","替换为适合海湾市场爆品的正式商品描述。","$99-$199","$75","$65","$55","assets/products/jewelry/ORDER-371111/main.webp","assets/products/jewelry/ORDER-371111/detail-01.webp","assets/products/jewelry/ORDER-371111/detail-02.webp","assets/products/jewelry/ORDER-371111/detail-03.webp","assets/products/jewelry/ORDER-371111/detail-04.webp"
"ORDER-371112","jewelry","Jewelry and watch product 2","منتج مجوهرات وساعات 2","珠宝腕表商品 2","Replace this with polished product copy based on the selected Gulf-market bestseller.","استبدل هذا النص بوصف احترافي للمنتج المناسب لسوق الخليج.","替换为适合海湾市场爆品的正式商品描述。","$99-$199","$75","$65","$55","assets/products/jewelry/ORDER-371112/main.webp","assets/products/jewelry/ORDER-371112/detail-01.webp","assets/products/jewelry/ORDER-371112/detail-02.webp","assets/products/jewelry/ORDER-371112/detail-03.webp","assets/products/jewelry/ORDER-371112/detail-04.webp"
"ORDER-371113","jewelry","Jewelry and watch product 3","منتج مجوهرات وساعات 3","珠宝腕表商品 3","Replace this with polished product copy based on the selected Gulf-market bestseller.","استبدل هذا النص بوصف احترافي للمنتج المناسب لسوق الخليج.","替换为适合海湾市场爆品的正式商品描述。","$99-$199","$75","$65","$55","assets/products/jewelry/ORDER-371113/main.webp","assets/products/jewelry/ORDER-371113/detail-01.webp","assets/products/jewelry/ORDER-371113/detail-02.webp","assets/products/jewelry/ORDER-371113/detail-03.webp","assets/products/jewelry/ORDER-371113/detail-04.webp"
"ORDER-371114","jewelry","Jewelry and watch product 4","منتج مجوهرات وساعات 4","珠宝腕表商品 4","Replace this with polished product copy based on the selected Gulf-market bestseller.","استبدل هذا النص بوصف احترافي للمنتج المناسب لسوق الخليج.","替换为适合海湾市场爆品的正式商品描述。","$99-$199","$75","$65","$55","assets/products/jewelry/ORDER-371114/main.webp","assets/products/jewelry/ORDER-371114/detail-01.webp","assets/products/jewelry/ORDER-371114/detail-02.webp","assets/products/jewelry/ORDER-371114/detail-03.webp","assets/products/jewelry/ORDER-371114/detail-04.webp"
"ORDER-371115","jewelry","Jewelry and watch product 5","منتج مجوهرات وساعات 5","珠宝腕表商品 5","Replace this with polished product copy based on the selected Gulf-market bestseller.","استبدل هذا النص بوصف احترافي للمنتج المناسب لسوق الخليج.","替换为适合海湾市场爆品的正式商品描述。","$99-$199","$75","$65","$55","assets/products/jewelry/ORDER-371115/main.webp","assets/products/jewelry/ORDER-371115/detail-01.webp","assets/products/jewelry/ORDER-371115/detail-02.webp","assets/products/jewelry/ORDER-371115/detail-03.webp","assets/products/jewelry/ORDER-371115/detail-04.webp"
"ORDER-371116","jewelry","Jewelry and watch product 6","منتج مجوهرات وساعات 6","珠宝腕表商品 6","Replace this with polished product copy based on the selected Gulf-market bestseller.","استبدل هذا النص بوصف احترافي للمنتج المناسب لسوق الخليج.","替换为适合海湾市场爆品的正式商品描述。","$99-$199","$75","$65","$55","assets/products/jewelry/ORDER-371116/main.webp","assets/products/jewelry/ORDER-371116/detail-01.webp","assets/products/jewelry/ORDER-371116/detail-02.webp","assets/products/jewelry/ORDER-371116/detail-03.webp","assets/products/jewelry/ORDER-371116/detail-04.webp"
"ORDER-371117","jewelry","Jewelry and watch product 7","منتج مجوهرات وساعات 7","珠宝腕表商品 7","Replace this with polished product copy based on the selected Gulf-market bestseller.","استبدل هذا النص بوصف احترافي للمنتج المناسب لسوق الخليج.","替换为适合海湾市场爆品的正式商品描述。","$99-$199","$75","$65","$55","assets/products/jewelry/ORDER-371117/main.webp","assets/products/jewelry/ORDER-371117/detail-01.webp","assets/products/jewelry/ORDER-371117/detail-02.webp","assets/products/jewelry/ORDER-371117/detail-03.webp","assets/products/jewelry/ORDER-371117/detail-04.webp"
"ORDER-371118","jewelry","Jewelry and watch product 8","منتج مجوهرات وساعات 8","珠宝腕表商品 8","Replace this with polished product copy based on the selected Gulf-market bestseller.","استبدل هذا النص بوصف احترافي للمنتج المناسب لسوق الخليج.","替换为适合海湾市场爆品的正式商品描述。","$99-$199","$75","$65","$55","assets/products/jewelry/ORDER-371118/main.webp","assets/products/jewelry/ORDER-371118/detail-01.webp","assets/products/jewelry/ORDER-371118/detail-02.webp","assets/products/jewelry/ORDER-371118/detail-03.webp","assets/products/jewelry/ORDER-371118/detail-04.webp"
"ORDER-371119","jewelry","Jewelry and watch product 9","منتج مجوهرات وساعات 9","珠宝腕表商品 9","Replace this with polished product copy based on the selected Gulf-market bestseller.","استبدل هذا النص بوصف احترافي للمنتج المناسب لسوق الخليج.","替换为适合海湾市场爆品的正式商品描述。","$99-$199","$75","$65","$55","assets/products/jewelry/ORDER-371119/main.webp","assets/products/jewelry/ORDER-371119/detail-01.webp","assets/products/jewelry/ORDER-371119/detail-02.webp","assets/products/jewelry/ORDER-371119/detail-03.webp","assets/products/jewelry/ORDER-371119/detail-04.webp"
"ORDER-371120","jewelry","Jewelry and watch product 10","منتج مجوهرات وساعات 10","珠宝腕表商品 10","Replace this with polished product copy based on the selected Gulf-market bestseller.","استبدل هذا النص بوصف احترافي للمنتج المناسب لسوق الخليج.","替换为适合海湾市场爆品的正式商品描述。","$99-$199","$75","$65","$55","assets/products/jewelry/ORDER-371120/main.webp","assets/products/jewelry/ORDER-371120/detail-01.webp","assets/products/jewelry/ORDER-371120/detail-02.webp","assets/products/jewelry/ORDER-371120/detail-03.webp","assets/products/jewelry/ORDER-371120/detail-04.webp"
"ORDER-371121","jewelry","Jewelry and watch product 11","منتج مجوهرات وساعات 11","珠宝腕表商品 11","Replace this with polished product copy based on the selected Gulf-market bestseller.","استبدل هذا النص بوصف احترافي للمنتج المناسب لسوق الخليج.","替换为适合海湾市场爆品的正式商品描述。","$99-$199","$75","$65","$55","assets/products/jewelry/ORDER-371121/main.webp","assets/products/jewelry/ORDER-371121/detail-01.webp","assets/products/jewelry/ORDER-371121/detail-02.webp","assets/products/jewelry/ORDER-371121/detail-03.webp","assets/products/jewelry/ORDER-371121/detail-04.webp"
"ORDER-371122","jewelry","Jewelry and watch product 12","منتج مجوهرات وساعات 12","珠宝腕表商品 12","Replace this with polished product copy based on the selected Gulf-market bestseller.","استبدل هذا النص بوصف احترافي للمنتج المناسب لسوق الخليج.","替换为适合海湾市场爆品的正式商品描述。","$99-$199","$75","$65","$55","assets/products/jewelry/ORDER-371122/main.webp","assets/products/jewelry/ORDER-371122/detail-01.webp","assets/products/jewelry/ORDER-371122/detail-02.webp","assets/products/jewelry/ORDER-371122/detail-03.webp","assets/products/jewelry/ORDER-371122/detail-04.webp"
"ORDER-371123","jewelry","Jewelry and watch product 13","منتج مجوهرات وساعات 13","珠宝腕表商品 13","Replace this with polished product copy based on the selected Gulf-market bestseller.","استبدل هذا النص بوصف احترافي للمنتج المناسب لسوق الخليج.","替换为适合海湾市场爆品的正式商品描述。","$99-$199","$75","$65","$55","assets/products/jewelry/ORDER-371123/main.webp","assets/products/jewelry/ORDER-371123/detail-01.webp","assets/products/jewelry/ORDER-371123/detail-02.webp","assets/products/jewelry/ORDER-371123/detail-03.webp","assets/products/jewelry/ORDER-371123/detail-04.webp"
"ORDER-371124","jewelry","Jewelry and watch product 14","منتج مجوهرات وساعات 14","珠宝腕表商品 14","Replace this with polished product copy based on the selected Gulf-market bestseller.","استبدل هذا النص بوصف احترافي للمنتج المناسب لسوق الخليج.","替换为适合海湾市场爆品的正式商品描述。","$99-$199","$75","$65","$55","assets/products/jewelry/ORDER-371124/main.webp","assets/products/jewelry/ORDER-371124/detail-01.webp","assets/products/jewelry/ORDER-371124/detail-02.webp","assets/products/jewelry/ORDER-371124/detail-03.webp","assets/products/jewelry/ORDER-371124/detail-04.webp"
"ORDER-371125","jewelry","Jewelry and watch product 15","منتج مجوهرات وساعات 15","珠宝腕表商品 15","Replace this with polished product copy based on the selected Gulf-market bestseller.","استبدل هذا النص بوصف احترافي للمنتج المناسب لسوق الخليج.","替换为适合海湾市场爆品的正式商品描述。","$99-$199","$75","$65","$55","assets/products/jewelry/ORDER-371125/main.webp","assets/products/jewelry/ORDER-371125/detail-01.webp","assets/products/jewelry/ORDER-371125/detail-02.webp","assets/products/jewelry/ORDER-371125/detail-03.webp","assets/products/jewelry/ORDER-371125/detail-04.webp"
"ORDER-371126","jewelry","Jewelry and watch product 16","منتج مجوهرات وساعات 16","珠宝腕表商品 16","Replace this with polished product copy based on the selected Gulf-market bestseller.","استبدل هذا النص بوصف احترافي للمنتج المناسب لسوق الخليج.","替换为适合海湾市场爆品的正式商品描述。","$99-$199","$75","$65","$55","assets/products/jewelry/ORDER-371126/main.webp","assets/products/jewelry/ORDER-371126/detail-01.webp","assets/products/jewelry/ORDER-371126/detail-02.webp","assets/products/jewelry/ORDER-371126/detail-03.webp","assets/products/jewelry/ORDER-371126/detail-04.webp"
"ORDER-371127","jewelry","Jewelry and watch product 17","منتج مجوهرات وساعات 17","珠宝腕表商品 17","Replace this with polished product copy based on the selected Gulf-market bestseller.","استبدل هذا النص بوصف احترافي للمنتج المناسب لسوق الخليج.","替换为适合海湾市场爆品的正式商品描述。","$99-$199","$75","$65","$55","assets/products/jewelry/ORDER-371127/main.webp","assets/products/jewelry/ORDER-371127/detail-01.webp","assets/products/jewelry/ORDER-371127/detail-02.webp","assets/products/jewelry/ORDER-371127/detail-03.webp","assets/products/jewelry/ORDER-371127/detail-04.webp"
"ORDER-371128","jewelry","Jewelry and watch product 18","منتج مجوهرات وساعات 18","珠宝腕表商品 18","Replace this with polished product copy based on the selected Gulf-market bestseller.","استبدل هذا النص بوصف احترافي للمنتج المناسب لسوق الخليج.","替换为适合海湾市场爆品的正式商品描述。","$99-$199","$75","$65","$55","assets/products/jewelry/ORDER-371128/main.webp","assets/products/jewelry/ORDER-371128/detail-01.webp","assets/products/jewelry/ORDER-371128/detail-02.webp","assets/products/jewelry/ORDER-371128/detail-03.webp","assets/products/jewelry/ORDER-371128/detail-04.webp"
"ORDER-371129","jewelry","Jewelry and watch product 19","منتج مجوهرات وساعات 19","珠宝腕表商品 19","Replace this with polished product copy based on the selected Gulf-market bestseller.","استبدل هذا النص بوصف احترافي للمنتج المناسب لسوق الخليج.","替换为适合海湾市场爆品的正式商品描述。","$99-$199","$75","$65","$55","assets/products/jewelry/ORDER-371129/main.webp","assets/products/jewelry/ORDER-371129/detail-01.webp","assets/products/jewelry/ORDER-371129/detail-02.webp","assets/products/jewelry/ORDER-371129/detail-03.webp","assets/products/jewelry/ORDER-371129/detail-04.webp"
"ORDER-371130","jewelry","Jewelry and watch product 20","منتج مجوهرات وساعات 20","珠宝腕表商品 20","Replace this with polished product copy based on the selected Gulf-market bestseller.","استبدل هذا النص بوصف احترافي للمنتج المناسب لسوق الخليج.","替换为适合海湾市场爆品的正式商品描述。","$99-$199","$75","$65","$55","assets/products/jewelry/ORDER-371130/main.webp","assets/products/jewelry/ORDER-371130/detail-01.webp","assets/products/jewelry/ORDER-371130/detail-02.webp","assets/products/jewelry/ORDER-371130/detail-03.webp","assets/products/jewelry/ORDER-371130/detail-04.webp"
"ORDER-371131","jewelry","Jewelry and watch product 21","منتج مجوهرات وساعات 21","珠宝腕表商品 21","Replace this with polished product copy based on the selected Gulf-market bestseller.","استبدل هذا النص بوصف احترافي للمنتج المناسب لسوق الخليج.","替换为适合海湾市场爆品的正式商品描述。","$99-$199","$75","$65","$55","assets/products/jewelry/ORDER-371131/main.webp","assets/products/jewelry/ORDER-371131/detail-01.webp","assets/products/jewelry/ORDER-371131/detail-02.webp","assets/products/jewelry/ORDER-371131/detail-03.webp","assets/products/jewelry/ORDER-371131/detail-04.webp"
"ORDER-371132","jewelry","Jewelry and watch product 22","منتج مجوهرات وساعات 22","珠宝腕表商品 22","Replace this with polished product copy based on the selected Gulf-market bestseller.","استبدل هذا النص بوصف احترافي للمنتج المناسب لسوق الخليج.","替换为适合海湾市场爆品的正式商品描述。","$99-$199","$75","$65","$55","assets/products/jewelry/ORDER-371132/main.webp","assets/products/jewelry/ORDER-371132/detail-01.webp","assets/products/jewelry/ORDER-371132/detail-02.webp","assets/products/jewelry/ORDER-371132/detail-03.webp","assets/products/jewelry/ORDER-371132/detail-04.webp"
"ORDER-371133","jewelry","Jewelry and watch product 23","منتج مجوهرات وساعات 23","珠宝腕表商品 23","Replace this with polished product copy based on the selected Gulf-market bestseller.","استبدل هذا النص بوصف احترافي للمنتج المناسب لسوق الخليج.","替换为适合海湾市场爆品的正式商品描述。","$99-$199","$75","$65","$55","assets/products/jewelry/ORDER-371133/main.webp","assets/products/jewelry/ORDER-371133/detail-01.webp","assets/products/jewelry/ORDER-371133/detail-02.webp","assets/products/jewelry/ORDER-371133/detail-03.webp","assets/products/jewelry/ORDER-371133/detail-04.webp"
"ORDER-371134","jewelry","Jewelry and watch product 24","منتج مجوهرات وساعات 24","珠宝腕表商品 24","Replace this with polished product copy based on the selected Gulf-market bestseller.","استبدل هذا النص بوصف احترافي للمنتج المناسب لسوق الخليج.","替换为适合海湾市场爆品的正式商品描述。","$99-$199","$75","$65","$55","assets/products/jewelry/ORDER-371134/main.webp","assets/products/jewelry/ORDER-371134/detail-01.webp","assets/products/jewelry/ORDER-371134/detail-02.webp","assets/products/jewelry/ORDER-371134/detail-03.webp","assets/products/jewelry/ORDER-371134/detail-04.webp"
"ORDER-371135","jewelry","Jewelry and watch product 25","منتج مجوهرات وساعات 25","珠宝腕表商品 25","Replace this with polished product copy based on the selected Gulf-market bestseller.","استبدل هذا النص بوصف احترافي للمنتج المناسب لسوق الخليج.","替换为适合海湾市场爆品的正式商品描述。","$99-$199","$75","$65","$55","assets/products/jewelry/ORDER-371135/main.webp","assets/products/jewelry/ORDER-371135/detail-01.webp","assets/products/jewelry/ORDER-371135/detail-02.webp","assets/products/jewelry/ORDER-371135/detail-03.webp","assets/products/jewelry/ORDER-371135/detail-04.webp"
"ORDER-371136","jewelry","Jewelry and watch product 26","منتج مجوهرات وساعات 26","珠宝腕表商品 26","Replace this with polished product copy based on the selected Gulf-market bestseller.","استبدل هذا النص بوصف احترافي للمنتج المناسب لسوق الخليج.","替换为适合海湾市场爆品的正式商品描述。","$99-$199","$75","$65","$55","assets/products/jewelry/ORDER-371136/main.webp","assets/products/jewelry/ORDER-371136/detail-01.webp","assets/products/jewelry/ORDER-371136/detail-02.webp","assets/products/jewelry/ORDER-371136/detail-03.webp","assets/products/jewelry/ORDER-371136/detail-04.webp"
"ORDER-371137","jewelry","Jewelry and watch product 27","منتج مجوهرات وساعات 27","珠宝腕表商品 27","Replace this with polished product copy based on the selected Gulf-market bestseller.","استبدل هذا النص بوصف احترافي للمنتج المناسب لسوق الخليج.","替换为适合海湾市场爆品的正式商品描述。","$99-$199","$75","$65","$55","assets/products/jewelry/ORDER-371137/main.webp","assets/products/jewelry/ORDER-371137/detail-01.webp","assets/products/jewelry/ORDER-371137/detail-02.webp","assets/products/jewelry/ORDER-371137/detail-03.webp","assets/products/jewelry/ORDER-371137/detail-04.webp"
"ORDER-371138","jewelry","Jewelry and watch product 28","منتج مجوهرات وساعات 28","珠宝腕表商品 28","Replace this with polished product copy based on the selected Gulf-market bestseller.","استبدل هذا النص بوصف احترافي للمنتج المناسب لسوق الخليج.","替换为适合海湾市场爆品的正式商品描述。","$99-$199","$75","$65","$55","assets/products/jewelry/ORDER-371138/main.webp","assets/products/jewelry/ORDER-371138/detail-01.webp","assets/products/jewelry/ORDER-371138/detail-02.webp","assets/products/jewelry/ORDER-371138/detail-03.webp","assets/products/jewelry/ORDER-371138/detail-04.webp"
"ORDER-371139","jewelry","Jewelry and watch product 29","منتج مجوهرات وساعات 29","珠宝腕表商品 29","Replace this with polished product copy based on the selected Gulf-market bestseller.","استبدل هذا النص بوصف احترافي للمنتج المناسب لسوق الخليج.","替换为适合海湾市场爆品的正式商品描述。","$99-$199","$75","$65","$55","assets/products/jewelry/ORDER-371139/main.webp","assets/products/jewelry/ORDER-371139/detail-01.webp","assets/products/jewelry/ORDER-371139/detail-02.webp","assets/products/jewelry/ORDER-371139/detail-03.webp","assets/products/jewelry/ORDER-371139/detail-04.webp"
"ORDER-371140","jewelry","Jewelry and watch product 30","منتج مجوهرات وساعات 30","珠宝腕表商品 30","Replace this with polished product copy based on the selected Gulf-market bestseller.","استبدل هذا النص بوصف احترافي للمنتج المناسب لسوق الخليج.","替换为适合海湾市场爆品的正式商品描述。","$99-$199","$75","$65","$55","assets/products/jewelry/ORDER-371140/main.webp","assets/products/jewelry/ORDER-371140/detail-01.webp","assets/products/jewelry/ORDER-371140/detail-02.webp","assets/products/jewelry/ORDER-371140/detail-03.webp","assets/products/jewelry/ORDER-371140/detail-04.webp"
"ORDER-371141","jewelry","Jewelry and watch product 31","منتج مجوهرات وساعات 31","珠宝腕表商品 31","Replace this with polished product copy based on the selected Gulf-market bestseller.","استبدل هذا النص بوصف احترافي للمنتج المناسب لسوق الخليج.","替换为适合海湾市场爆品的正式商品描述。","$99-$199","$75","$65","$55","assets/products/jewelry/ORDER-371141/main.webp","assets/products/jewelry/ORDER-371141/detail-01.webp","assets/products/jewelry/ORDER-371141/detail-02.webp","assets/products/jewelry/ORDER-371141/detail-03.webp","assets/products/jewelry/ORDER-371141/detail-04.webp"
"ORDER-371142","jewelry","Jewelry and watch product 32","منتج مجوهرات وساعات 32","珠宝腕表商品 32","Replace this with polished product copy based on the selected Gulf-market bestseller.","استبدل هذا النص بوصف احترافي للمنتج المناسب لسوق الخليج.","替换为适合海湾市场爆品的正式商品描述。","$99-$199","$75","$65","$55","assets/products/jewelry/ORDER-371142/main.webp","assets/products/jewelry/ORDER-371142/detail-01.webp","assets/products/jewelry/ORDER-371142/detail-02.webp","assets/products/jewelry/ORDER-371142/detail-03.webp","assets/products/jewelry/ORDER-371142/detail-04.webp"
"ORDER-371143","jewelry","Jewelry and watch product 33","منتج مجوهرات وساعات 33","珠宝腕表商品 33","Replace this with polished product copy based on the selected Gulf-market bestseller.","استبدل هذا النص بوصف احترافي للمنتج المناسب لسوق الخليج.","替换为适合海湾市场爆品的正式商品描述。","$99-$199","$75","$65","$55","assets/products/jewelry/ORDER-371143/main.webp","assets/products/jewelry/ORDER-371143/detail-01.webp","assets/products/jewelry/ORDER-371143/detail-02.webp","assets/products/jewelry/ORDER-371143/detail-03.webp","assets/products/jewelry/ORDER-371143/detail-04.webp"
"ORDER-371144","jewelry","Jewelry and watch product 34","منتج مجوهرات وساعات 34","珠宝腕表商品 34","Replace this with polished product copy based on the selected Gulf-market bestseller.","استبدل هذا النص بوصف احترافي للمنتج المناسب لسوق الخليج.","替换为适合海湾市场爆品的正式商品描述。","$99-$199","$75","$65","$55","assets/products/jewelry/ORDER-371144/main.webp","assets/products/jewelry/ORDER-371144/detail-01.webp","assets/products/jewelry/ORDER-371144/detail-02.webp","assets/products/jewelry/ORDER-371144/detail-03.webp","assets/products/jewelry/ORDER-371144/detail-04.webp"
"ORDER-371145","jewelry","Jewelry and watch product 35","منتج مجوهرات وساعات 35","珠宝腕表商品 35","Replace this with polished product copy based on the selected Gulf-market bestseller.","استبدل هذا النص بوصف احترافي للمنتج المناسب لسوق الخليج.","替换为适合海湾市场爆品的正式商品描述。","$99-$199","$75","$65","$55","assets/products/jewelry/ORDER-371145/main.webp","assets/products/jewelry/ORDER-371145/detail-01.webp","assets/products/jewelry/ORDER-371145/detail-02.webp","assets/products/jewelry/ORDER-371145/detail-03.webp","assets/products/jewelry/ORDER-371145/detail-04.webp"
"ORDER-371146","jewelry","Jewelry and watch product 36","منتج مجوهرات وساعات 36","珠宝腕表商品 36","Replace this with polished product copy based on the selected Gulf-market bestseller.","استبدل هذا النص بوصف احترافي للمنتج المناسب لسوق الخليج.","替换为适合海湾市场爆品的正式商品描述。","$99-$199","$75","$65","$55","assets/products/jewelry/ORDER-371146/main.webp","assets/products/jewelry/ORDER-371146/detail-01.webp","assets/products/jewelry/ORDER-371146/detail-02.webp","assets/products/jewelry/ORDER-371146/detail-03.webp","assets/products/jewelry/ORDER-371146/detail-04.webp"
"ORDER-371147","jewelry","Jewelry and watch product 37","منتج مجوهرات وساعات 37","珠宝腕表商品 37","Replace this with polished product copy based on the selected Gulf-market bestseller.","استبدل هذا النص بوصف احترافي للمنتج المناسب لسوق الخليج.","替换为适合海湾市场爆品的正式商品描述。","$99-$199","$75","$65","$55","assets/products/jewelry/ORDER-371147/main.webp","assets/products/jewelry/ORDER-371147/detail-01.webp","assets/products/jewelry/ORDER-371147/detail-02.webp","assets/products/jewelry/ORDER-371147/detail-03.webp","assets/products/jewelry/ORDER-371147/detail-04.webp"
"ORDER-371148","jewelry","Jewelry and watch product 38","منتج مجوهرات وساعات 38","珠宝腕表商品 38","Replace this with polished product copy based on the selected Gulf-market bestseller.","استبدل هذا النص بوصف احترافي للمنتج المناسب لسوق الخليج.","替换为适合海湾市场爆品的正式商品描述。","$99-$199","$75","$65","$55","assets/products/jewelry/ORDER-371148/main.webp","assets/products/jewelry/ORDER-371148/detail-01.webp","assets/products/jewelry/ORDER-371148/detail-02.webp","assets/products/jewelry/ORDER-371148/detail-03.webp","assets/products/jewelry/ORDER-371148/detail-04.webp"
"ORDER-371149","jewelry","Jewelry and watch product 39","منتج مجوهرات وساعات 39","珠宝腕表商品 39","Replace this with polished product copy based on the selected Gulf-market bestseller.","استبدل هذا النص بوصف احترافي للمنتج المناسب لسوق الخليج.","替换为适合海湾市场爆品的正式商品描述。","$99-$199","$75","$65","$55","assets/products/jewelry/ORDER-371149/main.webp","assets/products/jewelry/ORDER-371149/detail-01.webp","assets/products/jewelry/ORDER-371149/detail-02.webp","assets/products/jewelry/ORDER-371149/detail-03.webp","assets/products/jewelry/ORDER-371149/detail-04.webp"
"ORDER-371150","jewelry","Jewelry and watch product 40","منتج مجوهرات وساعات 40","珠宝腕表商品 40","Replace this with polished product copy based on the selected Gulf-market bestseller.","استبدل هذا النص بوصف احترافي للمنتج المناسب لسوق الخليج.","替换为适合海湾市场爆品的正式商品描述。","$99-$199","$75","$65","$55","assets/products/jewelry/ORDER-371150/main.webp","assets/products/jewelry/ORDER-371150/detail-01.webp","assets/products/jewelry/ORDER-371150/detail-02.webp","assets/products/jewelry/ORDER-371150/detail-03.webp","assets/products/jewelry/ORDER-371150/detail-04.webp"
"ORDER-371151","jewelry","Jewelry and watch product 41","منتج مجوهرات وساعات 41","珠宝腕表商品 41","Replace this with polished product copy based on the selected Gulf-market bestseller.","استبدل هذا النص بوصف احترافي للمنتج المناسب لسوق الخليج.","替换为适合海湾市场爆品的正式商品描述。","$99-$199","$75","$65","$55","assets/products/jewelry/ORDER-371151/main.webp","assets/products/jewelry/ORDER-371151/detail-01.webp","assets/products/jewelry/ORDER-371151/detail-02.webp","assets/products/jewelry/ORDER-371151/detail-03.webp","assets/products/jewelry/ORDER-371151/detail-04.webp"
"ORDER-371152","jewelry","Jewelry and watch product 42","منتج مجوهرات وساعات 42","珠宝腕表商品 42","Replace this with polished product copy based on the selected Gulf-market bestseller.","استبدل هذا النص بوصف احترافي للمنتج المناسب لسوق الخليج.","替换为适合海湾市场爆品的正式商品描述。","$99-$199","$75","$65","$55","assets/products/jewelry/ORDER-371152/main.webp","assets/products/jewelry/ORDER-371152/detail-01.webp","assets/products/jewelry/ORDER-371152/detail-02.webp","assets/products/jewelry/ORDER-371152/detail-03.webp","assets/products/jewelry/ORDER-371152/detail-04.webp"
"ORDER-371153","jewelry","Jewelry and watch product 43","منتج مجوهرات وساعات 43","珠宝腕表商品 43","Replace this with polished product copy based on the selected Gulf-market bestseller.","استبدل هذا النص بوصف احترافي للمنتج المناسب لسوق الخليج.","替换为适合海湾市场爆品的正式商品描述。","$99-$199","$75","$65","$55","assets/products/jewelry/ORDER-371153/main.webp","assets/products/jewelry/ORDER-371153/detail-01.webp","assets/products/jewelry/ORDER-371153/detail-02.webp","assets/products/jewelry/ORDER-371153/detail-03.webp","assets/products/jewelry/ORDER-371153/detail-04.webp"
"ORDER-371154","jewelry","Jewelry and watch product 44","منتج مجوهرات وساعات 44","珠宝腕表商品 44","Replace this with polished product copy based on the selected Gulf-market bestseller.","استبدل هذا النص بوصف احترافي للمنتج المناسب لسوق الخليج.","替换为适合海湾市场爆品的正式商品描述。","$99-$199","$75","$65","$55","assets/products/jewelry/ORDER-371154/main.webp","assets/products/jewelry/ORDER-371154/detail-01.webp","assets/products/jewelry/ORDER-371154/detail-02.webp","assets/products/jewelry/ORDER-371154/detail-03.webp","assets/products/jewelry/ORDER-371154/detail-04.webp"
"ORDER-371155","jewelry","Jewelry and watch product 45","منتج مجوهرات وساعات 45","珠宝腕表商品 45","Replace this with polished product copy based on the selected Gulf-market bestseller.","استبدل هذا النص بوصف احترافي للمنتج المناسب لسوق الخليج.","替换为适合海湾市场爆品的正式商品描述。","$99-$199","$75","$65","$55","assets/products/jewelry/ORDER-371155/main.webp","assets/products/jewelry/ORDER-371155/detail-01.webp","assets/products/jewelry/ORDER-371155/detail-02.webp","assets/products/jewelry/ORDER-371155/detail-03.webp","assets/products/jewelry/ORDER-371155/detail-04.webp"
"ORDER-371156","jewelry","Jewelry and watch product 46","منتج مجوهرات وساعات 46","珠宝腕表商品 46","Replace this with polished product copy based on the selected Gulf-market bestseller.","استبدل هذا النص بوصف احترافي للمنتج المناسب لسوق الخليج.","替换为适合海湾市场爆品的正式商品描述。","$99-$199","$75","$65","$55","assets/products/jewelry/ORDER-371156/main.webp","assets/products/jewelry/ORDER-371156/detail-01.webp","assets/products/jewelry/ORDER-371156/detail-02.webp","assets/products/jewelry/ORDER-371156/detail-03.webp","assets/products/jewelry/ORDER-371156/detail-04.webp"
"ORDER-371157","jewelry","Jewelry and watch product 47","منتج مجوهرات وساعات 47","珠宝腕表商品 47","Replace this with polished product copy based on the selected Gulf-market bestseller.","استبدل هذا النص بوصف احترافي للمنتج المناسب لسوق الخليج.","替换为适合海湾市场爆品的正式商品描述。","$99-$199","$75","$65","$55","assets/products/jewelry/ORDER-371157/main.webp","assets/products/jewelry/ORDER-371157/detail-01.webp","assets/products/jewelry/ORDER-371157/detail-02.webp","assets/products/jewelry/ORDER-371157/detail-03.webp","assets/products/jewelry/ORDER-371157/detail-04.webp"
"ORDER-371158","jewelry","Jewelry and watch product 48","منتج مجوهرات وساعات 48","珠宝腕表商品 48","Replace this with polished product copy based on the selected Gulf-market bestseller.","استبدل هذا النص بوصف احترافي للمنتج المناسب لسوق الخليج.","替换为适合海湾市场爆品的正式商品描述。","$99-$199","$75","$65","$55","assets/products/jewelry/ORDER-371158/main.webp","assets/products/jewelry/ORDER-371158/detail-01.webp","assets/products/jewelry/ORDER-371158/detail-02.webp","assets/products/jewelry/ORDER-371158/detail-03.webp","assets/products/jewelry/ORDER-371158/detail-04.webp"
"ORDER-371159","jewelry","Jewelry and watch product 49","منتج مجوهرات وساعات 49","珠宝腕表商品 49","Replace this with polished product copy based on the selected Gulf-market bestseller.","استبدل هذا النص بوصف احترافي للمنتج المناسب لسوق الخليج.","替换为适合海湾市场爆品的正式商品描述。","$99-$199","$75","$65","$55","assets/products/jewelry/ORDER-371159/main.webp","assets/products/jewelry/ORDER-371159/detail-01.webp","assets/products/jewelry/ORDER-371159/detail-02.webp","assets/products/jewelry/ORDER-371159/detail-03.webp","assets/products/jewelry/ORDER-371159/detail-04.webp"
"ORDER-371160","jewelry","Jewelry and watch product 50","منتج مجوهرات وساعات 50","珠宝腕表商品 50","Replace this with polished product copy based on the selected Gulf-market bestseller.","استبدل هذا النص بوصف احترافي للمنتج المناسب لسوق الخليج.","替换为适合海湾市场爆品的正式商品描述。","$99-$199","$75","$65","$55","assets/products/jewelry/ORDER-371160/main.webp","assets/products/jewelry/ORDER-371160/detail-01.webp","assets/products/jewelry/ORDER-371160/detail-02.webp","assets/products/jewelry/ORDER-371160/detail-03.webp","assets/products/jewelry/ORDER-371160/detail-04.webp"
"ORDER-371161","home","Home and kitchen product 1","منتج المنزل والمطبخ 1","家居厨房商品 1","Replace this with polished product copy based on the selected Gulf-market bestseller.","استبدل هذا النص بوصف احترافي للمنتج المناسب لسوق الخليج.","替换为适合海湾市场爆品的正式商品描述。","$99-$199","$75","$65","$55","assets/products/home/ORDER-371161/main.webp","assets/products/home/ORDER-371161/detail-01.webp","assets/products/home/ORDER-371161/detail-02.webp","assets/products/home/ORDER-371161/detail-03.webp","assets/products/home/ORDER-371161/detail-04.webp"
"ORDER-371162","home","Home and kitchen product 2","منتج المنزل والمطبخ 2","家居厨房商品 2","Replace this with polished product copy based on the selected Gulf-market bestseller.","استبدل هذا النص بوصف احترافي للمنتج المناسب لسوق الخليج.","替换为适合海湾市场爆品的正式商品描述。","$99-$199","$75","$65","$55","assets/products/home/ORDER-371162/main.webp","assets/products/home/ORDER-371162/detail-01.webp","assets/products/home/ORDER-371162/detail-02.webp","assets/products/home/ORDER-371162/detail-03.webp","assets/products/home/ORDER-371162/detail-04.webp"
"ORDER-371163","home","Home and kitchen product 3","منتج المنزل والمطبخ 3","家居厨房商品 3","Replace this with polished product copy based on the selected Gulf-market bestseller.","استبدل هذا النص بوصف احترافي للمنتج المناسب لسوق الخليج.","替换为适合海湾市场爆品的正式商品描述。","$99-$199","$75","$65","$55","assets/products/home/ORDER-371163/main.webp","assets/products/home/ORDER-371163/detail-01.webp","assets/products/home/ORDER-371163/detail-02.webp","assets/products/home/ORDER-371163/detail-03.webp","assets/products/home/ORDER-371163/detail-04.webp"
"ORDER-371164","home","Home and kitchen product 4","منتج المنزل والمطبخ 4","家居厨房商品 4","Replace this with polished product copy based on the selected Gulf-market bestseller.","استبدل هذا النص بوصف احترافي للمنتج المناسب لسوق الخليج.","替换为适合海湾市场爆品的正式商品描述。","$99-$199","$75","$65","$55","assets/products/home/ORDER-371164/main.webp","assets/products/home/ORDER-371164/detail-01.webp","assets/products/home/ORDER-371164/detail-02.webp","assets/products/home/ORDER-371164/detail-03.webp","assets/products/home/ORDER-371164/detail-04.webp"
"ORDER-371165","home","Home and kitchen product 5","منتج المنزل والمطبخ 5","家居厨房商品 5","Replace this with polished product copy based on the selected Gulf-market bestseller.","استبدل هذا النص بوصف احترافي للمنتج المناسب لسوق الخليج.","替换为适合海湾市场爆品的正式商品描述。","$99-$199","$75","$65","$55","assets/products/home/ORDER-371165/main.webp","assets/products/home/ORDER-371165/detail-01.webp","assets/products/home/ORDER-371165/detail-02.webp","assets/products/home/ORDER-371165/detail-03.webp","assets/products/home/ORDER-371165/detail-04.webp"
"ORDER-371166","home","Home and kitchen product 6","منتج المنزل والمطبخ 6","家居厨房商品 6","Replace this with polished product copy based on the selected Gulf-market bestseller.","استبدل هذا النص بوصف احترافي للمنتج المناسب لسوق الخليج.","替换为适合海湾市场爆品的正式商品描述。","$99-$199","$75","$65","$55","assets/products/home/ORDER-371166/main.webp","assets/products/home/ORDER-371166/detail-01.webp","assets/products/home/ORDER-371166/detail-02.webp","assets/products/home/ORDER-371166/detail-03.webp","assets/products/home/ORDER-371166/detail-04.webp"
"ORDER-371167","home","Home and kitchen product 7","منتج المنزل والمطبخ 7","家居厨房商品 7","Replace this with polished product copy based on the selected Gulf-market bestseller.","استبدل هذا النص بوصف احترافي للمنتج المناسب لسوق الخليج.","替换为适合海湾市场爆品的正式商品描述。","$99-$199","$75","$65","$55","assets/products/home/ORDER-371167/main.webp","assets/products/home/ORDER-371167/detail-01.webp","assets/products/home/ORDER-371167/detail-02.webp","assets/products/home/ORDER-371167/detail-03.webp","assets/products/home/ORDER-371167/detail-04.webp"
"ORDER-371168","home","Home and kitchen product 8","منتج المنزل والمطبخ 8","家居厨房商品 8","Replace this with polished product copy based on the selected Gulf-market bestseller.","استبدل هذا النص بوصف احترافي للمنتج المناسب لسوق الخليج.","替换为适合海湾市场爆品的正式商品描述。","$99-$199","$75","$65","$55","assets/products/home/ORDER-371168/main.webp","assets/products/home/ORDER-371168/detail-01.webp","assets/products/home/ORDER-371168/detail-02.webp","assets/products/home/ORDER-371168/detail-03.webp","assets/products/home/ORDER-371168/detail-04.webp"
"ORDER-371169","home","Home and kitchen product 9","منتج المنزل والمطبخ 9","家居厨房商品 9","Replace this with polished product copy based on the selected Gulf-market bestseller.","استبدل هذا النص بوصف احترافي للمنتج المناسب لسوق الخليج.","替换为适合海湾市场爆品的正式商品描述。","$99-$199","$75","$65","$55","assets/products/home/ORDER-371169/main.webp","assets/products/home/ORDER-371169/detail-01.webp","assets/products/home/ORDER-371169/detail-02.webp","assets/products/home/ORDER-371169/detail-03.webp","assets/products/home/ORDER-371169/detail-04.webp"
"ORDER-371170","home","Home and kitchen product 10","منتج المنزل والمطبخ 10","家居厨房商品 10","Replace this with polished product copy based on the selected Gulf-market bestseller.","استبدل هذا النص بوصف احترافي للمنتج المناسب لسوق الخليج.","替换为适合海湾市场爆品的正式商品描述。","$99-$199","$75","$65","$55","assets/products/home/ORDER-371170/main.webp","assets/products/home/ORDER-371170/detail-01.webp","assets/products/home/ORDER-371170/detail-02.webp","assets/products/home/ORDER-371170/detail-03.webp","assets/products/home/ORDER-371170/detail-04.webp"
"ORDER-371171","home","Home and kitchen product 11","منتج المنزل والمطبخ 11","家居厨房商品 11","Replace this with polished product copy based on the selected Gulf-market bestseller.","استبدل هذا النص بوصف احترافي للمنتج المناسب لسوق الخليج.","替换为适合海湾市场爆品的正式商品描述。","$99-$199","$75","$65","$55","assets/products/home/ORDER-371171/main.webp","assets/products/home/ORDER-371171/detail-01.webp","assets/products/home/ORDER-371171/detail-02.webp","assets/products/home/ORDER-371171/detail-03.webp","assets/products/home/ORDER-371171/detail-04.webp"
"ORDER-371172","home","Home and kitchen product 12","منتج المنزل والمطبخ 12","家居厨房商品 12","Replace this with polished product copy based on the selected Gulf-market bestseller.","استبدل هذا النص بوصف احترافي للمنتج المناسب لسوق الخليج.","替换为适合海湾市场爆品的正式商品描述。","$99-$199","$75","$65","$55","assets/products/home/ORDER-371172/main.webp","assets/products/home/ORDER-371172/detail-01.webp","assets/products/home/ORDER-371172/detail-02.webp","assets/products/home/ORDER-371172/detail-03.webp","assets/products/home/ORDER-371172/detail-04.webp"
"ORDER-371173","home","Home and kitchen product 13","منتج المنزل والمطبخ 13","家居厨房商品 13","Replace this with polished product copy based on the selected Gulf-market bestseller.","استبدل هذا النص بوصف احترافي للمنتج المناسب لسوق الخليج.","替换为适合海湾市场爆品的正式商品描述。","$99-$199","$75","$65","$55","assets/products/home/ORDER-371173/main.webp","assets/products/home/ORDER-371173/detail-01.webp","assets/products/home/ORDER-371173/detail-02.webp","assets/products/home/ORDER-371173/detail-03.webp","assets/products/home/ORDER-371173/detail-04.webp"
"ORDER-371174","home","Home and kitchen product 14","منتج المنزل والمطبخ 14","家居厨房商品 14","Replace this with polished product copy based on the selected Gulf-market bestseller.","استبدل هذا النص بوصف احترافي للمنتج المناسب لسوق الخليج.","替换为适合海湾市场爆品的正式商品描述。","$99-$199","$75","$65","$55","assets/products/home/ORDER-371174/main.webp","assets/products/home/ORDER-371174/detail-01.webp","assets/products/home/ORDER-371174/detail-02.webp","assets/products/home/ORDER-371174/detail-03.webp","assets/products/home/ORDER-371174/detail-04.webp"
"ORDER-371175","home","Home and kitchen product 15","منتج المنزل والمطبخ 15","家居厨房商品 15","Replace this with polished product copy based on the selected Gulf-market bestseller.","استبدل هذا النص بوصف احترافي للمنتج المناسب لسوق الخليج.","替换为适合海湾市场爆品的正式商品描述。","$99-$199","$75","$65","$55","assets/products/home/ORDER-371175/main.webp","assets/products/home/ORDER-371175/detail-01.webp","assets/products/home/ORDER-371175/detail-02.webp","assets/products/home/ORDER-371175/detail-03.webp","assets/products/home/ORDER-371175/detail-04.webp"
"ORDER-371176","home","Home and kitchen product 16","منتج المنزل والمطبخ 16","家居厨房商品 16","Replace this with polished product copy based on the selected Gulf-market bestseller.","استبدل هذا النص بوصف احترافي للمنتج المناسب لسوق الخليج.","替换为适合海湾市场爆品的正式商品描述。","$99-$199","$75","$65","$55","assets/products/home/ORDER-371176/main.webp","assets/products/home/ORDER-371176/detail-01.webp","assets/products/home/ORDER-371176/detail-02.webp","assets/products/home/ORDER-371176/detail-03.webp","assets/products/home/ORDER-371176/detail-04.webp"
"ORDER-371177","home","Home and kitchen product 17","منتج المنزل والمطبخ 17","家居厨房商品 17","Replace this with polished product copy based on the selected Gulf-market bestseller.","استبدل هذا النص بوصف احترافي للمنتج المناسب لسوق الخليج.","替换为适合海湾市场爆品的正式商品描述。","$99-$199","$75","$65","$55","assets/products/home/ORDER-371177/main.webp","assets/products/home/ORDER-371177/detail-01.webp","assets/products/home/ORDER-371177/detail-02.webp","assets/products/home/ORDER-371177/detail-03.webp","assets/products/home/ORDER-371177/detail-04.webp"
"ORDER-371178","home","Home and kitchen product 18","منتج المنزل والمطبخ 18","家居厨房商品 18","Replace this with polished product copy based on the selected Gulf-market bestseller.","استبدل هذا النص بوصف احترافي للمنتج المناسب لسوق الخليج.","替换为适合海湾市场爆品的正式商品描述。","$99-$199","$75","$65","$55","assets/products/home/ORDER-371178/main.webp","assets/products/home/ORDER-371178/detail-01.webp","assets/products/home/ORDER-371178/detail-02.webp","assets/products/home/ORDER-371178/detail-03.webp","assets/products/home/ORDER-371178/detail-04.webp"
"ORDER-371179","home","Home and kitchen product 19","منتج المنزل والمطبخ 19","家居厨房商品 19","Replace this with polished product copy based on the selected Gulf-market bestseller.","استبدل هذا النص بوصف احترافي للمنتج المناسب لسوق الخليج.","替换为适合海湾市场爆品的正式商品描述。","$99-$199","$75","$65","$55","assets/products/home/ORDER-371179/main.webp","assets/products/home/ORDER-371179/detail-01.webp","assets/products/home/ORDER-371179/detail-02.webp","assets/products/home/ORDER-371179/detail-03.webp","assets/products/home/ORDER-371179/detail-04.webp"
"ORDER-371180","home","Home and kitchen product 20","منتج المنزل والمطبخ 20","家居厨房商品 20","Replace this with polished product copy based on the selected Gulf-market bestseller.","استبدل هذا النص بوصف احترافي للمنتج المناسب لسوق الخليج.","替换为适合海湾市场爆品的正式商品描述。","$99-$199","$75","$65","$55","assets/products/home/ORDER-371180/main.webp","assets/products/home/ORDER-371180/detail-01.webp","assets/products/home/ORDER-371180/detail-02.webp","assets/products/home/ORDER-371180/detail-03.webp","assets/products/home/ORDER-371180/detail-04.webp"
"ORDER-371181","home","Home and kitchen product 21","منتج المنزل والمطبخ 21","家居厨房商品 21","Replace this with polished product copy based on the selected Gulf-market bestseller.","استبدل هذا النص بوصف احترافي للمنتج المناسب لسوق الخليج.","替换为适合海湾市场爆品的正式商品描述。","$99-$199","$75","$65","$55","assets/products/home/ORDER-371181/main.webp","assets/products/home/ORDER-371181/detail-01.webp","assets/products/home/ORDER-371181/detail-02.webp","assets/products/home/ORDER-371181/detail-03.webp","assets/products/home/ORDER-371181/detail-04.webp"
"ORDER-371182","home","Home and kitchen product 22","منتج المنزل والمطبخ 22","家居厨房商品 22","Replace this with polished product copy based on the selected Gulf-market bestseller.","استبدل هذا النص بوصف احترافي للمنتج المناسب لسوق الخليج.","替换为适合海湾市场爆品的正式商品描述。","$99-$199","$75","$65","$55","assets/products/home/ORDER-371182/main.webp","assets/products/home/ORDER-371182/detail-01.webp","assets/products/home/ORDER-371182/detail-02.webp","assets/products/home/ORDER-371182/detail-03.webp","assets/products/home/ORDER-371182/detail-04.webp"
"ORDER-371183","home","Home and kitchen product 23","منتج المنزل والمطبخ 23","家居厨房商品 23","Replace this with polished product copy based on the selected Gulf-market bestseller.","استبدل هذا النص بوصف احترافي للمنتج المناسب لسوق الخليج.","替换为适合海湾市场爆品的正式商品描述。","$99-$199","$75","$65","$55","assets/products/home/ORDER-371183/main.webp","assets/products/home/ORDER-371183/detail-01.webp","assets/products/home/ORDER-371183/detail-02.webp","assets/products/home/ORDER-371183/detail-03.webp","assets/products/home/ORDER-371183/detail-04.webp"
"ORDER-371184","home","Home and kitchen product 24","منتج المنزل والمطبخ 24","家居厨房商品 24","Replace this with polished product copy based on the selected Gulf-market bestseller.","استبدل هذا النص بوصف احترافي للمنتج المناسب لسوق الخليج.","替换为适合海湾市场爆品的正式商品描述。","$99-$199","$75","$65","$55","assets/products/home/ORDER-371184/main.webp","assets/products/home/ORDER-371184/detail-01.webp","assets/products/home/ORDER-371184/detail-02.webp","assets/products/home/ORDER-371184/detail-03.webp","assets/products/home/ORDER-371184/detail-04.webp"
"ORDER-371185","home","Home and kitchen product 25","منتج المنزل والمطبخ 25","家居厨房商品 25","Replace this with polished product copy based on the selected Gulf-market bestseller.","استبدل هذا النص بوصف احترافي للمنتج المناسب لسوق الخليج.","替换为适合海湾市场爆品的正式商品描述。","$99-$199","$75","$65","$55","assets/products/home/ORDER-371185/main.webp","assets/products/home/ORDER-371185/detail-01.webp","assets/products/home/ORDER-371185/detail-02.webp","assets/products/home/ORDER-371185/detail-03.webp","assets/products/home/ORDER-371185/detail-04.webp"
"ORDER-371186","home","Home and kitchen product 26","منتج المنزل والمطبخ 26","家居厨房商品 26","Replace this with polished product copy based on the selected Gulf-market bestseller.","استبدل هذا النص بوصف احترافي للمنتج المناسب لسوق الخليج.","替换为适合海湾市场爆品的正式商品描述。","$99-$199","$75","$65","$55","assets/products/home/ORDER-371186/main.webp","assets/products/home/ORDER-371186/detail-01.webp","assets/products/home/ORDER-371186/detail-02.webp","assets/products/home/ORDER-371186/detail-03.webp","assets/products/home/ORDER-371186/detail-04.webp"
"ORDER-371187","home","Home and kitchen product 27","منتج المنزل والمطبخ 27","家居厨房商品 27","Replace this with polished product copy based on the selected Gulf-market bestseller.","استبدل هذا النص بوصف احترافي للمنتج المناسب لسوق الخليج.","替换为适合海湾市场爆品的正式商品描述。","$99-$199","$75","$65","$55","assets/products/home/ORDER-371187/main.webp","assets/products/home/ORDER-371187/detail-01.webp","assets/products/home/ORDER-371187/detail-02.webp","assets/products/home/ORDER-371187/detail-03.webp","assets/products/home/ORDER-371187/detail-04.webp"
"ORDER-371188","home","Home and kitchen product 28","منتج المنزل والمطبخ 28","家居厨房商品 28","Replace this with polished product copy based on the selected Gulf-market bestseller.","استبدل هذا النص بوصف احترافي للمنتج المناسب لسوق الخليج.","替换为适合海湾市场爆品的正式商品描述。","$99-$199","$75","$65","$55","assets/products/home/ORDER-371188/main.webp","assets/products/home/ORDER-371188/detail-01.webp","assets/products/home/ORDER-371188/detail-02.webp","assets/products/home/ORDER-371188/detail-03.webp","assets/products/home/ORDER-371188/detail-04.webp"
"ORDER-371189","home","Home and kitchen product 29","منتج المنزل والمطبخ 29","家居厨房商品 29","Replace this with polished product copy based on the selected Gulf-market bestseller.","استبدل هذا النص بوصف احترافي للمنتج المناسب لسوق الخليج.","替换为适合海湾市场爆品的正式商品描述。","$99-$199","$75","$65","$55","assets/products/home/ORDER-371189/main.webp","assets/products/home/ORDER-371189/detail-01.webp","assets/products/home/ORDER-371189/detail-02.webp","assets/products/home/ORDER-371189/detail-03.webp","assets/products/home/ORDER-371189/detail-04.webp"
"ORDER-371190","home","Home and kitchen product 30","منتج المنزل والمطبخ 30","家居厨房商品 30","Replace this with polished product copy based on the selected Gulf-market bestseller.","استبدل هذا النص بوصف احترافي للمنتج المناسب لسوق الخليج.","替换为适合海湾市场爆品的正式商品描述。","$99-$199","$75","$65","$55","assets/products/home/ORDER-371190/main.webp","assets/products/home/ORDER-371190/detail-01.webp","assets/products/home/ORDER-371190/detail-02.webp","assets/products/home/ORDER-371190/detail-03.webp","assets/products/home/ORDER-371190/detail-04.webp"
"ORDER-371191","home","Home and kitchen product 31","منتج المنزل والمطبخ 31","家居厨房商品 31","Replace this with polished product copy based on the selected Gulf-market bestseller.","استبدل هذا النص بوصف احترافي للمنتج المناسب لسوق الخليج.","替换为适合海湾市场爆品的正式商品描述。","$99-$199","$75","$65","$55","assets/products/home/ORDER-371191/main.webp","assets/products/home/ORDER-371191/detail-01.webp","assets/products/home/ORDER-371191/detail-02.webp","assets/products/home/ORDER-371191/detail-03.webp","assets/products/home/ORDER-371191/detail-04.webp"
"ORDER-371192","home","Home and kitchen product 32","منتج المنزل والمطبخ 32","家居厨房商品 32","Replace this with polished product copy based on the selected Gulf-market bestseller.","استبدل هذا النص بوصف احترافي للمنتج المناسب لسوق الخليج.","替换为适合海湾市场爆品的正式商品描述。","$99-$199","$75","$65","$55","assets/products/home/ORDER-371192/main.webp","assets/products/home/ORDER-371192/detail-01.webp","assets/products/home/ORDER-371192/detail-02.webp","assets/products/home/ORDER-371192/detail-03.webp","assets/products/home/ORDER-371192/detail-04.webp"
"ORDER-371193","home","Home and kitchen product 33","منتج المنزل والمطبخ 33","家居厨房商品 33","Replace this with polished product copy based on the selected Gulf-market bestseller.","استبدل هذا النص بوصف احترافي للمنتج المناسب لسوق الخليج.","替换为适合海湾市场爆品的正式商品描述。","$99-$199","$75","$65","$55","assets/products/home/ORDER-371193/main.webp","assets/products/home/ORDER-371193/detail-01.webp","assets/products/home/ORDER-371193/detail-02.webp","assets/products/home/ORDER-371193/detail-03.webp","assets/products/home/ORDER-371193/detail-04.webp"
"ORDER-371194","home","Home and kitchen product 34","منتج المنزل والمطبخ 34","家居厨房商品 34","Replace this with polished product copy based on the selected Gulf-market bestseller.","استبدل هذا النص بوصف احترافي للمنتج المناسب لسوق الخليج.","替换为适合海湾市场爆品的正式商品描述。","$99-$199","$75","$65","$55","assets/products/home/ORDER-371194/main.webp","assets/products/home/ORDER-371194/detail-01.webp","assets/products/home/ORDER-371194/detail-02.webp","assets/products/home/ORDER-371194/detail-03.webp","assets/products/home/ORDER-371194/detail-04.webp"
"ORDER-371195","home","Home and kitchen product 35","منتج المنزل والمطبخ 35","家居厨房商品 35","Replace this with polished product copy based on the selected Gulf-market bestseller.","استبدل هذا النص بوصف احترافي للمنتج المناسب لسوق الخليج.","替换为适合海湾市场爆品的正式商品描述。","$99-$199","$75","$65","$55","assets/products/home/ORDER-371195/main.webp","assets/products/home/ORDER-371195/detail-01.webp","assets/products/home/ORDER-371195/detail-02.webp","assets/products/home/ORDER-371195/detail-03.webp","assets/products/home/ORDER-371195/detail-04.webp"
"ORDER-371196","home","Home and kitchen product 36","منتج المنزل والمطبخ 36","家居厨房商品 36","Replace this with polished product copy based on the selected Gulf-market bestseller.","استبدل هذا النص بوصف احترافي للمنتج المناسب لسوق الخليج.","替换为适合海湾市场爆品的正式商品描述。","$99-$199","$75","$65","$55","assets/products/home/ORDER-371196/main.webp","assets/products/home/ORDER-371196/detail-01.webp","assets/products/home/ORDER-371196/detail-02.webp","assets/products/home/ORDER-371196/detail-03.webp","assets/products/home/ORDER-371196/detail-04.webp"
"ORDER-371197","home","Home and kitchen product 37","منتج المنزل والمطبخ 37","家居厨房商品 37","Replace this with polished product copy based on the selected Gulf-market bestseller.","استبدل هذا النص بوصف احترافي للمنتج المناسب لسوق الخليج.","替换为适合海湾市场爆品的正式商品描述。","$99-$199","$75","$65","$55","assets/products/home/ORDER-371197/main.webp","assets/products/home/ORDER-371197/detail-01.webp","assets/products/home/ORDER-371197/detail-02.webp","assets/products/home/ORDER-371197/detail-03.webp","assets/products/home/ORDER-371197/detail-04.webp"
"ORDER-371198","home","Home and kitchen product 38","منتج المنزل والمطبخ 38","家居厨房商品 38","Replace this with polished product copy based on the selected Gulf-market bestseller.","استبدل هذا النص بوصف احترافي للمنتج المناسب لسوق الخليج.","替换为适合海湾市场爆品的正式商品描述。","$99-$199","$75","$65","$55","assets/products/home/ORDER-371198/main.webp","assets/products/home/ORDER-371198/detail-01.webp","assets/products/home/ORDER-371198/detail-02.webp","assets/products/home/ORDER-371198/detail-03.webp","assets/products/home/ORDER-371198/detail-04.webp"
"ORDER-371199","home","Home and kitchen product 39","منتج المنزل والمطبخ 39","家居厨房商品 39","Replace this with polished product copy based on the selected Gulf-market bestseller.","استبدل هذا النص بوصف احترافي للمنتج المناسب لسوق الخليج.","替换为适合海湾市场爆品的正式商品描述。","$99-$199","$75","$65","$55","assets/products/home/ORDER-371199/main.webp","assets/products/home/ORDER-371199/detail-01.webp","assets/products/home/ORDER-371199/detail-02.webp","assets/products/home/ORDER-371199/detail-03.webp","assets/products/home/ORDER-371199/detail-04.webp"
"ORDER-371200","home","Home and kitchen product 40","منتج المنزل والمطبخ 40","家居厨房商品 40","Replace this with polished product copy based on the selected Gulf-market bestseller.","استبدل هذا النص بوصف احترافي للمنتج المناسب لسوق الخليج.","替换为适合海湾市场爆品的正式商品描述。","$99-$199","$75","$65","$55","assets/products/home/ORDER-371200/main.webp","assets/products/home/ORDER-371200/detail-01.webp","assets/products/home/ORDER-371200/detail-02.webp","assets/products/home/ORDER-371200/detail-03.webp","assets/products/home/ORDER-371200/detail-04.webp"
"ORDER-371201","home","Home and kitchen product 41","منتج المنزل والمطبخ 41","家居厨房商品 41","Replace this with polished product copy based on the selected Gulf-market bestseller.","استبدل هذا النص بوصف احترافي للمنتج المناسب لسوق الخليج.","替换为适合海湾市场爆品的正式商品描述。","$99-$199","$75","$65","$55","assets/products/home/ORDER-371201/main.webp","assets/products/home/ORDER-371201/detail-01.webp","assets/products/home/ORDER-371201/detail-02.webp","assets/products/home/ORDER-371201/detail-03.webp","assets/products/home/ORDER-371201/detail-04.webp"
"ORDER-371202","home","Home and kitchen product 42","منتج المنزل والمطبخ 42","家居厨房商品 42","Replace this with polished product copy based on the selected Gulf-market bestseller.","استبدل هذا النص بوصف احترافي للمنتج المناسب لسوق الخليج.","替换为适合海湾市场爆品的正式商品描述。","$99-$199","$75","$65","$55","assets/products/home/ORDER-371202/main.webp","assets/products/home/ORDER-371202/detail-01.webp","assets/products/home/ORDER-371202/detail-02.webp","assets/products/home/ORDER-371202/detail-03.webp","assets/products/home/ORDER-371202/detail-04.webp"
"ORDER-371203","home","Home and kitchen product 43","منتج المنزل والمطبخ 43","家居厨房商品 43","Replace this with polished product copy based on the selected Gulf-market bestseller.","استبدل هذا النص بوصف احترافي للمنتج المناسب لسوق الخليج.","替换为适合海湾市场爆品的正式商品描述。","$99-$199","$75","$65","$55","assets/products/home/ORDER-371203/main.webp","assets/products/home/ORDER-371203/detail-01.webp","assets/products/home/ORDER-371203/detail-02.webp","assets/products/home/ORDER-371203/detail-03.webp","assets/products/home/ORDER-371203/detail-04.webp"
"ORDER-371204","home","Home and kitchen product 44","منتج المنزل والمطبخ 44","家居厨房商品 44","Replace this with polished product copy based on the selected Gulf-market bestseller.","استبدل هذا النص بوصف احترافي للمنتج المناسب لسوق الخليج.","替换为适合海湾市场爆品的正式商品描述。","$99-$199","$75","$65","$55","assets/products/home/ORDER-371204/main.webp","assets/products/home/ORDER-371204/detail-01.webp","assets/products/home/ORDER-371204/detail-02.webp","assets/products/home/ORDER-371204/detail-03.webp","assets/products/home/ORDER-371204/detail-04.webp"
"ORDER-371205","home","Home and kitchen product 45","منتج المنزل والمطبخ 45","家居厨房商品 45","Replace this with polished product copy based on the selected Gulf-market bestseller.","استبدل هذا النص بوصف احترافي للمنتج المناسب لسوق الخليج.","替换为适合海湾市场爆品的正式商品描述。","$99-$199","$75","$65","$55","assets/products/home/ORDER-371205/main.webp","assets/products/home/ORDER-371205/detail-01.webp","assets/products/home/ORDER-371205/detail-02.webp","assets/products/home/ORDER-371205/detail-03.webp","assets/products/home/ORDER-371205/detail-04.webp"
"ORDER-371206","home","Home and kitchen product 46","منتج المنزل والمطبخ 46","家居厨房商品 46","Replace this with polished product copy based on the selected Gulf-market bestseller.","استبدل هذا النص بوصف احترافي للمنتج المناسب لسوق الخليج.","替换为适合海湾市场爆品的正式商品描述。","$99-$199","$75","$65","$55","assets/products/home/ORDER-371206/main.webp","assets/products/home/ORDER-371206/detail-01.webp","assets/products/home/ORDER-371206/detail-02.webp","assets/products/home/ORDER-371206/detail-03.webp","assets/products/home/ORDER-371206/detail-04.webp"
"ORDER-371207","home","Home and kitchen product 47","منتج المنزل والمطبخ 47","家居厨房商品 47","Replace this with polished product copy based on the selected Gulf-market bestseller.","استبدل هذا النص بوصف احترافي للمنتج المناسب لسوق الخليج.","替换为适合海湾市场爆品的正式商品描述。","$99-$199","$75","$65","$55","assets/products/home/ORDER-371207/main.webp","assets/products/home/ORDER-371207/detail-01.webp","assets/products/home/ORDER-371207/detail-02.webp","assets/products/home/ORDER-371207/detail-03.webp","assets/products/home/ORDER-371207/detail-04.webp"
"ORDER-371208","home","Home and kitchen product 48","منتج المنزل والمطبخ 48","家居厨房商品 48","Replace this with polished product copy based on the selected Gulf-market bestseller.","استبدل هذا النص بوصف احترافي للمنتج المناسب لسوق الخليج.","替换为适合海湾市场爆品的正式商品描述。","$99-$199","$75","$65","$55","assets/products/home/ORDER-371208/main.webp","assets/products/home/ORDER-371208/detail-01.webp","assets/products/home/ORDER-371208/detail-02.webp","assets/products/home/ORDER-371208/detail-03.webp","assets/products/home/ORDER-371208/detail-04.webp"
"ORDER-371209","home","Home and kitchen product 49","منتج المنزل والمطبخ 49","家居厨房商品 49","Replace this with polished product copy based on the selected Gulf-market bestseller.","استبدل هذا النص بوصف احترافي للمنتج المناسب لسوق الخليج.","替换为适合海湾市场爆品的正式商品描述。","$99-$199","$75","$65","$55","assets/products/home/ORDER-371209/main.webp","assets/products/home/ORDER-371209/detail-01.webp","assets/products/home/ORDER-371209/detail-02.webp","assets/products/home/ORDER-371209/detail-03.webp","assets/products/home/ORDER-371209/detail-04.webp"
"ORDER-371210","home","Home and kitchen product 50","منتج المنزل والمطبخ 50","家居厨房商品 50","Replace this with polished product copy based on the selected Gulf-market bestseller.","استبدل هذا النص بوصف احترافي للمنتج المناسب لسوق الخليج.","替换为适合海湾市场爆品的正式商品描述。","$99-$199","$75","$65","$55","assets/products/home/ORDER-371210/main.webp","assets/products/home/ORDER-371210/detail-01.webp","assets/products/home/ORDER-371210/detail-02.webp","assets/products/home/ORDER-371210/detail-03.webp","assets/products/home/ORDER-371210/detail-04.webp"
"ORDER-371211","furniture","Furniture and decor product 1","منتج أثاث وديكور 1","家具装饰商品 1","Replace this with polished product copy based on the selected Gulf-market bestseller.","استبدل هذا النص بوصف احترافي للمنتج المناسب لسوق الخليج.","替换为适合海湾市场爆品的正式商品描述。","$99-$199","$75","$65","$55","assets/products/furniture/ORDER-371211/main.webp","assets/products/furniture/ORDER-371211/detail-01.webp","assets/products/furniture/ORDER-371211/detail-02.webp","assets/products/furniture/ORDER-371211/detail-03.webp","assets/products/furniture/ORDER-371211/detail-04.webp"
"ORDER-371212","furniture","Furniture and decor product 2","منتج أثاث وديكور 2","家具装饰商品 2","Replace this with polished product copy based on the selected Gulf-market bestseller.","استبدل هذا النص بوصف احترافي للمنتج المناسب لسوق الخليج.","替换为适合海湾市场爆品的正式商品描述。","$99-$199","$75","$65","$55","assets/products/furniture/ORDER-371212/main.webp","assets/products/furniture/ORDER-371212/detail-01.webp","assets/products/furniture/ORDER-371212/detail-02.webp","assets/products/furniture/ORDER-371212/detail-03.webp","assets/products/furniture/ORDER-371212/detail-04.webp"
"ORDER-371213","furniture","Furniture and decor product 3","منتج أثاث وديكور 3","家具装饰商品 3","Replace this with polished product copy based on the selected Gulf-market bestseller.","استبدل هذا النص بوصف احترافي للمنتج المناسب لسوق الخليج.","替换为适合海湾市场爆品的正式商品描述。","$99-$199","$75","$65","$55","assets/products/furniture/ORDER-371213/main.webp","assets/products/furniture/ORDER-371213/detail-01.webp","assets/products/furniture/ORDER-371213/detail-02.webp","assets/products/furniture/ORDER-371213/detail-03.webp","assets/products/furniture/ORDER-371213/detail-04.webp"
"ORDER-371214","furniture","Furniture and decor product 4","منتج أثاث وديكور 4","家具装饰商品 4","Replace this with polished product copy based on the selected Gulf-market bestseller.","استبدل هذا النص بوصف احترافي للمنتج المناسب لسوق الخليج.","替换为适合海湾市场爆品的正式商品描述。","$99-$199","$75","$65","$55","assets/products/furniture/ORDER-371214/main.webp","assets/products/furniture/ORDER-371214/detail-01.webp","assets/products/furniture/ORDER-371214/detail-02.webp","assets/products/furniture/ORDER-371214/detail-03.webp","assets/products/furniture/ORDER-371214/detail-04.webp"
"ORDER-371215","furniture","Furniture and decor product 5","منتج أثاث وديكور 5","家具装饰商品 5","Replace this with polished product copy based on the selected Gulf-market bestseller.","استبدل هذا النص بوصف احترافي للمنتج المناسب لسوق الخليج.","替换为适合海湾市场爆品的正式商品描述。","$99-$199","$75","$65","$55","assets/products/furniture/ORDER-371215/main.webp","assets/products/furniture/ORDER-371215/detail-01.webp","assets/products/furniture/ORDER-371215/detail-02.webp","assets/products/furniture/ORDER-371215/detail-03.webp","assets/products/furniture/ORDER-371215/detail-04.webp"
"ORDER-371216","furniture","Furniture and decor product 6","منتج أثاث وديكور 6","家具装饰商品 6","Replace this with polished product copy based on the selected Gulf-market bestseller.","استبدل هذا النص بوصف احترافي للمنتج المناسب لسوق الخليج.","替换为适合海湾市场爆品的正式商品描述。","$99-$199","$75","$65","$55","assets/products/furniture/ORDER-371216/main.webp","assets/products/furniture/ORDER-371216/detail-01.webp","assets/products/furniture/ORDER-371216/detail-02.webp","assets/products/furniture/ORDER-371216/detail-03.webp","assets/products/furniture/ORDER-371216/detail-04.webp"
"ORDER-371217","furniture","Furniture and decor product 7","منتج أثاث وديكور 7","家具装饰商品 7","Replace this with polished product copy based on the selected Gulf-market bestseller.","استبدل هذا النص بوصف احترافي للمنتج المناسب لسوق الخليج.","替换为适合海湾市场爆品的正式商品描述。","$99-$199","$75","$65","$55","assets/products/furniture/ORDER-371217/main.webp","assets/products/furniture/ORDER-371217/detail-01.webp","assets/products/furniture/ORDER-371217/detail-02.webp","assets/products/furniture/ORDER-371217/detail-03.webp","assets/products/furniture/ORDER-371217/detail-04.webp"
"ORDER-371218","furniture","Furniture and decor product 8","منتج أثاث وديكور 8","家具装饰商品 8","Replace this with polished product copy based on the selected Gulf-market bestseller.","استبدل هذا النص بوصف احترافي للمنتج المناسب لسوق الخليج.","替换为适合海湾市场爆品的正式商品描述。","$99-$199","$75","$65","$55","assets/products/furniture/ORDER-371218/main.webp","assets/products/furniture/ORDER-371218/detail-01.webp","assets/products/furniture/ORDER-371218/detail-02.webp","assets/products/furniture/ORDER-371218/detail-03.webp","assets/products/furniture/ORDER-371218/detail-04.webp"
"ORDER-371219","furniture","Furniture and decor product 9","منتج أثاث وديكور 9","家具装饰商品 9","Replace this with polished product copy based on the selected Gulf-market bestseller.","استبدل هذا النص بوصف احترافي للمنتج المناسب لسوق الخليج.","替换为适合海湾市场爆品的正式商品描述。","$99-$199","$75","$65","$55","assets/products/furniture/ORDER-371219/main.webp","assets/products/furniture/ORDER-371219/detail-01.webp","assets/products/furniture/ORDER-371219/detail-02.webp","assets/products/furniture/ORDER-371219/detail-03.webp","assets/products/furniture/ORDER-371219/detail-04.webp"
"ORDER-371220","furniture","Furniture and decor product 10","منتج أثاث وديكور 10","家具装饰商品 10","Replace this with polished product copy based on the selected Gulf-market bestseller.","استبدل هذا النص بوصف احترافي للمنتج المناسب لسوق الخليج.","替换为适合海湾市场爆品的正式商品描述。","$99-$199","$75","$65","$55","assets/products/furniture/ORDER-371220/main.webp","assets/products/furniture/ORDER-371220/detail-01.webp","assets/products/furniture/ORDER-371220/detail-02.webp","assets/products/furniture/ORDER-371220/detail-03.webp","assets/products/furniture/ORDER-371220/detail-04.webp"
"ORDER-371221","furniture","Furniture and decor product 11","منتج أثاث وديكور 11","家具装饰商品 11","Replace this with polished product copy based on the selected Gulf-market bestseller.","استبدل هذا النص بوصف احترافي للمنتج المناسب لسوق الخليج.","替换为适合海湾市场爆品的正式商品描述。","$99-$199","$75","$65","$55","assets/products/furniture/ORDER-371221/main.webp","assets/products/furniture/ORDER-371221/detail-01.webp","assets/products/furniture/ORDER-371221/detail-02.webp","assets/products/furniture/ORDER-371221/detail-03.webp","assets/products/furniture/ORDER-371221/detail-04.webp"
"ORDER-371222","furniture","Furniture and decor product 12","منتج أثاث وديكور 12","家具装饰商品 12","Replace this with polished product copy based on the selected Gulf-market bestseller.","استبدل هذا النص بوصف احترافي للمنتج المناسب لسوق الخليج.","替换为适合海湾市场爆品的正式商品描述。","$99-$199","$75","$65","$55","assets/products/furniture/ORDER-371222/main.webp","assets/products/furniture/ORDER-371222/detail-01.webp","assets/products/furniture/ORDER-371222/detail-02.webp","assets/products/furniture/ORDER-371222/detail-03.webp","assets/products/furniture/ORDER-371222/detail-04.webp"
"ORDER-371223","furniture","Furniture and decor product 13","منتج أثاث وديكور 13","家具装饰商品 13","Replace this with polished product copy based on the selected Gulf-market bestseller.","استبدل هذا النص بوصف احترافي للمنتج المناسب لسوق الخليج.","替换为适合海湾市场爆品的正式商品描述。","$99-$199","$75","$65","$55","assets/products/furniture/ORDER-371223/main.webp","assets/products/furniture/ORDER-371223/detail-01.webp","assets/products/furniture/ORDER-371223/detail-02.webp","assets/products/furniture/ORDER-371223/detail-03.webp","assets/products/furniture/ORDER-371223/detail-04.webp"
"ORDER-371224","furniture","Furniture and decor product 14","منتج أثاث وديكور 14","家具装饰商品 14","Replace this with polished product copy based on the selected Gulf-market bestseller.","استبدل هذا النص بوصف احترافي للمنتج المناسب لسوق الخليج.","替换为适合海湾市场爆品的正式商品描述。","$99-$199","$75","$65","$55","assets/products/furniture/ORDER-371224/main.webp","assets/products/furniture/ORDER-371224/detail-01.webp","assets/products/furniture/ORDER-371224/detail-02.webp","assets/products/furniture/ORDER-371224/detail-03.webp","assets/products/furniture/ORDER-371224/detail-04.webp"
"ORDER-371225","furniture","Furniture and decor product 15","منتج أثاث وديكور 15","家具装饰商品 15","Replace this with polished product copy based on the selected Gulf-market bestseller.","استبدل هذا النص بوصف احترافي للمنتج المناسب لسوق الخليج.","替换为适合海湾市场爆品的正式商品描述。","$99-$199","$75","$65","$55","assets/products/furniture/ORDER-371225/main.webp","assets/products/furniture/ORDER-371225/detail-01.webp","assets/products/furniture/ORDER-371225/detail-02.webp","assets/products/furniture/ORDER-371225/detail-03.webp","assets/products/furniture/ORDER-371225/detail-04.webp"
"ORDER-371226","furniture","Furniture and decor product 16","منتج أثاث وديكور 16","家具装饰商品 16","Replace this with polished product copy based on the selected Gulf-market bestseller.","استبدل هذا النص بوصف احترافي للمنتج المناسب لسوق الخليج.","替换为适合海湾市场爆品的正式商品描述。","$99-$199","$75","$65","$55","assets/products/furniture/ORDER-371226/main.webp","assets/products/furniture/ORDER-371226/detail-01.webp","assets/products/furniture/ORDER-371226/detail-02.webp","assets/products/furniture/ORDER-371226/detail-03.webp","assets/products/furniture/ORDER-371226/detail-04.webp"
"ORDER-371227","furniture","Furniture and decor product 17","منتج أثاث وديكور 17","家具装饰商品 17","Replace this with polished product copy based on the selected Gulf-market bestseller.","استبدل هذا النص بوصف احترافي للمنتج المناسب لسوق الخليج.","替换为适合海湾市场爆品的正式商品描述。","$99-$199","$75","$65","$55","assets/products/furniture/ORDER-371227/main.webp","assets/products/furniture/ORDER-371227/detail-01.webp","assets/products/furniture/ORDER-371227/detail-02.webp","assets/products/furniture/ORDER-371227/detail-03.webp","assets/products/furniture/ORDER-371227/detail-04.webp"
"ORDER-371228","furniture","Furniture and decor product 18","منتج أثاث وديكور 18","家具装饰商品 18","Replace this with polished product copy based on the selected Gulf-market bestseller.","استبدل هذا النص بوصف احترافي للمنتج المناسب لسوق الخليج.","替换为适合海湾市场爆品的正式商品描述。","$99-$199","$75","$65","$55","assets/products/furniture/ORDER-371228/main.webp","assets/products/furniture/ORDER-371228/detail-01.webp","assets/products/furniture/ORDER-371228/detail-02.webp","assets/products/furniture/ORDER-371228/detail-03.webp","assets/products/furniture/ORDER-371228/detail-04.webp"
"ORDER-371229","furniture","Furniture and decor product 19","منتج أثاث وديكور 19","家具装饰商品 19","Replace this with polished product copy based on the selected Gulf-market bestseller.","استبدل هذا النص بوصف احترافي للمنتج المناسب لسوق الخليج.","替换为适合海湾市场爆品的正式商品描述。","$99-$199","$75","$65","$55","assets/products/furniture/ORDER-371229/main.webp","assets/products/furniture/ORDER-371229/detail-01.webp","assets/products/furniture/ORDER-371229/detail-02.webp","assets/products/furniture/ORDER-371229/detail-03.webp","assets/products/furniture/ORDER-371229/detail-04.webp"
"ORDER-371230","furniture","Furniture and decor product 20","منتج أثاث وديكور 20","家具装饰商品 20","Replace this with polished product copy based on the selected Gulf-market bestseller.","استبدل هذا النص بوصف احترافي للمنتج المناسب لسوق الخليج.","替换为适合海湾市场爆品的正式商品描述。","$99-$199","$75","$65","$55","assets/products/furniture/ORDER-371230/main.webp","assets/products/furniture/ORDER-371230/detail-01.webp","assets/products/furniture/ORDER-371230/detail-02.webp","assets/products/furniture/ORDER-371230/detail-03.webp","assets/products/furniture/ORDER-371230/detail-04.webp"
"ORDER-371231","furniture","Furniture and decor product 21","منتج أثاث وديكور 21","家具装饰商品 21","Replace this with polished product copy based on the selected Gulf-market bestseller.","استبدل هذا النص بوصف احترافي للمنتج المناسب لسوق الخليج.","替换为适合海湾市场爆品的正式商品描述。","$99-$199","$75","$65","$55","assets/products/furniture/ORDER-371231/main.webp","assets/products/furniture/ORDER-371231/detail-01.webp","assets/products/furniture/ORDER-371231/detail-02.webp","assets/products/furniture/ORDER-371231/detail-03.webp","assets/products/furniture/ORDER-371231/detail-04.webp"
"ORDER-371232","furniture","Furniture and decor product 22","منتج أثاث وديكور 22","家具装饰商品 22","Replace this with polished product copy based on the selected Gulf-market bestseller.","استبدل هذا النص بوصف احترافي للمنتج المناسب لسوق الخليج.","替换为适合海湾市场爆品的正式商品描述。","$99-$199","$75","$65","$55","assets/products/furniture/ORDER-371232/main.webp","assets/products/furniture/ORDER-371232/detail-01.webp","assets/products/furniture/ORDER-371232/detail-02.webp","assets/products/furniture/ORDER-371232/detail-03.webp","assets/products/furniture/ORDER-371232/detail-04.webp"
"ORDER-371233","furniture","Furniture and decor product 23","منتج أثاث وديكور 23","家具装饰商品 23","Replace this with polished product copy based on the selected Gulf-market bestseller.","استبدل هذا النص بوصف احترافي للمنتج المناسب لسوق الخليج.","替换为适合海湾市场爆品的正式商品描述。","$99-$199","$75","$65","$55","assets/products/furniture/ORDER-371233/main.webp","assets/products/furniture/ORDER-371233/detail-01.webp","assets/products/furniture/ORDER-371233/detail-02.webp","assets/products/furniture/ORDER-371233/detail-03.webp","assets/products/furniture/ORDER-371233/detail-04.webp"
"ORDER-371234","furniture","Furniture and decor product 24","منتج أثاث وديكور 24","家具装饰商品 24","Replace this with polished product copy based on the selected Gulf-market bestseller.","استبدل هذا النص بوصف احترافي للمنتج المناسب لسوق الخليج.","替换为适合海湾市场爆品的正式商品描述。","$99-$199","$75","$65","$55","assets/products/furniture/ORDER-371234/main.webp","assets/products/furniture/ORDER-371234/detail-01.webp","assets/products/furniture/ORDER-371234/detail-02.webp","assets/products/furniture/ORDER-371234/detail-03.webp","assets/products/furniture/ORDER-371234/detail-04.webp"
"ORDER-371235","furniture","Furniture and decor product 25","منتج أثاث وديكور 25","家具装饰商品 25","Replace this with polished product copy based on the selected Gulf-market bestseller.","استبدل هذا النص بوصف احترافي للمنتج المناسب لسوق الخليج.","替换为适合海湾市场爆品的正式商品描述。","$99-$199","$75","$65","$55","assets/products/furniture/ORDER-371235/main.webp","assets/products/furniture/ORDER-371235/detail-01.webp","assets/products/furniture/ORDER-371235/detail-02.webp","assets/products/furniture/ORDER-371235/detail-03.webp","assets/products/furniture/ORDER-371235/detail-04.webp"
"ORDER-371236","furniture","Furniture and decor product 26","منتج أثاث وديكور 26","家具装饰商品 26","Replace this with polished product copy based on the selected Gulf-market bestseller.","استبدل هذا النص بوصف احترافي للمنتج المناسب لسوق الخليج.","替换为适合海湾市场爆品的正式商品描述。","$99-$199","$75","$65","$55","assets/products/furniture/ORDER-371236/main.webp","assets/products/furniture/ORDER-371236/detail-01.webp","assets/products/furniture/ORDER-371236/detail-02.webp","assets/products/furniture/ORDER-371236/detail-03.webp","assets/products/furniture/ORDER-371236/detail-04.webp"
"ORDER-371237","furniture","Furniture and decor product 27","منتج أثاث وديكور 27","家具装饰商品 27","Replace this with polished product copy based on the selected Gulf-market bestseller.","استبدل هذا النص بوصف احترافي للمنتج المناسب لسوق الخليج.","替换为适合海湾市场爆品的正式商品描述。","$99-$199","$75","$65","$55","assets/products/furniture/ORDER-371237/main.webp","assets/products/furniture/ORDER-371237/detail-01.webp","assets/products/furniture/ORDER-371237/detail-02.webp","assets/products/furniture/ORDER-371237/detail-03.webp","assets/products/furniture/ORDER-371237/detail-04.webp"
"ORDER-371238","furniture","Furniture and decor product 28","منتج أثاث وديكور 28","家具装饰商品 28","Replace this with polished product copy based on the selected Gulf-market bestseller.","استبدل هذا النص بوصف احترافي للمنتج المناسب لسوق الخليج.","替换为适合海湾市场爆品的正式商品描述。","$99-$199","$75","$65","$55","assets/products/furniture/ORDER-371238/main.webp","assets/products/furniture/ORDER-371238/detail-01.webp","assets/products/furniture/ORDER-371238/detail-02.webp","assets/products/furniture/ORDER-371238/detail-03.webp","assets/products/furniture/ORDER-371238/detail-04.webp"
"ORDER-371239","furniture","Furniture and decor product 29","منتج أثاث وديكور 29","家具装饰商品 29","Replace this with polished product copy based on the selected Gulf-market bestseller.","استبدل هذا النص بوصف احترافي للمنتج المناسب لسوق الخليج.","替换为适合海湾市场爆品的正式商品描述。","$99-$199","$75","$65","$55","assets/products/furniture/ORDER-371239/main.webp","assets/products/furniture/ORDER-371239/detail-01.webp","assets/products/furniture/ORDER-371239/detail-02.webp","assets/products/furniture/ORDER-371239/detail-03.webp","assets/products/furniture/ORDER-371239/detail-04.webp"
"ORDER-371240","furniture","Furniture and decor product 30","منتج أثاث وديكور 30","家具装饰商品 30","Replace this with polished product copy based on the selected Gulf-market bestseller.","استبدل هذا النص بوصف احترافي للمنتج المناسب لسوق الخليج.","替换为适合海湾市场爆品的正式商品描述。","$99-$199","$75","$65","$55","assets/products/furniture/ORDER-371240/main.webp","assets/products/furniture/ORDER-371240/detail-01.webp","assets/products/furniture/ORDER-371240/detail-02.webp","assets/products/furniture/ORDER-371240/detail-03.webp","assets/products/furniture/ORDER-371240/detail-04.webp"
"ORDER-371241","furniture","Furniture and decor product 31","منتج أثاث وديكور 31","家具装饰商品 31","Replace this with polished product copy based on the selected Gulf-market bestseller.","استبدل هذا النص بوصف احترافي للمنتج المناسب لسوق الخليج.","替换为适合海湾市场爆品的正式商品描述。","$99-$199","$75","$65","$55","assets/products/furniture/ORDER-371241/main.webp","assets/products/furniture/ORDER-371241/detail-01.webp","assets/products/furniture/ORDER-371241/detail-02.webp","assets/products/furniture/ORDER-371241/detail-03.webp","assets/products/furniture/ORDER-371241/detail-04.webp"
"ORDER-371242","furniture","Furniture and decor product 32","منتج أثاث وديكور 32","家具装饰商品 32","Replace this with polished product copy based on the selected Gulf-market bestseller.","استبدل هذا النص بوصف احترافي للمنتج المناسب لسوق الخليج.","替换为适合海湾市场爆品的正式商品描述。","$99-$199","$75","$65","$55","assets/products/furniture/ORDER-371242/main.webp","assets/products/furniture/ORDER-371242/detail-01.webp","assets/products/furniture/ORDER-371242/detail-02.webp","assets/products/furniture/ORDER-371242/detail-03.webp","assets/products/furniture/ORDER-371242/detail-04.webp"
"ORDER-371243","furniture","Furniture and decor product 33","منتج أثاث وديكور 33","家具装饰商品 33","Replace this with polished product copy based on the selected Gulf-market bestseller.","استبدل هذا النص بوصف احترافي للمنتج المناسب لسوق الخليج.","替换为适合海湾市场爆品的正式商品描述。","$99-$199","$75","$65","$55","assets/products/furniture/ORDER-371243/main.webp","assets/products/furniture/ORDER-371243/detail-01.webp","assets/products/furniture/ORDER-371243/detail-02.webp","assets/products/furniture/ORDER-371243/detail-03.webp","assets/products/furniture/ORDER-371243/detail-04.webp"
"ORDER-371244","furniture","Furniture and decor product 34","منتج أثاث وديكور 34","家具装饰商品 34","Replace this with polished product copy based on the selected Gulf-market bestseller.","استبدل هذا النص بوصف احترافي للمنتج المناسب لسوق الخليج.","替换为适合海湾市场爆品的正式商品描述。","$99-$199","$75","$65","$55","assets/products/furniture/ORDER-371244/main.webp","assets/products/furniture/ORDER-371244/detail-01.webp","assets/products/furniture/ORDER-371244/detail-02.webp","assets/products/furniture/ORDER-371244/detail-03.webp","assets/products/furniture/ORDER-371244/detail-04.webp"
"ORDER-371245","furniture","Furniture and decor product 35","منتج أثاث وديكور 35","家具装饰商品 35","Replace this with polished product copy based on the selected Gulf-market bestseller.","استبدل هذا النص بوصف احترافي للمنتج المناسب لسوق الخليج.","替换为适合海湾市场爆品的正式商品描述。","$99-$199","$75","$65","$55","assets/products/furniture/ORDER-371245/main.webp","assets/products/furniture/ORDER-371245/detail-01.webp","assets/products/furniture/ORDER-371245/detail-02.webp","assets/products/furniture/ORDER-371245/detail-03.webp","assets/products/furniture/ORDER-371245/detail-04.webp"
"ORDER-371246","furniture","Furniture and decor product 36","منتج أثاث وديكور 36","家具装饰商品 36","Replace this with polished product copy based on the selected Gulf-market bestseller.","استبدل هذا النص بوصف احترافي للمنتج المناسب لسوق الخليج.","替换为适合海湾市场爆品的正式商品描述。","$99-$199","$75","$65","$55","assets/products/furniture/ORDER-371246/main.webp","assets/products/furniture/ORDER-371246/detail-01.webp","assets/products/furniture/ORDER-371246/detail-02.webp","assets/products/furniture/ORDER-371246/detail-03.webp","assets/products/furniture/ORDER-371246/detail-04.webp"
"ORDER-371247","furniture","Furniture and decor product 37","منتج أثاث وديكور 37","家具装饰商品 37","Replace this with polished product copy based on the selected Gulf-market bestseller.","استبدل هذا النص بوصف احترافي للمنتج المناسب لسوق الخليج.","替换为适合海湾市场爆品的正式商品描述。","$99-$199","$75","$65","$55","assets/products/furniture/ORDER-371247/main.webp","assets/products/furniture/ORDER-371247/detail-01.webp","assets/products/furniture/ORDER-371247/detail-02.webp","assets/products/furniture/ORDER-371247/detail-03.webp","assets/products/furniture/ORDER-371247/detail-04.webp"
"ORDER-371248","furniture","Furniture and decor product 38","منتج أثاث وديكور 38","家具装饰商品 38","Replace this with polished product copy based on the selected Gulf-market bestseller.","استبدل هذا النص بوصف احترافي للمنتج المناسب لسوق الخليج.","替换为适合海湾市场爆品的正式商品描述。","$99-$199","$75","$65","$55","assets/products/furniture/ORDER-371248/main.webp","assets/products/furniture/ORDER-371248/detail-01.webp","assets/products/furniture/ORDER-371248/detail-02.webp","assets/products/furniture/ORDER-371248/detail-03.webp","assets/products/furniture/ORDER-371248/detail-04.webp"
"ORDER-371249","furniture","Furniture and decor product 39","منتج أثاث وديكور 39","家具装饰商品 39","Replace this with polished product copy based on the selected Gulf-market bestseller.","استبدل هذا النص بوصف احترافي للمنتج المناسب لسوق الخليج.","替换为适合海湾市场爆品的正式商品描述。","$99-$199","$75","$65","$55","assets/products/furniture/ORDER-371249/main.webp","assets/products/furniture/ORDER-371249/detail-01.webp","assets/products/furniture/ORDER-371249/detail-02.webp","assets/products/furniture/ORDER-371249/detail-03.webp","assets/products/furniture/ORDER-371249/detail-04.webp"
"ORDER-371250","furniture","Furniture and decor product 40","منتج أثاث وديكور 40","家具装饰商品 40","Replace this with polished product copy based on the selected Gulf-market bestseller.","استبدل هذا النص بوصف احترافي للمنتج المناسب لسوق الخليج.","替换为适合海湾市场爆品的正式商品描述。","$99-$199","$75","$65","$55","assets/products/furniture/ORDER-371250/main.webp","assets/products/furniture/ORDER-371250/detail-01.webp","assets/products/furniture/ORDER-371250/detail-02.webp","assets/products/furniture/ORDER-371250/detail-03.webp","assets/products/furniture/ORDER-371250/detail-04.webp"
"ORDER-371251","furniture","Furniture and decor product 41","منتج أثاث وديكور 41","家具装饰商品 41","Replace this with polished product copy based on the selected Gulf-market bestseller.","استبدل هذا النص بوصف احترافي للمنتج المناسب لسوق الخليج.","替换为适合海湾市场爆品的正式商品描述。","$99-$199","$75","$65","$55","assets/products/furniture/ORDER-371251/main.webp","assets/products/furniture/ORDER-371251/detail-01.webp","assets/products/furniture/ORDER-371251/detail-02.webp","assets/products/furniture/ORDER-371251/detail-03.webp","assets/products/furniture/ORDER-371251/detail-04.webp"
"ORDER-371252","furniture","Furniture and decor product 42","منتج أثاث وديكور 42","家具装饰商品 42","Replace this with polished product copy based on the selected Gulf-market bestseller.","استبدل هذا النص بوصف احترافي للمنتج المناسب لسوق الخليج.","替换为适合海湾市场爆品的正式商品描述。","$99-$199","$75","$65","$55","assets/products/furniture/ORDER-371252/main.webp","assets/products/furniture/ORDER-371252/detail-01.webp","assets/products/furniture/ORDER-371252/detail-02.webp","assets/products/furniture/ORDER-371252/detail-03.webp","assets/products/furniture/ORDER-371252/detail-04.webp"
"ORDER-371253","furniture","Furniture and decor product 43","منتج أثاث وديكور 43","家具装饰商品 43","Replace this with polished product copy based on the selected Gulf-market bestseller.","استبدل هذا النص بوصف احترافي للمنتج المناسب لسوق الخليج.","替换为适合海湾市场爆品的正式商品描述。","$99-$199","$75","$65","$55","assets/products/furniture/ORDER-371253/main.webp","assets/products/furniture/ORDER-371253/detail-01.webp","assets/products/furniture/ORDER-371253/detail-02.webp","assets/products/furniture/ORDER-371253/detail-03.webp","assets/products/furniture/ORDER-371253/detail-04.webp"
"ORDER-371254","furniture","Furniture and decor product 44","منتج أثاث وديكور 44","家具装饰商品 44","Replace this with polished product copy based on the selected Gulf-market bestseller.","استبدل هذا النص بوصف احترافي للمنتج المناسب لسوق الخليج.","替换为适合海湾市场爆品的正式商品描述。","$99-$199","$75","$65","$55","assets/products/furniture/ORDER-371254/main.webp","assets/products/furniture/ORDER-371254/detail-01.webp","assets/products/furniture/ORDER-371254/detail-02.webp","assets/products/furniture/ORDER-371254/detail-03.webp","assets/products/furniture/ORDER-371254/detail-04.webp"
"ORDER-371255","furniture","Furniture and decor product 45","منتج أثاث وديكور 45","家具装饰商品 45","Replace this with polished product copy based on the selected Gulf-market bestseller.","استبدل هذا النص بوصف احترافي للمنتج المناسب لسوق الخليج.","替换为适合海湾市场爆品的正式商品描述。","$99-$199","$75","$65","$55","assets/products/furniture/ORDER-371255/main.webp","assets/products/furniture/ORDER-371255/detail-01.webp","assets/products/furniture/ORDER-371255/detail-02.webp","assets/products/furniture/ORDER-371255/detail-03.webp","assets/products/furniture/ORDER-371255/detail-04.webp"
"ORDER-371256","furniture","Furniture and decor product 46","منتج أثاث وديكور 46","家具装饰商品 46","Replace this with polished product copy based on the selected Gulf-market bestseller.","استبدل هذا النص بوصف احترافي للمنتج المناسب لسوق الخليج.","替换为适合海湾市场爆品的正式商品描述。","$99-$199","$75","$65","$55","assets/products/furniture/ORDER-371256/main.webp","assets/products/furniture/ORDER-371256/detail-01.webp","assets/products/furniture/ORDER-371256/detail-02.webp","assets/products/furniture/ORDER-371256/detail-03.webp","assets/products/furniture/ORDER-371256/detail-04.webp"
"ORDER-371257","furniture","Furniture and decor product 47","منتج أثاث وديكور 47","家具装饰商品 47","Replace this with polished product copy based on the selected Gulf-market bestseller.","استبدل هذا النص بوصف احترافي للمنتج المناسب لسوق الخليج.","替换为适合海湾市场爆品的正式商品描述。","$99-$199","$75","$65","$55","assets/products/furniture/ORDER-371257/main.webp","assets/products/furniture/ORDER-371257/detail-01.webp","assets/products/furniture/ORDER-371257/detail-02.webp","assets/products/furniture/ORDER-371257/detail-03.webp","assets/products/furniture/ORDER-371257/detail-04.webp"
"ORDER-371258","furniture","Furniture and decor product 48","منتج أثاث وديكور 48","家具装饰商品 48","Replace this with polished product copy based on the selected Gulf-market bestseller.","استبدل هذا النص بوصف احترافي للمنتج المناسب لسوق الخليج.","替换为适合海湾市场爆品的正式商品描述。","$99-$199","$75","$65","$55","assets/products/furniture/ORDER-371258/main.webp","assets/products/furniture/ORDER-371258/detail-01.webp","assets/products/furniture/ORDER-371258/detail-02.webp","assets/products/furniture/ORDER-371258/detail-03.webp","assets/products/furniture/ORDER-371258/detail-04.webp"
"ORDER-371259","furniture","Furniture and decor product 49","منتج أثاث وديكور 49","家具装饰商品 49","Replace this with polished product copy based on the selected Gulf-market bestseller.","استبدل هذا النص بوصف احترافي للمنتج المناسب لسوق الخليج.","替换为适合海湾市场爆品的正式商品描述。","$99-$199","$75","$65","$55","assets/products/furniture/ORDER-371259/main.webp","assets/products/furniture/ORDER-371259/detail-01.webp","assets/products/furniture/ORDER-371259/detail-02.webp","assets/products/furniture/ORDER-371259/detail-03.webp","assets/products/furniture/ORDER-371259/detail-04.webp"
"ORDER-371260","furniture","Furniture and decor product 50","منتج أثاث وديكور 50","家具装饰商品 50","Replace this with polished product copy based on the selected Gulf-market bestseller.","استبدل هذا النص بوصف احترافي للمنتج المناسب لسوق الخليج.","替换为适合海湾市场爆品的正式商品描述。","$99-$199","$75","$65","$55","assets/products/furniture/ORDER-371260/main.webp","assets/products/furniture/ORDER-371260/detail-01.webp","assets/products/furniture/ORDER-371260/detail-02.webp","assets/products/furniture/ORDER-371260/detail-03.webp","assets/products/furniture/ORDER-371260/detail-04.webp"
"ORDER-371261","auto","Auto accessory product 1","منتج إكسسوارات السيارات 1","汽车用品商品 1","Replace this with polished product copy based on the selected Gulf-market bestseller.","استبدل هذا النص بوصف احترافي للمنتج المناسب لسوق الخليج.","替换为适合海湾市场爆品的正式商品描述。","$99-$199","$75","$65","$55","assets/products/auto/ORDER-371261/main.webp","assets/products/auto/ORDER-371261/detail-01.webp","assets/products/auto/ORDER-371261/detail-02.webp","assets/products/auto/ORDER-371261/detail-03.webp","assets/products/auto/ORDER-371261/detail-04.webp"
"ORDER-371262","auto","Auto accessory product 2","منتج إكسسوارات السيارات 2","汽车用品商品 2","Replace this with polished product copy based on the selected Gulf-market bestseller.","استبدل هذا النص بوصف احترافي للمنتج المناسب لسوق الخليج.","替换为适合海湾市场爆品的正式商品描述。","$99-$199","$75","$65","$55","assets/products/auto/ORDER-371262/main.webp","assets/products/auto/ORDER-371262/detail-01.webp","assets/products/auto/ORDER-371262/detail-02.webp","assets/products/auto/ORDER-371262/detail-03.webp","assets/products/auto/ORDER-371262/detail-04.webp"
"ORDER-371263","auto","Auto accessory product 3","منتج إكسسوارات السيارات 3","汽车用品商品 3","Replace this with polished product copy based on the selected Gulf-market bestseller.","استبدل هذا النص بوصف احترافي للمنتج المناسب لسوق الخليج.","替换为适合海湾市场爆品的正式商品描述。","$99-$199","$75","$65","$55","assets/products/auto/ORDER-371263/main.webp","assets/products/auto/ORDER-371263/detail-01.webp","assets/products/auto/ORDER-371263/detail-02.webp","assets/products/auto/ORDER-371263/detail-03.webp","assets/products/auto/ORDER-371263/detail-04.webp"
"ORDER-371264","auto","Auto accessory product 4","منتج إكسسوارات السيارات 4","汽车用品商品 4","Replace this with polished product copy based on the selected Gulf-market bestseller.","استبدل هذا النص بوصف احترافي للمنتج المناسب لسوق الخليج.","替换为适合海湾市场爆品的正式商品描述。","$99-$199","$75","$65","$55","assets/products/auto/ORDER-371264/main.webp","assets/products/auto/ORDER-371264/detail-01.webp","assets/products/auto/ORDER-371264/detail-02.webp","assets/products/auto/ORDER-371264/detail-03.webp","assets/products/auto/ORDER-371264/detail-04.webp"
"ORDER-371265","auto","Auto accessory product 5","منتج إكسسوارات السيارات 5","汽车用品商品 5","Replace this with polished product copy based on the selected Gulf-market bestseller.","استبدل هذا النص بوصف احترافي للمنتج المناسب لسوق الخليج.","替换为适合海湾市场爆品的正式商品描述。","$99-$199","$75","$65","$55","assets/products/auto/ORDER-371265/main.webp","assets/products/auto/ORDER-371265/detail-01.webp","assets/products/auto/ORDER-371265/detail-02.webp","assets/products/auto/ORDER-371265/detail-03.webp","assets/products/auto/ORDER-371265/detail-04.webp"
"ORDER-371266","auto","Auto accessory product 6","منتج إكسسوارات السيارات 6","汽车用品商品 6","Replace this with polished product copy based on the selected Gulf-market bestseller.","استبدل هذا النص بوصف احترافي للمنتج المناسب لسوق الخليج.","替换为适合海湾市场爆品的正式商品描述。","$99-$199","$75","$65","$55","assets/products/auto/ORDER-371266/main.webp","assets/products/auto/ORDER-371266/detail-01.webp","assets/products/auto/ORDER-371266/detail-02.webp","assets/products/auto/ORDER-371266/detail-03.webp","assets/products/auto/ORDER-371266/detail-04.webp"
"ORDER-371267","auto","Auto accessory product 7","منتج إكسسوارات السيارات 7","汽车用品商品 7","Replace this with polished product copy based on the selected Gulf-market bestseller.","استبدل هذا النص بوصف احترافي للمنتج المناسب لسوق الخليج.","替换为适合海湾市场爆品的正式商品描述。","$99-$199","$75","$65","$55","assets/products/auto/ORDER-371267/main.webp","assets/products/auto/ORDER-371267/detail-01.webp","assets/products/auto/ORDER-371267/detail-02.webp","assets/products/auto/ORDER-371267/detail-03.webp","assets/products/auto/ORDER-371267/detail-04.webp"
"ORDER-371268","auto","Auto accessory product 8","منتج إكسسوارات السيارات 8","汽车用品商品 8","Replace this with polished product copy based on the selected Gulf-market bestseller.","استبدل هذا النص بوصف احترافي للمنتج المناسب لسوق الخليج.","替换为适合海湾市场爆品的正式商品描述。","$99-$199","$75","$65","$55","assets/products/auto/ORDER-371268/main.webp","assets/products/auto/ORDER-371268/detail-01.webp","assets/products/auto/ORDER-371268/detail-02.webp","assets/products/auto/ORDER-371268/detail-03.webp","assets/products/auto/ORDER-371268/detail-04.webp"
"ORDER-371269","auto","Auto accessory product 9","منتج إكسسوارات السيارات 9","汽车用品商品 9","Replace this with polished product copy based on the selected Gulf-market bestseller.","استبدل هذا النص بوصف احترافي للمنتج المناسب لسوق الخليج.","替换为适合海湾市场爆品的正式商品描述。","$99-$199","$75","$65","$55","assets/products/auto/ORDER-371269/main.webp","assets/products/auto/ORDER-371269/detail-01.webp","assets/products/auto/ORDER-371269/detail-02.webp","assets/products/auto/ORDER-371269/detail-03.webp","assets/products/auto/ORDER-371269/detail-04.webp"
"ORDER-371270","auto","Auto accessory product 10","منتج إكسسوارات السيارات 10","汽车用品商品 10","Replace this with polished product copy based on the selected Gulf-market bestseller.","استبدل هذا النص بوصف احترافي للمنتج المناسب لسوق الخليج.","替换为适合海湾市场爆品的正式商品描述。","$99-$199","$75","$65","$55","assets/products/auto/ORDER-371270/main.webp","assets/products/auto/ORDER-371270/detail-01.webp","assets/products/auto/ORDER-371270/detail-02.webp","assets/products/auto/ORDER-371270/detail-03.webp","assets/products/auto/ORDER-371270/detail-04.webp"
"ORDER-371271","auto","Auto accessory product 11","منتج إكسسوارات السيارات 11","汽车用品商品 11","Replace this with polished product copy based on the selected Gulf-market bestseller.","استبدل هذا النص بوصف احترافي للمنتج المناسب لسوق الخليج.","替换为适合海湾市场爆品的正式商品描述。","$99-$199","$75","$65","$55","assets/products/auto/ORDER-371271/main.webp","assets/products/auto/ORDER-371271/detail-01.webp","assets/products/auto/ORDER-371271/detail-02.webp","assets/products/auto/ORDER-371271/detail-03.webp","assets/products/auto/ORDER-371271/detail-04.webp"
"ORDER-371272","auto","Auto accessory product 12","منتج إكسسوارات السيارات 12","汽车用品商品 12","Replace this with polished product copy based on the selected Gulf-market bestseller.","استبدل هذا النص بوصف احترافي للمنتج المناسب لسوق الخليج.","替换为适合海湾市场爆品的正式商品描述。","$99-$199","$75","$65","$55","assets/products/auto/ORDER-371272/main.webp","assets/products/auto/ORDER-371272/detail-01.webp","assets/products/auto/ORDER-371272/detail-02.webp","assets/products/auto/ORDER-371272/detail-03.webp","assets/products/auto/ORDER-371272/detail-04.webp"
"ORDER-371273","auto","Auto accessory product 13","منتج إكسسوارات السيارات 13","汽车用品商品 13","Replace this with polished product copy based on the selected Gulf-market bestseller.","استبدل هذا النص بوصف احترافي للمنتج المناسب لسوق الخليج.","替换为适合海湾市场爆品的正式商品描述。","$99-$199","$75","$65","$55","assets/products/auto/ORDER-371273/main.webp","assets/products/auto/ORDER-371273/detail-01.webp","assets/products/auto/ORDER-371273/detail-02.webp","assets/products/auto/ORDER-371273/detail-03.webp","assets/products/auto/ORDER-371273/detail-04.webp"
"ORDER-371274","auto","Auto accessory product 14","منتج إكسسوارات السيارات 14","汽车用品商品 14","Replace this with polished product copy based on the selected Gulf-market bestseller.","استبدل هذا النص بوصف احترافي للمنتج المناسب لسوق الخليج.","替换为适合海湾市场爆品的正式商品描述。","$99-$199","$75","$65","$55","assets/products/auto/ORDER-371274/main.webp","assets/products/auto/ORDER-371274/detail-01.webp","assets/products/auto/ORDER-371274/detail-02.webp","assets/products/auto/ORDER-371274/detail-03.webp","assets/products/auto/ORDER-371274/detail-04.webp"
"ORDER-371275","auto","Auto accessory product 15","منتج إكسسوارات السيارات 15","汽车用品商品 15","Replace this with polished product copy based on the selected Gulf-market bestseller.","استبدل هذا النص بوصف احترافي للمنتج المناسب لسوق الخليج.","替换为适合海湾市场爆品的正式商品描述。","$99-$199","$75","$65","$55","assets/products/auto/ORDER-371275/main.webp","assets/products/auto/ORDER-371275/detail-01.webp","assets/products/auto/ORDER-371275/detail-02.webp","assets/products/auto/ORDER-371275/detail-03.webp","assets/products/auto/ORDER-371275/detail-04.webp"
"ORDER-371276","auto","Auto accessory product 16","منتج إكسسوارات السيارات 16","汽车用品商品 16","Replace this with polished product copy based on the selected Gulf-market bestseller.","استبدل هذا النص بوصف احترافي للمنتج المناسب لسوق الخليج.","替换为适合海湾市场爆品的正式商品描述。","$99-$199","$75","$65","$55","assets/products/auto/ORDER-371276/main.webp","assets/products/auto/ORDER-371276/detail-01.webp","assets/products/auto/ORDER-371276/detail-02.webp","assets/products/auto/ORDER-371276/detail-03.webp","assets/products/auto/ORDER-371276/detail-04.webp"
"ORDER-371277","auto","Auto accessory product 17","منتج إكسسوارات السيارات 17","汽车用品商品 17","Replace this with polished product copy based on the selected Gulf-market bestseller.","استبدل هذا النص بوصف احترافي للمنتج المناسب لسوق الخليج.","替换为适合海湾市场爆品的正式商品描述。","$99-$199","$75","$65","$55","assets/products/auto/ORDER-371277/main.webp","assets/products/auto/ORDER-371277/detail-01.webp","assets/products/auto/ORDER-371277/detail-02.webp","assets/products/auto/ORDER-371277/detail-03.webp","assets/products/auto/ORDER-371277/detail-04.webp"
"ORDER-371278","auto","Auto accessory product 18","منتج إكسسوارات السيارات 18","汽车用品商品 18","Replace this with polished product copy based on the selected Gulf-market bestseller.","استبدل هذا النص بوصف احترافي للمنتج المناسب لسوق الخليج.","替换为适合海湾市场爆品的正式商品描述。","$99-$199","$75","$65","$55","assets/products/auto/ORDER-371278/main.webp","assets/products/auto/ORDER-371278/detail-01.webp","assets/products/auto/ORDER-371278/detail-02.webp","assets/products/auto/ORDER-371278/detail-03.webp","assets/products/auto/ORDER-371278/detail-04.webp"
"ORDER-371279","auto","Auto accessory product 19","منتج إكسسوارات السيارات 19","汽车用品商品 19","Replace this with polished product copy based on the selected Gulf-market bestseller.","استبدل هذا النص بوصف احترافي للمنتج المناسب لسوق الخليج.","替换为适合海湾市场爆品的正式商品描述。","$99-$199","$75","$65","$55","assets/products/auto/ORDER-371279/main.webp","assets/products/auto/ORDER-371279/detail-01.webp","assets/products/auto/ORDER-371279/detail-02.webp","assets/products/auto/ORDER-371279/detail-03.webp","assets/products/auto/ORDER-371279/detail-04.webp"
"ORDER-371280","auto","Auto accessory product 20","منتج إكسسوارات السيارات 20","汽车用品商品 20","Replace this with polished product copy based on the selected Gulf-market bestseller.","استبدل هذا النص بوصف احترافي للمنتج المناسب لسوق الخليج.","替换为适合海湾市场爆品的正式商品描述。","$99-$199","$75","$65","$55","assets/products/auto/ORDER-371280/main.webp","assets/products/auto/ORDER-371280/detail-01.webp","assets/products/auto/ORDER-371280/detail-02.webp","assets/products/auto/ORDER-371280/detail-03.webp","assets/products/auto/ORDER-371280/detail-04.webp"
"ORDER-371281","auto","Auto accessory product 21","منتج إكسسوارات السيارات 21","汽车用品商品 21","Replace this with polished product copy based on the selected Gulf-market bestseller.","استبدل هذا النص بوصف احترافي للمنتج المناسب لسوق الخليج.","替换为适合海湾市场爆品的正式商品描述。","$99-$199","$75","$65","$55","assets/products/auto/ORDER-371281/main.webp","assets/products/auto/ORDER-371281/detail-01.webp","assets/products/auto/ORDER-371281/detail-02.webp","assets/products/auto/ORDER-371281/detail-03.webp","assets/products/auto/ORDER-371281/detail-04.webp"
"ORDER-371282","auto","Auto accessory product 22","منتج إكسسوارات السيارات 22","汽车用品商品 22","Replace this with polished product copy based on the selected Gulf-market bestseller.","استبدل هذا النص بوصف احترافي للمنتج المناسب لسوق الخليج.","替换为适合海湾市场爆品的正式商品描述。","$99-$199","$75","$65","$55","assets/products/auto/ORDER-371282/main.webp","assets/products/auto/ORDER-371282/detail-01.webp","assets/products/auto/ORDER-371282/detail-02.webp","assets/products/auto/ORDER-371282/detail-03.webp","assets/products/auto/ORDER-371282/detail-04.webp"
"ORDER-371283","auto","Auto accessory product 23","منتج إكسسوارات السيارات 23","汽车用品商品 23","Replace this with polished product copy based on the selected Gulf-market bestseller.","استبدل هذا النص بوصف احترافي للمنتج المناسب لسوق الخليج.","替换为适合海湾市场爆品的正式商品描述。","$99-$199","$75","$65","$55","assets/products/auto/ORDER-371283/main.webp","assets/products/auto/ORDER-371283/detail-01.webp","assets/products/auto/ORDER-371283/detail-02.webp","assets/products/auto/ORDER-371283/detail-03.webp","assets/products/auto/ORDER-371283/detail-04.webp"
"ORDER-371284","auto","Auto accessory product 24","منتج إكسسوارات السيارات 24","汽车用品商品 24","Replace this with polished product copy based on the selected Gulf-market bestseller.","استبدل هذا النص بوصف احترافي للمنتج المناسب لسوق الخليج.","替换为适合海湾市场爆品的正式商品描述。","$99-$199","$75","$65","$55","assets/products/auto/ORDER-371284/main.webp","assets/products/auto/ORDER-371284/detail-01.webp","assets/products/auto/ORDER-371284/detail-02.webp","assets/products/auto/ORDER-371284/detail-03.webp","assets/products/auto/ORDER-371284/detail-04.webp"
"ORDER-371285","auto","Auto accessory product 25","منتج إكسسوارات السيارات 25","汽车用品商品 25","Replace this with polished product copy based on the selected Gulf-market bestseller.","استبدل هذا النص بوصف احترافي للمنتج المناسب لسوق الخليج.","替换为适合海湾市场爆品的正式商品描述。","$99-$199","$75","$65","$55","assets/products/auto/ORDER-371285/main.webp","assets/products/auto/ORDER-371285/detail-01.webp","assets/products/auto/ORDER-371285/detail-02.webp","assets/products/auto/ORDER-371285/detail-03.webp","assets/products/auto/ORDER-371285/detail-04.webp"
"ORDER-371286","auto","Auto accessory product 26","منتج إكسسوارات السيارات 26","汽车用品商品 26","Replace this with polished product copy based on the selected Gulf-market bestseller.","استبدل هذا النص بوصف احترافي للمنتج المناسب لسوق الخليج.","替换为适合海湾市场爆品的正式商品描述。","$99-$199","$75","$65","$55","assets/products/auto/ORDER-371286/main.webp","assets/products/auto/ORDER-371286/detail-01.webp","assets/products/auto/ORDER-371286/detail-02.webp","assets/products/auto/ORDER-371286/detail-03.webp","assets/products/auto/ORDER-371286/detail-04.webp"
"ORDER-371287","auto","Auto accessory product 27","منتج إكسسوارات السيارات 27","汽车用品商品 27","Replace this with polished product copy based on the selected Gulf-market bestseller.","استبدل هذا النص بوصف احترافي للمنتج المناسب لسوق الخليج.","替换为适合海湾市场爆品的正式商品描述。","$99-$199","$75","$65","$55","assets/products/auto/ORDER-371287/main.webp","assets/products/auto/ORDER-371287/detail-01.webp","assets/products/auto/ORDER-371287/detail-02.webp","assets/products/auto/ORDER-371287/detail-03.webp","assets/products/auto/ORDER-371287/detail-04.webp"
"ORDER-371288","auto","Auto accessory product 28","منتج إكسسوارات السيارات 28","汽车用品商品 28","Replace this with polished product copy based on the selected Gulf-market bestseller.","استبدل هذا النص بوصف احترافي للمنتج المناسب لسوق الخليج.","替换为适合海湾市场爆品的正式商品描述。","$99-$199","$75","$65","$55","assets/products/auto/ORDER-371288/main.webp","assets/products/auto/ORDER-371288/detail-01.webp","assets/products/auto/ORDER-371288/detail-02.webp","assets/products/auto/ORDER-371288/detail-03.webp","assets/products/auto/ORDER-371288/detail-04.webp"
"ORDER-371289","auto","Auto accessory product 29","منتج إكسسوارات السيارات 29","汽车用品商品 29","Replace this with polished product copy based on the selected Gulf-market bestseller.","استبدل هذا النص بوصف احترافي للمنتج المناسب لسوق الخليج.","替换为适合海湾市场爆品的正式商品描述。","$99-$199","$75","$65","$55","assets/products/auto/ORDER-371289/main.webp","assets/products/auto/ORDER-371289/detail-01.webp","assets/products/auto/ORDER-371289/detail-02.webp","assets/products/auto/ORDER-371289/detail-03.webp","assets/products/auto/ORDER-371289/detail-04.webp"
"ORDER-371290","auto","Auto accessory product 30","منتج إكسسوارات السيارات 30","汽车用品商品 30","Replace this with polished product copy based on the selected Gulf-market bestseller.","استبدل هذا النص بوصف احترافي للمنتج المناسب لسوق الخليج.","替换为适合海湾市场爆品的正式商品描述。","$99-$199","$75","$65","$55","assets/products/auto/ORDER-371290/main.webp","assets/products/auto/ORDER-371290/detail-01.webp","assets/products/auto/ORDER-371290/detail-02.webp","assets/products/auto/ORDER-371290/detail-03.webp","assets/products/auto/ORDER-371290/detail-04.webp"
"ORDER-371291","auto","Auto accessory product 31","منتج إكسسوارات السيارات 31","汽车用品商品 31","Replace this with polished product copy based on the selected Gulf-market bestseller.","استبدل هذا النص بوصف احترافي للمنتج المناسب لسوق الخليج.","替换为适合海湾市场爆品的正式商品描述。","$99-$199","$75","$65","$55","assets/products/auto/ORDER-371291/main.webp","assets/products/auto/ORDER-371291/detail-01.webp","assets/products/auto/ORDER-371291/detail-02.webp","assets/products/auto/ORDER-371291/detail-03.webp","assets/products/auto/ORDER-371291/detail-04.webp"
"ORDER-371292","auto","Auto accessory product 32","منتج إكسسوارات السيارات 32","汽车用品商品 32","Replace this with polished product copy based on the selected Gulf-market bestseller.","استبدل هذا النص بوصف احترافي للمنتج المناسب لسوق الخليج.","替换为适合海湾市场爆品的正式商品描述。","$99-$199","$75","$65","$55","assets/products/auto/ORDER-371292/main.webp","assets/products/auto/ORDER-371292/detail-01.webp","assets/products/auto/ORDER-371292/detail-02.webp","assets/products/auto/ORDER-371292/detail-03.webp","assets/products/auto/ORDER-371292/detail-04.webp"
"ORDER-371293","auto","Auto accessory product 33","منتج إكسسوارات السيارات 33","汽车用品商品 33","Replace this with polished product copy based on the selected Gulf-market bestseller.","استبدل هذا النص بوصف احترافي للمنتج المناسب لسوق الخليج.","替换为适合海湾市场爆品的正式商品描述。","$99-$199","$75","$65","$55","assets/products/auto/ORDER-371293/main.webp","assets/products/auto/ORDER-371293/detail-01.webp","assets/products/auto/ORDER-371293/detail-02.webp","assets/products/auto/ORDER-371293/detail-03.webp","assets/products/auto/ORDER-371293/detail-04.webp"
"ORDER-371294","auto","Auto accessory product 34","منتج إكسسوارات السيارات 34","汽车用品商品 34","Replace this with polished product copy based on the selected Gulf-market bestseller.","استبدل هذا النص بوصف احترافي للمنتج المناسب لسوق الخليج.","替换为适合海湾市场爆品的正式商品描述。","$99-$199","$75","$65","$55","assets/products/auto/ORDER-371294/main.webp","assets/products/auto/ORDER-371294/detail-01.webp","assets/products/auto/ORDER-371294/detail-02.webp","assets/products/auto/ORDER-371294/detail-03.webp","assets/products/auto/ORDER-371294/detail-04.webp"
"ORDER-371295","auto","Auto accessory product 35","منتج إكسسوارات السيارات 35","汽车用品商品 35","Replace this with polished product copy based on the selected Gulf-market bestseller.","استبدل هذا النص بوصف احترافي للمنتج المناسب لسوق الخليج.","替换为适合海湾市场爆品的正式商品描述。","$99-$199","$75","$65","$55","assets/products/auto/ORDER-371295/main.webp","assets/products/auto/ORDER-371295/detail-01.webp","assets/products/auto/ORDER-371295/detail-02.webp","assets/products/auto/ORDER-371295/detail-03.webp","assets/products/auto/ORDER-371295/detail-04.webp"
"ORDER-371296","auto","Auto accessory product 36","منتج إكسسوارات السيارات 36","汽车用品商品 36","Replace this with polished product copy based on the selected Gulf-market bestseller.","استبدل هذا النص بوصف احترافي للمنتج المناسب لسوق الخليج.","替换为适合海湾市场爆品的正式商品描述。","$99-$199","$75","$65","$55","assets/products/auto/ORDER-371296/main.webp","assets/products/auto/ORDER-371296/detail-01.webp","assets/products/auto/ORDER-371296/detail-02.webp","assets/products/auto/ORDER-371296/detail-03.webp","assets/products/auto/ORDER-371296/detail-04.webp"
"ORDER-371297","auto","Auto accessory product 37","منتج إكسسوارات السيارات 37","汽车用品商品 37","Replace this with polished product copy based on the selected Gulf-market bestseller.","استبدل هذا النص بوصف احترافي للمنتج المناسب لسوق الخليج.","替换为适合海湾市场爆品的正式商品描述。","$99-$199","$75","$65","$55","assets/products/auto/ORDER-371297/main.webp","assets/products/auto/ORDER-371297/detail-01.webp","assets/products/auto/ORDER-371297/detail-02.webp","assets/products/auto/ORDER-371297/detail-03.webp","assets/products/auto/ORDER-371297/detail-04.webp"
"ORDER-371298","auto","Auto accessory product 38","منتج إكسسوارات السيارات 38","汽车用品商品 38","Replace this with polished product copy based on the selected Gulf-market bestseller.","استبدل هذا النص بوصف احترافي للمنتج المناسب لسوق الخليج.","替换为适合海湾市场爆品的正式商品描述。","$99-$199","$75","$65","$55","assets/products/auto/ORDER-371298/main.webp","assets/products/auto/ORDER-371298/detail-01.webp","assets/products/auto/ORDER-371298/detail-02.webp","assets/products/auto/ORDER-371298/detail-03.webp","assets/products/auto/ORDER-371298/detail-04.webp"
"ORDER-371299","auto","Auto accessory product 39","منتج إكسسوارات السيارات 39","汽车用品商品 39","Replace this with polished product copy based on the selected Gulf-market bestseller.","استبدل هذا النص بوصف احترافي للمنتج المناسب لسوق الخليج.","替换为适合海湾市场爆品的正式商品描述。","$99-$199","$75","$65","$55","assets/products/auto/ORDER-371299/main.webp","assets/products/auto/ORDER-371299/detail-01.webp","assets/products/auto/ORDER-371299/detail-02.webp","assets/products/auto/ORDER-371299/detail-03.webp","assets/products/auto/ORDER-371299/detail-04.webp"
"ORDER-371300","auto","Auto accessory product 40","منتج إكسسوارات السيارات 40","汽车用品商品 40","Replace this with polished product copy based on the selected Gulf-market bestseller.","استبدل هذا النص بوصف احترافي للمنتج المناسب لسوق الخليج.","替换为适合海湾市场爆品的正式商品描述。","$99-$199","$75","$65","$55","assets/products/auto/ORDER-371300/main.webp","assets/products/auto/ORDER-371300/detail-01.webp","assets/products/auto/ORDER-371300/detail-02.webp","assets/products/auto/ORDER-371300/detail-03.webp","assets/products/auto/ORDER-371300/detail-04.webp"
"ORDER-371301","auto","Auto accessory product 41","منتج إكسسوارات السيارات 41","汽车用品商品 41","Replace this with polished product copy based on the selected Gulf-market bestseller.","استبدل هذا النص بوصف احترافي للمنتج المناسب لسوق الخليج.","替换为适合海湾市场爆品的正式商品描述。","$99-$199","$75","$65","$55","assets/products/auto/ORDER-371301/main.webp","assets/products/auto/ORDER-371301/detail-01.webp","assets/products/auto/ORDER-371301/detail-02.webp","assets/products/auto/ORDER-371301/detail-03.webp","assets/products/auto/ORDER-371301/detail-04.webp"
"ORDER-371302","auto","Auto accessory product 42","منتج إكسسوارات السيارات 42","汽车用品商品 42","Replace this with polished product copy based on the selected Gulf-market bestseller.","استبدل هذا النص بوصف احترافي للمنتج المناسب لسوق الخليج.","替换为适合海湾市场爆品的正式商品描述。","$99-$199","$75","$65","$55","assets/products/auto/ORDER-371302/main.webp","assets/products/auto/ORDER-371302/detail-01.webp","assets/products/auto/ORDER-371302/detail-02.webp","assets/products/auto/ORDER-371302/detail-03.webp","assets/products/auto/ORDER-371302/detail-04.webp"
"ORDER-371303","auto","Auto accessory product 43","منتج إكسسوارات السيارات 43","汽车用品商品 43","Replace this with polished product copy based on the selected Gulf-market bestseller.","استبدل هذا النص بوصف احترافي للمنتج المناسب لسوق الخليج.","替换为适合海湾市场爆品的正式商品描述。","$99-$199","$75","$65","$55","assets/products/auto/ORDER-371303/main.webp","assets/products/auto/ORDER-371303/detail-01.webp","assets/products/auto/ORDER-371303/detail-02.webp","assets/products/auto/ORDER-371303/detail-03.webp","assets/products/auto/ORDER-371303/detail-04.webp"
"ORDER-371304","auto","Auto accessory product 44","منتج إكسسوارات السيارات 44","汽车用品商品 44","Replace this with polished product copy based on the selected Gulf-market bestseller.","استبدل هذا النص بوصف احترافي للمنتج المناسب لسوق الخليج.","替换为适合海湾市场爆品的正式商品描述。","$99-$199","$75","$65","$55","assets/products/auto/ORDER-371304/main.webp","assets/products/auto/ORDER-371304/detail-01.webp","assets/products/auto/ORDER-371304/detail-02.webp","assets/products/auto/ORDER-371304/detail-03.webp","assets/products/auto/ORDER-371304/detail-04.webp"
"ORDER-371305","auto","Auto accessory product 45","منتج إكسسوارات السيارات 45","汽车用品商品 45","Replace this with polished product copy based on the selected Gulf-market bestseller.","استبدل هذا النص بوصف احترافي للمنتج المناسب لسوق الخليج.","替换为适合海湾市场爆品的正式商品描述。","$99-$199","$75","$65","$55","assets/products/auto/ORDER-371305/main.webp","assets/products/auto/ORDER-371305/detail-01.webp","assets/products/auto/ORDER-371305/detail-02.webp","assets/products/auto/ORDER-371305/detail-03.webp","assets/products/auto/ORDER-371305/detail-04.webp"
"ORDER-371306","auto","Auto accessory product 46","منتج إكسسوارات السيارات 46","汽车用品商品 46","Replace this with polished product copy based on the selected Gulf-market bestseller.","استبدل هذا النص بوصف احترافي للمنتج المناسب لسوق الخليج.","替换为适合海湾市场爆品的正式商品描述。","$99-$199","$75","$65","$55","assets/products/auto/ORDER-371306/main.webp","assets/products/auto/ORDER-371306/detail-01.webp","assets/products/auto/ORDER-371306/detail-02.webp","assets/products/auto/ORDER-371306/detail-03.webp","assets/products/auto/ORDER-371306/detail-04.webp"
"ORDER-371307","auto","Auto accessory product 47","منتج إكسسوارات السيارات 47","汽车用品商品 47","Replace this with polished product copy based on the selected Gulf-market bestseller.","استبدل هذا النص بوصف احترافي للمنتج المناسب لسوق الخليج.","替换为适合海湾市场爆品的正式商品描述。","$99-$199","$75","$65","$55","assets/products/auto/ORDER-371307/main.webp","assets/products/auto/ORDER-371307/detail-01.webp","assets/products/auto/ORDER-371307/detail-02.webp","assets/products/auto/ORDER-371307/detail-03.webp","assets/products/auto/ORDER-371307/detail-04.webp"
"ORDER-371308","auto","Auto accessory product 48","منتج إكسسوارات السيارات 48","汽车用品商品 48","Replace this with polished product copy based on the selected Gulf-market bestseller.","استبدل هذا النص بوصف احترافي للمنتج المناسب لسوق الخليج.","替换为适合海湾市场爆品的正式商品描述。","$99-$199","$75","$65","$55","assets/products/auto/ORDER-371308/main.webp","assets/products/auto/ORDER-371308/detail-01.webp","assets/products/auto/ORDER-371308/detail-02.webp","assets/products/auto/ORDER-371308/detail-03.webp","assets/products/auto/ORDER-371308/detail-04.webp"
"ORDER-371309","auto","Auto accessory product 49","منتج إكسسوارات السيارات 49","汽车用品商品 49","Replace this with polished product copy based on the selected Gulf-market bestseller.","استبدل هذا النص بوصف احترافي للمنتج المناسب لسوق الخليج.","替换为适合海湾市场爆品的正式商品描述。","$99-$199","$75","$65","$55","assets/products/auto/ORDER-371309/main.webp","assets/products/auto/ORDER-371309/detail-01.webp","assets/products/auto/ORDER-371309/detail-02.webp","assets/products/auto/ORDER-371309/detail-03.webp","assets/products/auto/ORDER-371309/detail-04.webp"
"ORDER-371310","auto","Auto accessory product 50","منتج إكسسوارات السيارات 50","汽车用品商品 50","Replace this with polished product copy based on the selected Gulf-market bestseller.","استبدل هذا النص بوصف احترافي للمنتج المناسب لسوق الخليج.","替换为适合海湾市场爆品的正式商品描述。","$99-$199","$75","$65","$55","assets/products/auto/ORDER-371310/main.webp","assets/products/auto/ORDER-371310/detail-01.webp","assets/products/auto/ORDER-371310/detail-02.webp","assets/products/auto/ORDER-371310/detail-03.webp","assets/products/auto/ORDER-371310/detail-04.webp"
"ORDER-371311","baby","Mother and baby product 1","منتج الأم والطفل 1","母婴商品 1","Replace this with polished product copy based on the selected Gulf-market bestseller.","استبدل هذا النص بوصف احترافي للمنتج المناسب لسوق الخليج.","替换为适合海湾市场爆品的正式商品描述。","$99-$199","$75","$65","$55","assets/products/baby/ORDER-371311/main.webp","assets/products/baby/ORDER-371311/detail-01.webp","assets/products/baby/ORDER-371311/detail-02.webp","assets/products/baby/ORDER-371311/detail-03.webp","assets/products/baby/ORDER-371311/detail-04.webp"
"ORDER-371312","baby","Mother and baby product 2","منتج الأم والطفل 2","母婴商品 2","Replace this with polished product copy based on the selected Gulf-market bestseller.","استبدل هذا النص بوصف احترافي للمنتج المناسب لسوق الخليج.","替换为适合海湾市场爆品的正式商品描述。","$99-$199","$75","$65","$55","assets/products/baby/ORDER-371312/main.webp","assets/products/baby/ORDER-371312/detail-01.webp","assets/products/baby/ORDER-371312/detail-02.webp","assets/products/baby/ORDER-371312/detail-03.webp","assets/products/baby/ORDER-371312/detail-04.webp"
"ORDER-371313","baby","Mother and baby product 3","منتج الأم والطفل 3","母婴商品 3","Replace this with polished product copy based on the selected Gulf-market bestseller.","استبدل هذا النص بوصف احترافي للمنتج المناسب لسوق الخليج.","替换为适合海湾市场爆品的正式商品描述。","$99-$199","$75","$65","$55","assets/products/baby/ORDER-371313/main.webp","assets/products/baby/ORDER-371313/detail-01.webp","assets/products/baby/ORDER-371313/detail-02.webp","assets/products/baby/ORDER-371313/detail-03.webp","assets/products/baby/ORDER-371313/detail-04.webp"
"ORDER-371314","baby","Mother and baby product 4","منتج الأم والطفل 4","母婴商品 4","Replace this with polished product copy based on the selected Gulf-market bestseller.","استبدل هذا النص بوصف احترافي للمنتج المناسب لسوق الخليج.","替换为适合海湾市场爆品的正式商品描述。","$99-$199","$75","$65","$55","assets/products/baby/ORDER-371314/main.webp","assets/products/baby/ORDER-371314/detail-01.webp","assets/products/baby/ORDER-371314/detail-02.webp","assets/products/baby/ORDER-371314/detail-03.webp","assets/products/baby/ORDER-371314/detail-04.webp"
"ORDER-371315","baby","Mother and baby product 5","منتج الأم والطفل 5","母婴商品 5","Replace this with polished product copy based on the selected Gulf-market bestseller.","استبدل هذا النص بوصف احترافي للمنتج المناسب لسوق الخليج.","替换为适合海湾市场爆品的正式商品描述。","$99-$199","$75","$65","$55","assets/products/baby/ORDER-371315/main.webp","assets/products/baby/ORDER-371315/detail-01.webp","assets/products/baby/ORDER-371315/detail-02.webp","assets/products/baby/ORDER-371315/detail-03.webp","assets/products/baby/ORDER-371315/detail-04.webp"
"ORDER-371316","baby","Mother and baby product 6","منتج الأم والطفل 6","母婴商品 6","Replace this with polished product copy based on the selected Gulf-market bestseller.","استبدل هذا النص بوصف احترافي للمنتج المناسب لسوق الخليج.","替换为适合海湾市场爆品的正式商品描述。","$99-$199","$75","$65","$55","assets/products/baby/ORDER-371316/main.webp","assets/products/baby/ORDER-371316/detail-01.webp","assets/products/baby/ORDER-371316/detail-02.webp","assets/products/baby/ORDER-371316/detail-03.webp","assets/products/baby/ORDER-371316/detail-04.webp"
"ORDER-371317","baby","Mother and baby product 7","منتج الأم والطفل 7","母婴商品 7","Replace this with polished product copy based on the selected Gulf-market bestseller.","استبدل هذا النص بوصف احترافي للمنتج المناسب لسوق الخليج.","替换为适合海湾市场爆品的正式商品描述。","$99-$199","$75","$65","$55","assets/products/baby/ORDER-371317/main.webp","assets/products/baby/ORDER-371317/detail-01.webp","assets/products/baby/ORDER-371317/detail-02.webp","assets/products/baby/ORDER-371317/detail-03.webp","assets/products/baby/ORDER-371317/detail-04.webp"
"ORDER-371318","baby","Mother and baby product 8","منتج الأم والطفل 8","母婴商品 8","Replace this with polished product copy based on the selected Gulf-market bestseller.","استبدل هذا النص بوصف احترافي للمنتج المناسب لسوق الخليج.","替换为适合海湾市场爆品的正式商品描述。","$99-$199","$75","$65","$55","assets/products/baby/ORDER-371318/main.webp","assets/products/baby/ORDER-371318/detail-01.webp","assets/products/baby/ORDER-371318/detail-02.webp","assets/products/baby/ORDER-371318/detail-03.webp","assets/products/baby/ORDER-371318/detail-04.webp"
"ORDER-371319","baby","Mother and baby product 9","منتج الأم والطفل 9","母婴商品 9","Replace this with polished product copy based on the selected Gulf-market bestseller.","استبدل هذا النص بوصف احترافي للمنتج المناسب لسوق الخليج.","替换为适合海湾市场爆品的正式商品描述。","$99-$199","$75","$65","$55","assets/products/baby/ORDER-371319/main.webp","assets/products/baby/ORDER-371319/detail-01.webp","assets/products/baby/ORDER-371319/detail-02.webp","assets/products/baby/ORDER-371319/detail-03.webp","assets/products/baby/ORDER-371319/detail-04.webp"
"ORDER-371320","baby","Mother and baby product 10","منتج الأم والطفل 10","母婴商品 10","Replace this with polished product copy based on the selected Gulf-market bestseller.","استبدل هذا النص بوصف احترافي للمنتج المناسب لسوق الخليج.","替换为适合海湾市场爆品的正式商品描述。","$99-$199","$75","$65","$55","assets/products/baby/ORDER-371320/main.webp","assets/products/baby/ORDER-371320/detail-01.webp","assets/products/baby/ORDER-371320/detail-02.webp","assets/products/baby/ORDER-371320/detail-03.webp","assets/products/baby/ORDER-371320/detail-04.webp"
"ORDER-371321","baby","Mother and baby product 11","منتج الأم والطفل 11","母婴商品 11","Replace this with polished product copy based on the selected Gulf-market bestseller.","استبدل هذا النص بوصف احترافي للمنتج المناسب لسوق الخليج.","替换为适合海湾市场爆品的正式商品描述。","$99-$199","$75","$65","$55","assets/products/baby/ORDER-371321/main.webp","assets/products/baby/ORDER-371321/detail-01.webp","assets/products/baby/ORDER-371321/detail-02.webp","assets/products/baby/ORDER-371321/detail-03.webp","assets/products/baby/ORDER-371321/detail-04.webp"
"ORDER-371322","baby","Mother and baby product 12","منتج الأم والطفل 12","母婴商品 12","Replace this with polished product copy based on the selected Gulf-market bestseller.","استبدل هذا النص بوصف احترافي للمنتج المناسب لسوق الخليج.","替换为适合海湾市场爆品的正式商品描述。","$99-$199","$75","$65","$55","assets/products/baby/ORDER-371322/main.webp","assets/products/baby/ORDER-371322/detail-01.webp","assets/products/baby/ORDER-371322/detail-02.webp","assets/products/baby/ORDER-371322/detail-03.webp","assets/products/baby/ORDER-371322/detail-04.webp"
"ORDER-371323","baby","Mother and baby product 13","منتج الأم والطفل 13","母婴商品 13","Replace this with polished product copy based on the selected Gulf-market bestseller.","استبدل هذا النص بوصف احترافي للمنتج المناسب لسوق الخليج.","替换为适合海湾市场爆品的正式商品描述。","$99-$199","$75","$65","$55","assets/products/baby/ORDER-371323/main.webp","assets/products/baby/ORDER-371323/detail-01.webp","assets/products/baby/ORDER-371323/detail-02.webp","assets/products/baby/ORDER-371323/detail-03.webp","assets/products/baby/ORDER-371323/detail-04.webp"
"ORDER-371324","baby","Mother and baby product 14","منتج الأم والطفل 14","母婴商品 14","Replace this with polished product copy based on the selected Gulf-market bestseller.","استبدل هذا النص بوصف احترافي للمنتج المناسب لسوق الخليج.","替换为适合海湾市场爆品的正式商品描述。","$99-$199","$75","$65","$55","assets/products/baby/ORDER-371324/main.webp","assets/products/baby/ORDER-371324/detail-01.webp","assets/products/baby/ORDER-371324/detail-02.webp","assets/products/baby/ORDER-371324/detail-03.webp","assets/products/baby/ORDER-371324/detail-04.webp"
"ORDER-371325","baby","Mother and baby product 15","منتج الأم والطفل 15","母婴商品 15","Replace this with polished product copy based on the selected Gulf-market bestseller.","استبدل هذا النص بوصف احترافي للمنتج المناسب لسوق الخليج.","替换为适合海湾市场爆品的正式商品描述。","$99-$199","$75","$65","$55","assets/products/baby/ORDER-371325/main.webp","assets/products/baby/ORDER-371325/detail-01.webp","assets/products/baby/ORDER-371325/detail-02.webp","assets/products/baby/ORDER-371325/detail-03.webp","assets/products/baby/ORDER-371325/detail-04.webp"
"ORDER-371326","baby","Mother and baby product 16","منتج الأم والطفل 16","母婴商品 16","Replace this with polished product copy based on the selected Gulf-market bestseller.","استبدل هذا النص بوصف احترافي للمنتج المناسب لسوق الخليج.","替换为适合海湾市场爆品的正式商品描述。","$99-$199","$75","$65","$55","assets/products/baby/ORDER-371326/main.webp","assets/products/baby/ORDER-371326/detail-01.webp","assets/products/baby/ORDER-371326/detail-02.webp","assets/products/baby/ORDER-371326/detail-03.webp","assets/products/baby/ORDER-371326/detail-04.webp"
"ORDER-371327","baby","Mother and baby product 17","منتج الأم والطفل 17","母婴商品 17","Replace this with polished product copy based on the selected Gulf-market bestseller.","استبدل هذا النص بوصف احترافي للمنتج المناسب لسوق الخليج.","替换为适合海湾市场爆品的正式商品描述。","$99-$199","$75","$65","$55","assets/products/baby/ORDER-371327/main.webp","assets/products/baby/ORDER-371327/detail-01.webp","assets/products/baby/ORDER-371327/detail-02.webp","assets/products/baby/ORDER-371327/detail-03.webp","assets/products/baby/ORDER-371327/detail-04.webp"
"ORDER-371328","baby","Mother and baby product 18","منتج الأم والطفل 18","母婴商品 18","Replace this with polished product copy based on the selected Gulf-market bestseller.","استبدل هذا النص بوصف احترافي للمنتج المناسب لسوق الخليج.","替换为适合海湾市场爆品的正式商品描述。","$99-$199","$75","$65","$55","assets/products/baby/ORDER-371328/main.webp","assets/products/baby/ORDER-371328/detail-01.webp","assets/products/baby/ORDER-371328/detail-02.webp","assets/products/baby/ORDER-371328/detail-03.webp","assets/products/baby/ORDER-371328/detail-04.webp"
"ORDER-371329","baby","Mother and baby product 19","منتج الأم والطفل 19","母婴商品 19","Replace this with polished product copy based on the selected Gulf-market bestseller.","استبدل هذا النص بوصف احترافي للمنتج المناسب لسوق الخليج.","替换为适合海湾市场爆品的正式商品描述。","$99-$199","$75","$65","$55","assets/products/baby/ORDER-371329/main.webp","assets/products/baby/ORDER-371329/detail-01.webp","assets/products/baby/ORDER-371329/detail-02.webp","assets/products/baby/ORDER-371329/detail-03.webp","assets/products/baby/ORDER-371329/detail-04.webp"
"ORDER-371330","baby","Mother and baby product 20","منتج الأم والطفل 20","母婴商品 20","Replace this with polished product copy based on the selected Gulf-market bestseller.","استبدل هذا النص بوصف احترافي للمنتج المناسب لسوق الخليج.","替换为适合海湾市场爆品的正式商品描述。","$99-$199","$75","$65","$55","assets/products/baby/ORDER-371330/main.webp","assets/products/baby/ORDER-371330/detail-01.webp","assets/products/baby/ORDER-371330/detail-02.webp","assets/products/baby/ORDER-371330/detail-03.webp","assets/products/baby/ORDER-371330/detail-04.webp"
"ORDER-371331","baby","Mother and baby product 21","منتج الأم والطفل 21","母婴商品 21","Replace this with polished product copy based on the selected Gulf-market bestseller.","استبدل هذا النص بوصف احترافي للمنتج المناسب لسوق الخليج.","替换为适合海湾市场爆品的正式商品描述。","$99-$199","$75","$65","$55","assets/products/baby/ORDER-371331/main.webp","assets/products/baby/ORDER-371331/detail-01.webp","assets/products/baby/ORDER-371331/detail-02.webp","assets/products/baby/ORDER-371331/detail-03.webp","assets/products/baby/ORDER-371331/detail-04.webp"
"ORDER-371332","baby","Mother and baby product 22","منتج الأم والطفل 22","母婴商品 22","Replace this with polished product copy based on the selected Gulf-market bestseller.","استبدل هذا النص بوصف احترافي للمنتج المناسب لسوق الخليج.","替换为适合海湾市场爆品的正式商品描述。","$99-$199","$75","$65","$55","assets/products/baby/ORDER-371332/main.webp","assets/products/baby/ORDER-371332/detail-01.webp","assets/products/baby/ORDER-371332/detail-02.webp","assets/products/baby/ORDER-371332/detail-03.webp","assets/products/baby/ORDER-371332/detail-04.webp"
"ORDER-371333","baby","Mother and baby product 23","منتج الأم والطفل 23","母婴商品 23","Replace this with polished product copy based on the selected Gulf-market bestseller.","استبدل هذا النص بوصف احترافي للمنتج المناسب لسوق الخليج.","替换为适合海湾市场爆品的正式商品描述。","$99-$199","$75","$65","$55","assets/products/baby/ORDER-371333/main.webp","assets/products/baby/ORDER-371333/detail-01.webp","assets/products/baby/ORDER-371333/detail-02.webp","assets/products/baby/ORDER-371333/detail-03.webp","assets/products/baby/ORDER-371333/detail-04.webp"
"ORDER-371334","baby","Mother and baby product 24","منتج الأم والطفل 24","母婴商品 24","Replace this with polished product copy based on the selected Gulf-market bestseller.","استبدل هذا النص بوصف احترافي للمنتج المناسب لسوق الخليج.","替换为适合海湾市场爆品的正式商品描述。","$99-$199","$75","$65","$55","assets/products/baby/ORDER-371334/main.webp","assets/products/baby/ORDER-371334/detail-01.webp","assets/products/baby/ORDER-371334/detail-02.webp","assets/products/baby/ORDER-371334/detail-03.webp","assets/products/baby/ORDER-371334/detail-04.webp"
"ORDER-371335","baby","Mother and baby product 25","منتج الأم والطفل 25","母婴商品 25","Replace this with polished product copy based on the selected Gulf-market bestseller.","استبدل هذا النص بوصف احترافي للمنتج المناسب لسوق الخليج.","替换为适合海湾市场爆品的正式商品描述。","$99-$199","$75","$65","$55","assets/products/baby/ORDER-371335/main.webp","assets/products/baby/ORDER-371335/detail-01.webp","assets/products/baby/ORDER-371335/detail-02.webp","assets/products/baby/ORDER-371335/detail-03.webp","assets/products/baby/ORDER-371335/detail-04.webp"
"ORDER-371336","baby","Mother and baby product 26","منتج الأم والطفل 26","母婴商品 26","Replace this with polished product copy based on the selected Gulf-market bestseller.","استبدل هذا النص بوصف احترافي للمنتج المناسب لسوق الخليج.","替换为适合海湾市场爆品的正式商品描述。","$99-$199","$75","$65","$55","assets/products/baby/ORDER-371336/main.webp","assets/products/baby/ORDER-371336/detail-01.webp","assets/products/baby/ORDER-371336/detail-02.webp","assets/products/baby/ORDER-371336/detail-03.webp","assets/products/baby/ORDER-371336/detail-04.webp"
"ORDER-371337","baby","Mother and baby product 27","منتج الأم والطفل 27","母婴商品 27","Replace this with polished product copy based on the selected Gulf-market bestseller.","استبدل هذا النص بوصف احترافي للمنتج المناسب لسوق الخليج.","替换为适合海湾市场爆品的正式商品描述。","$99-$199","$75","$65","$55","assets/products/baby/ORDER-371337/main.webp","assets/products/baby/ORDER-371337/detail-01.webp","assets/products/baby/ORDER-371337/detail-02.webp","assets/products/baby/ORDER-371337/detail-03.webp","assets/products/baby/ORDER-371337/detail-04.webp"
"ORDER-371338","baby","Mother and baby product 28","منتج الأم والطفل 28","母婴商品 28","Replace this with polished product copy based on the selected Gulf-market bestseller.","استبدل هذا النص بوصف احترافي للمنتج المناسب لسوق الخليج.","替换为适合海湾市场爆品的正式商品描述。","$99-$199","$75","$65","$55","assets/products/baby/ORDER-371338/main.webp","assets/products/baby/ORDER-371338/detail-01.webp","assets/products/baby/ORDER-371338/detail-02.webp","assets/products/baby/ORDER-371338/detail-03.webp","assets/products/baby/ORDER-371338/detail-04.webp"
"ORDER-371339","baby","Mother and baby product 29","منتج الأم والطفل 29","母婴商品 29","Replace this with polished product copy based on the selected Gulf-market bestseller.","استبدل هذا النص بوصف احترافي للمنتج المناسب لسوق الخليج.","替换为适合海湾市场爆品的正式商品描述。","$99-$199","$75","$65","$55","assets/products/baby/ORDER-371339/main.webp","assets/products/baby/ORDER-371339/detail-01.webp","assets/products/baby/ORDER-371339/detail-02.webp","assets/products/baby/ORDER-371339/detail-03.webp","assets/products/baby/ORDER-371339/detail-04.webp"
"ORDER-371340","baby","Mother and baby product 30","منتج الأم والطفل 30","母婴商品 30","Replace this with polished product copy based on the selected Gulf-market bestseller.","استبدل هذا النص بوصف احترافي للمنتج المناسب لسوق الخليج.","替换为适合海湾市场爆品的正式商品描述。","$99-$199","$75","$65","$55","assets/products/baby/ORDER-371340/main.webp","assets/products/baby/ORDER-371340/detail-01.webp","assets/products/baby/ORDER-371340/detail-02.webp","assets/products/baby/ORDER-371340/detail-03.webp","assets/products/baby/ORDER-371340/detail-04.webp"
"ORDER-371341","baby","Mother and baby product 31","منتج الأم والطفل 31","母婴商品 31","Replace this with polished product copy based on the selected Gulf-market bestseller.","استبدل هذا النص بوصف احترافي للمنتج المناسب لسوق الخليج.","替换为适合海湾市场爆品的正式商品描述。","$99-$199","$75","$65","$55","assets/products/baby/ORDER-371341/main.webp","assets/products/baby/ORDER-371341/detail-01.webp","assets/products/baby/ORDER-371341/detail-02.webp","assets/products/baby/ORDER-371341/detail-03.webp","assets/products/baby/ORDER-371341/detail-04.webp"
"ORDER-371342","baby","Mother and baby product 32","منتج الأم والطفل 32","母婴商品 32","Replace this with polished product copy based on the selected Gulf-market bestseller.","استبدل هذا النص بوصف احترافي للمنتج المناسب لسوق الخليج.","替换为适合海湾市场爆品的正式商品描述。","$99-$199","$75","$65","$55","assets/products/baby/ORDER-371342/main.webp","assets/products/baby/ORDER-371342/detail-01.webp","assets/products/baby/ORDER-371342/detail-02.webp","assets/products/baby/ORDER-371342/detail-03.webp","assets/products/baby/ORDER-371342/detail-04.webp"
"ORDER-371343","baby","Mother and baby product 33","منتج الأم والطفل 33","母婴商品 33","Replace this with polished product copy based on the selected Gulf-market bestseller.","استبدل هذا النص بوصف احترافي للمنتج المناسب لسوق الخليج.","替换为适合海湾市场爆品的正式商品描述。","$99-$199","$75","$65","$55","assets/products/baby/ORDER-371343/main.webp","assets/products/baby/ORDER-371343/detail-01.webp","assets/products/baby/ORDER-371343/detail-02.webp","assets/products/baby/ORDER-371343/detail-03.webp","assets/products/baby/ORDER-371343/detail-04.webp"
"ORDER-371344","baby","Mother and baby product 34","منتج الأم والطفل 34","母婴商品 34","Replace this with polished product copy based on the selected Gulf-market bestseller.","استبدل هذا النص بوصف احترافي للمنتج المناسب لسوق الخليج.","替换为适合海湾市场爆品的正式商品描述。","$99-$199","$75","$65","$55","assets/products/baby/ORDER-371344/main.webp","assets/products/baby/ORDER-371344/detail-01.webp","assets/products/baby/ORDER-371344/detail-02.webp","assets/products/baby/ORDER-371344/detail-03.webp","assets/products/baby/ORDER-371344/detail-04.webp"
"ORDER-371345","baby","Mother and baby product 35","منتج الأم والطفل 35","母婴商品 35","Replace this with polished product copy based on the selected Gulf-market bestseller.","استبدل هذا النص بوصف احترافي للمنتج المناسب لسوق الخليج.","替换为适合海湾市场爆品的正式商品描述。","$99-$199","$75","$65","$55","assets/products/baby/ORDER-371345/main.webp","assets/products/baby/ORDER-371345/detail-01.webp","assets/products/baby/ORDER-371345/detail-02.webp","assets/products/baby/ORDER-371345/detail-03.webp","assets/products/baby/ORDER-371345/detail-04.webp"
"ORDER-371346","baby","Mother and baby product 36","منتج الأم والطفل 36","母婴商品 36","Replace this with polished product copy based on the selected Gulf-market bestseller.","استبدل هذا النص بوصف احترافي للمنتج المناسب لسوق الخليج.","替换为适合海湾市场爆品的正式商品描述。","$99-$199","$75","$65","$55","assets/products/baby/ORDER-371346/main.webp","assets/products/baby/ORDER-371346/detail-01.webp","assets/products/baby/ORDER-371346/detail-02.webp","assets/products/baby/ORDER-371346/detail-03.webp","assets/products/baby/ORDER-371346/detail-04.webp"
"ORDER-371347","baby","Mother and baby product 37","منتج الأم والطفل 37","母婴商品 37","Replace this with polished product copy based on the selected Gulf-market bestseller.","استبدل هذا النص بوصف احترافي للمنتج المناسب لسوق الخليج.","替换为适合海湾市场爆品的正式商品描述。","$99-$199","$75","$65","$55","assets/products/baby/ORDER-371347/main.webp","assets/products/baby/ORDER-371347/detail-01.webp","assets/products/baby/ORDER-371347/detail-02.webp","assets/products/baby/ORDER-371347/detail-03.webp","assets/products/baby/ORDER-371347/detail-04.webp"
"ORDER-371348","baby","Mother and baby product 38","منتج الأم والطفل 38","母婴商品 38","Replace this with polished product copy based on the selected Gulf-market bestseller.","استبدل هذا النص بوصف احترافي للمنتج المناسب لسوق الخليج.","替换为适合海湾市场爆品的正式商品描述。","$99-$199","$75","$65","$55","assets/products/baby/ORDER-371348/main.webp","assets/products/baby/ORDER-371348/detail-01.webp","assets/products/baby/ORDER-371348/detail-02.webp","assets/products/baby/ORDER-371348/detail-03.webp","assets/products/baby/ORDER-371348/detail-04.webp"
"ORDER-371349","baby","Mother and baby product 39","منتج الأم والطفل 39","母婴商品 39","Replace this with polished product copy based on the selected Gulf-market bestseller.","استبدل هذا النص بوصف احترافي للمنتج المناسب لسوق الخليج.","替换为适合海湾市场爆品的正式商品描述。","$99-$199","$75","$65","$55","assets/products/baby/ORDER-371349/main.webp","assets/products/baby/ORDER-371349/detail-01.webp","assets/products/baby/ORDER-371349/detail-02.webp","assets/products/baby/ORDER-371349/detail-03.webp","assets/products/baby/ORDER-371349/detail-04.webp"
"ORDER-371350","baby","Mother and baby product 40","منتج الأم والطفل 40","母婴商品 40","Replace this with polished product copy based on the selected Gulf-market bestseller.","استبدل هذا النص بوصف احترافي للمنتج المناسب لسوق الخليج.","替换为适合海湾市场爆品的正式商品描述。","$99-$199","$75","$65","$55","assets/products/baby/ORDER-371350/main.webp","assets/products/baby/ORDER-371350/detail-01.webp","assets/products/baby/ORDER-371350/detail-02.webp","assets/products/baby/ORDER-371350/detail-03.webp","assets/products/baby/ORDER-371350/detail-04.webp"
"ORDER-371351","baby","Mother and baby product 41","منتج الأم والطفل 41","母婴商品 41","Replace this with polished product copy based on the selected Gulf-market bestseller.","استبدل هذا النص بوصف احترافي للمنتج المناسب لسوق الخليج.","替换为适合海湾市场爆品的正式商品描述。","$99-$199","$75","$65","$55","assets/products/baby/ORDER-371351/main.webp","assets/products/baby/ORDER-371351/detail-01.webp","assets/products/baby/ORDER-371351/detail-02.webp","assets/products/baby/ORDER-371351/detail-03.webp","assets/products/baby/ORDER-371351/detail-04.webp"
"ORDER-371352","baby","Mother and baby product 42","منتج الأم والطفل 42","母婴商品 42","Replace this with polished product copy based on the selected Gulf-market bestseller.","استبدل هذا النص بوصف احترافي للمنتج المناسب لسوق الخليج.","替换为适合海湾市场爆品的正式商品描述。","$99-$199","$75","$65","$55","assets/products/baby/ORDER-371352/main.webp","assets/products/baby/ORDER-371352/detail-01.webp","assets/products/baby/ORDER-371352/detail-02.webp","assets/products/baby/ORDER-371352/detail-03.webp","assets/products/baby/ORDER-371352/detail-04.webp"
"ORDER-371353","baby","Mother and baby product 43","منتج الأم والطفل 43","母婴商品 43","Replace this with polished product copy based on the selected Gulf-market bestseller.","استبدل هذا النص بوصف احترافي للمنتج المناسب لسوق الخليج.","替换为适合海湾市场爆品的正式商品描述。","$99-$199","$75","$65","$55","assets/products/baby/ORDER-371353/main.webp","assets/products/baby/ORDER-371353/detail-01.webp","assets/products/baby/ORDER-371353/detail-02.webp","assets/products/baby/ORDER-371353/detail-03.webp","assets/products/baby/ORDER-371353/detail-04.webp"
"ORDER-371354","baby","Mother and baby product 44","منتج الأم والطفل 44","母婴商品 44","Replace this with polished product copy based on the selected Gulf-market bestseller.","استبدل هذا النص بوصف احترافي للمنتج المناسب لسوق الخليج.","替换为适合海湾市场爆品的正式商品描述。","$99-$199","$75","$65","$55","assets/products/baby/ORDER-371354/main.webp","assets/products/baby/ORDER-371354/detail-01.webp","assets/products/baby/ORDER-371354/detail-02.webp","assets/products/baby/ORDER-371354/detail-03.webp","assets/products/baby/ORDER-371354/detail-04.webp"
"ORDER-371355","baby","Mother and baby product 45","منتج الأم والطفل 45","母婴商品 45","Replace this with polished product copy based on the selected Gulf-market bestseller.","استبدل هذا النص بوصف احترافي للمنتج المناسب لسوق الخليج.","替换为适合海湾市场爆品的正式商品描述。","$99-$199","$75","$65","$55","assets/products/baby/ORDER-371355/main.webp","assets/products/baby/ORDER-371355/detail-01.webp","assets/products/baby/ORDER-371355/detail-02.webp","assets/products/baby/ORDER-371355/detail-03.webp","assets/products/baby/ORDER-371355/detail-04.webp"
"ORDER-371356","baby","Mother and baby product 46","منتج الأم والطفل 46","母婴商品 46","Replace this with polished product copy based on the selected Gulf-market bestseller.","استبدل هذا النص بوصف احترافي للمنتج المناسب لسوق الخليج.","替换为适合海湾市场爆品的正式商品描述。","$99-$199","$75","$65","$55","assets/products/baby/ORDER-371356/main.webp","assets/products/baby/ORDER-371356/detail-01.webp","assets/products/baby/ORDER-371356/detail-02.webp","assets/products/baby/ORDER-371356/detail-03.webp","assets/products/baby/ORDER-371356/detail-04.webp"
"ORDER-371357","baby","Mother and baby product 47","منتج الأم والطفل 47","母婴商品 47","Replace this with polished product copy based on the selected Gulf-market bestseller.","استبدل هذا النص بوصف احترافي للمنتج المناسب لسوق الخليج.","替换为适合海湾市场爆品的正式商品描述。","$99-$199","$75","$65","$55","assets/products/baby/ORDER-371357/main.webp","assets/products/baby/ORDER-371357/detail-01.webp","assets/products/baby/ORDER-371357/detail-02.webp","assets/products/baby/ORDER-371357/detail-03.webp","assets/products/baby/ORDER-371357/detail-04.webp"
"ORDER-371358","baby","Mother and baby product 48","منتج الأم والطفل 48","母婴商品 48","Replace this with polished product copy based on the selected Gulf-market bestseller.","استبدل هذا النص بوصف احترافي للمنتج المناسب لسوق الخليج.","替换为适合海湾市场爆品的正式商品描述。","$99-$199","$75","$65","$55","assets/products/baby/ORDER-371358/main.webp","assets/products/baby/ORDER-371358/detail-01.webp","assets/products/baby/ORDER-371358/detail-02.webp","assets/products/baby/ORDER-371358/detail-03.webp","assets/products/baby/ORDER-371358/detail-04.webp"
"ORDER-371359","baby","Mother and baby product 49","منتج الأم والطفل 49","母婴商品 49","Replace this with polished product copy based on the selected Gulf-market bestseller.","استبدل هذا النص بوصف احترافي للمنتج المناسب لسوق الخليج.","替换为适合海湾市场爆品的正式商品描述。","$99-$199","$75","$65","$55","assets/products/baby/ORDER-371359/main.webp","assets/products/baby/ORDER-371359/detail-01.webp","assets/products/baby/ORDER-371359/detail-02.webp","assets/products/baby/ORDER-371359/detail-03.webp","assets/products/baby/ORDER-371359/detail-04.webp"
"ORDER-371360","baby","Mother and baby product 50","منتج الأم والطفل 50","母婴商品 50","Replace this with polished product copy based on the selected Gulf-market bestseller.","استبدل هذا النص بوصف احترافي للمنتج المناسب لسوق الخليج.","替换为适合海湾市场爆品的正式商品描述。","$99-$199","$75","$65","$55","assets/products/baby/ORDER-371360/main.webp","assets/products/baby/ORDER-371360/detail-01.webp","assets/products/baby/ORDER-371360/detail-02.webp","assets/products/baby/ORDER-371360/detail-03.webp","assets/products/baby/ORDER-371360/detail-04.webp"
"ORDER-371361","health","Health and wellness product 1","منتج الصحة والعناية 1","健康护理商品 1","Replace this with polished product copy based on the selected Gulf-market bestseller.","استبدل هذا النص بوصف احترافي للمنتج المناسب لسوق الخليج.","替换为适合海湾市场爆品的正式商品描述。","$99-$199","$75","$65","$55","assets/products/health/ORDER-371361/main.webp","assets/products/health/ORDER-371361/detail-01.webp","assets/products/health/ORDER-371361/detail-02.webp","assets/products/health/ORDER-371361/detail-03.webp","assets/products/health/ORDER-371361/detail-04.webp"
"ORDER-371362","health","Health and wellness product 2","منتج الصحة والعناية 2","健康护理商品 2","Replace this with polished product copy based on the selected Gulf-market bestseller.","استبدل هذا النص بوصف احترافي للمنتج المناسب لسوق الخليج.","替换为适合海湾市场爆品的正式商品描述。","$99-$199","$75","$65","$55","assets/products/health/ORDER-371362/main.webp","assets/products/health/ORDER-371362/detail-01.webp","assets/products/health/ORDER-371362/detail-02.webp","assets/products/health/ORDER-371362/detail-03.webp","assets/products/health/ORDER-371362/detail-04.webp"
"ORDER-371363","health","Health and wellness product 3","منتج الصحة والعناية 3","健康护理商品 3","Replace this with polished product copy based on the selected Gulf-market bestseller.","استبدل هذا النص بوصف احترافي للمنتج المناسب لسوق الخليج.","替换为适合海湾市场爆品的正式商品描述。","$99-$199","$75","$65","$55","assets/products/health/ORDER-371363/main.webp","assets/products/health/ORDER-371363/detail-01.webp","assets/products/health/ORDER-371363/detail-02.webp","assets/products/health/ORDER-371363/detail-03.webp","assets/products/health/ORDER-371363/detail-04.webp"
"ORDER-371364","health","Health and wellness product 4","منتج الصحة والعناية 4","健康护理商品 4","Replace this with polished product copy based on the selected Gulf-market bestseller.","استبدل هذا النص بوصف احترافي للمنتج المناسب لسوق الخليج.","替换为适合海湾市场爆品的正式商品描述。","$99-$199","$75","$65","$55","assets/products/health/ORDER-371364/main.webp","assets/products/health/ORDER-371364/detail-01.webp","assets/products/health/ORDER-371364/detail-02.webp","assets/products/health/ORDER-371364/detail-03.webp","assets/products/health/ORDER-371364/detail-04.webp"
"ORDER-371365","health","Health and wellness product 5","منتج الصحة والعناية 5","健康护理商品 5","Replace this with polished product copy based on the selected Gulf-market bestseller.","استبدل هذا النص بوصف احترافي للمنتج المناسب لسوق الخليج.","替换为适合海湾市场爆品的正式商品描述。","$99-$199","$75","$65","$55","assets/products/health/ORDER-371365/main.webp","assets/products/health/ORDER-371365/detail-01.webp","assets/products/health/ORDER-371365/detail-02.webp","assets/products/health/ORDER-371365/detail-03.webp","assets/products/health/ORDER-371365/detail-04.webp"
"ORDER-371366","health","Health and wellness product 6","منتج الصحة والعناية 6","健康护理商品 6","Replace this with polished product copy based on the selected Gulf-market bestseller.","استبدل هذا النص بوصف احترافي للمنتج المناسب لسوق الخليج.","替换为适合海湾市场爆品的正式商品描述。","$99-$199","$75","$65","$55","assets/products/health/ORDER-371366/main.webp","assets/products/health/ORDER-371366/detail-01.webp","assets/products/health/ORDER-371366/detail-02.webp","assets/products/health/ORDER-371366/detail-03.webp","assets/products/health/ORDER-371366/detail-04.webp"
"ORDER-371367","health","Health and wellness product 7","منتج الصحة والعناية 7","健康护理商品 7","Replace this with polished product copy based on the selected Gulf-market bestseller.","استبدل هذا النص بوصف احترافي للمنتج المناسب لسوق الخليج.","替换为适合海湾市场爆品的正式商品描述。","$99-$199","$75","$65","$55","assets/products/health/ORDER-371367/main.webp","assets/products/health/ORDER-371367/detail-01.webp","assets/products/health/ORDER-371367/detail-02.webp","assets/products/health/ORDER-371367/detail-03.webp","assets/products/health/ORDER-371367/detail-04.webp"
"ORDER-371368","health","Health and wellness product 8","منتج الصحة والعناية 8","健康护理商品 8","Replace this with polished product copy based on the selected Gulf-market bestseller.","استبدل هذا النص بوصف احترافي للمنتج المناسب لسوق الخليج.","替换为适合海湾市场爆品的正式商品描述。","$99-$199","$75","$65","$55","assets/products/health/ORDER-371368/main.webp","assets/products/health/ORDER-371368/detail-01.webp","assets/products/health/ORDER-371368/detail-02.webp","assets/products/health/ORDER-371368/detail-03.webp","assets/products/health/ORDER-371368/detail-04.webp"
"ORDER-371369","health","Health and wellness product 9","منتج الصحة والعناية 9","健康护理商品 9","Replace this with polished product copy based on the selected Gulf-market bestseller.","استبدل هذا النص بوصف احترافي للمنتج المناسب لسوق الخليج.","替换为适合海湾市场爆品的正式商品描述。","$99-$199","$75","$65","$55","assets/products/health/ORDER-371369/main.webp","assets/products/health/ORDER-371369/detail-01.webp","assets/products/health/ORDER-371369/detail-02.webp","assets/products/health/ORDER-371369/detail-03.webp","assets/products/health/ORDER-371369/detail-04.webp"
"ORDER-371370","health","Health and wellness product 10","منتج الصحة والعناية 10","健康护理商品 10","Replace this with polished product copy based on the selected Gulf-market bestseller.","استبدل هذا النص بوصف احترافي للمنتج المناسب لسوق الخليج.","替换为适合海湾市场爆品的正式商品描述。","$99-$199","$75","$65","$55","assets/products/health/ORDER-371370/main.webp","assets/products/health/ORDER-371370/detail-01.webp","assets/products/health/ORDER-371370/detail-02.webp","assets/products/health/ORDER-371370/detail-03.webp","assets/products/health/ORDER-371370/detail-04.webp"
"ORDER-371371","health","Health and wellness product 11","منتج الصحة والعناية 11","健康护理商品 11","Replace this with polished product copy based on the selected Gulf-market bestseller.","استبدل هذا النص بوصف احترافي للمنتج المناسب لسوق الخليج.","替换为适合海湾市场爆品的正式商品描述。","$99-$199","$75","$65","$55","assets/products/health/ORDER-371371/main.webp","assets/products/health/ORDER-371371/detail-01.webp","assets/products/health/ORDER-371371/detail-02.webp","assets/products/health/ORDER-371371/detail-03.webp","assets/products/health/ORDER-371371/detail-04.webp"
"ORDER-371372","health","Health and wellness product 12","منتج الصحة والعناية 12","健康护理商品 12","Replace this with polished product copy based on the selected Gulf-market bestseller.","استبدل هذا النص بوصف احترافي للمنتج المناسب لسوق الخليج.","替换为适合海湾市场爆品的正式商品描述。","$99-$199","$75","$65","$55","assets/products/health/ORDER-371372/main.webp","assets/products/health/ORDER-371372/detail-01.webp","assets/products/health/ORDER-371372/detail-02.webp","assets/products/health/ORDER-371372/detail-03.webp","assets/products/health/ORDER-371372/detail-04.webp"
"ORDER-371373","health","Health and wellness product 13","منتج الصحة والعناية 13","健康护理商品 13","Replace this with polished product copy based on the selected Gulf-market bestseller.","استبدل هذا النص بوصف احترافي للمنتج المناسب لسوق الخليج.","替换为适合海湾市场爆品的正式商品描述。","$99-$199","$75","$65","$55","assets/products/health/ORDER-371373/main.webp","assets/products/health/ORDER-371373/detail-01.webp","assets/products/health/ORDER-371373/detail-02.webp","assets/products/health/ORDER-371373/detail-03.webp","assets/products/health/ORDER-371373/detail-04.webp"
"ORDER-371374","health","Health and wellness product 14","منتج الصحة والعناية 14","健康护理商品 14","Replace this with polished product copy based on the selected Gulf-market bestseller.","استبدل هذا النص بوصف احترافي للمنتج المناسب لسوق الخليج.","替换为适合海湾市场爆品的正式商品描述。","$99-$199","$75","$65","$55","assets/products/health/ORDER-371374/main.webp","assets/products/health/ORDER-371374/detail-01.webp","assets/products/health/ORDER-371374/detail-02.webp","assets/products/health/ORDER-371374/detail-03.webp","assets/products/health/ORDER-371374/detail-04.webp"
"ORDER-371375","health","Health and wellness product 15","منتج الصحة والعناية 15","健康护理商品 15","Replace this with polished product copy based on the selected Gulf-market bestseller.","استبدل هذا النص بوصف احترافي للمنتج المناسب لسوق الخليج.","替换为适合海湾市场爆品的正式商品描述。","$99-$199","$75","$65","$55","assets/products/health/ORDER-371375/main.webp","assets/products/health/ORDER-371375/detail-01.webp","assets/products/health/ORDER-371375/detail-02.webp","assets/products/health/ORDER-371375/detail-03.webp","assets/products/health/ORDER-371375/detail-04.webp"
"ORDER-371376","health","Health and wellness product 16","منتج الصحة والعناية 16","健康护理商品 16","Replace this with polished product copy based on the selected Gulf-market bestseller.","استبدل هذا النص بوصف احترافي للمنتج المناسب لسوق الخليج.","替换为适合海湾市场爆品的正式商品描述。","$99-$199","$75","$65","$55","assets/products/health/ORDER-371376/main.webp","assets/products/health/ORDER-371376/detail-01.webp","assets/products/health/ORDER-371376/detail-02.webp","assets/products/health/ORDER-371376/detail-03.webp","assets/products/health/ORDER-371376/detail-04.webp"
"ORDER-371377","health","Health and wellness product 17","منتج الصحة والعناية 17","健康护理商品 17","Replace this with polished product copy based on the selected Gulf-market bestseller.","استبدل هذا النص بوصف احترافي للمنتج المناسب لسوق الخليج.","替换为适合海湾市场爆品的正式商品描述。","$99-$199","$75","$65","$55","assets/products/health/ORDER-371377/main.webp","assets/products/health/ORDER-371377/detail-01.webp","assets/products/health/ORDER-371377/detail-02.webp","assets/products/health/ORDER-371377/detail-03.webp","assets/products/health/ORDER-371377/detail-04.webp"
"ORDER-371378","health","Health and wellness product 18","منتج الصحة والعناية 18","健康护理商品 18","Replace this with polished product copy based on the selected Gulf-market bestseller.","استبدل هذا النص بوصف احترافي للمنتج المناسب لسوق الخليج.","替换为适合海湾市场爆品的正式商品描述。","$99-$199","$75","$65","$55","assets/products/health/ORDER-371378/main.webp","assets/products/health/ORDER-371378/detail-01.webp","assets/products/health/ORDER-371378/detail-02.webp","assets/products/health/ORDER-371378/detail-03.webp","assets/products/health/ORDER-371378/detail-04.webp"
"ORDER-371379","health","Health and wellness product 19","منتج الصحة والعناية 19","健康护理商品 19","Replace this with polished product copy based on the selected Gulf-market bestseller.","استبدل هذا النص بوصف احترافي للمنتج المناسب لسوق الخليج.","替换为适合海湾市场爆品的正式商品描述。","$99-$199","$75","$65","$55","assets/products/health/ORDER-371379/main.webp","assets/products/health/ORDER-371379/detail-01.webp","assets/products/health/ORDER-371379/detail-02.webp","assets/products/health/ORDER-371379/detail-03.webp","assets/products/health/ORDER-371379/detail-04.webp"
"ORDER-371380","health","Health and wellness product 20","منتج الصحة والعناية 20","健康护理商品 20","Replace this with polished product copy based on the selected Gulf-market bestseller.","استبدل هذا النص بوصف احترافي للمنتج المناسب لسوق الخليج.","替换为适合海湾市场爆品的正式商品描述。","$99-$199","$75","$65","$55","assets/products/health/ORDER-371380/main.webp","assets/products/health/ORDER-371380/detail-01.webp","assets/products/health/ORDER-371380/detail-02.webp","assets/products/health/ORDER-371380/detail-03.webp","assets/products/health/ORDER-371380/detail-04.webp"
"ORDER-371381","health","Health and wellness product 21","منتج الصحة والعناية 21","健康护理商品 21","Replace this with polished product copy based on the selected Gulf-market bestseller.","استبدل هذا النص بوصف احترافي للمنتج المناسب لسوق الخليج.","替换为适合海湾市场爆品的正式商品描述。","$99-$199","$75","$65","$55","assets/products/health/ORDER-371381/main.webp","assets/products/health/ORDER-371381/detail-01.webp","assets/products/health/ORDER-371381/detail-02.webp","assets/products/health/ORDER-371381/detail-03.webp","assets/products/health/ORDER-371381/detail-04.webp"
"ORDER-371382","health","Health and wellness product 22","منتج الصحة والعناية 22","健康护理商品 22","Replace this with polished product copy based on the selected Gulf-market bestseller.","استبدل هذا النص بوصف احترافي للمنتج المناسب لسوق الخليج.","替换为适合海湾市场爆品的正式商品描述。","$99-$199","$75","$65","$55","assets/products/health/ORDER-371382/main.webp","assets/products/health/ORDER-371382/detail-01.webp","assets/products/health/ORDER-371382/detail-02.webp","assets/products/health/ORDER-371382/detail-03.webp","assets/products/health/ORDER-371382/detail-04.webp"
"ORDER-371383","health","Health and wellness product 23","منتج الصحة والعناية 23","健康护理商品 23","Replace this with polished product copy based on the selected Gulf-market bestseller.","استبدل هذا النص بوصف احترافي للمنتج المناسب لسوق الخليج.","替换为适合海湾市场爆品的正式商品描述。","$99-$199","$75","$65","$55","assets/products/health/ORDER-371383/main.webp","assets/products/health/ORDER-371383/detail-01.webp","assets/products/health/ORDER-371383/detail-02.webp","assets/products/health/ORDER-371383/detail-03.webp","assets/products/health/ORDER-371383/detail-04.webp"
"ORDER-371384","health","Health and wellness product 24","منتج الصحة والعناية 24","健康护理商品 24","Replace this with polished product copy based on the selected Gulf-market bestseller.","استبدل هذا النص بوصف احترافي للمنتج المناسب لسوق الخليج.","替换为适合海湾市场爆品的正式商品描述。","$99-$199","$75","$65","$55","assets/products/health/ORDER-371384/main.webp","assets/products/health/ORDER-371384/detail-01.webp","assets/products/health/ORDER-371384/detail-02.webp","assets/products/health/ORDER-371384/detail-03.webp","assets/products/health/ORDER-371384/detail-04.webp"
"ORDER-371385","health","Health and wellness product 25","منتج الصحة والعناية 25","健康护理商品 25","Replace this with polished product copy based on the selected Gulf-market bestseller.","استبدل هذا النص بوصف احترافي للمنتج المناسب لسوق الخليج.","替换为适合海湾市场爆品的正式商品描述。","$99-$199","$75","$65","$55","assets/products/health/ORDER-371385/main.webp","assets/products/health/ORDER-371385/detail-01.webp","assets/products/health/ORDER-371385/detail-02.webp","assets/products/health/ORDER-371385/detail-03.webp","assets/products/health/ORDER-371385/detail-04.webp"
"ORDER-371386","health","Health and wellness product 26","منتج الصحة والعناية 26","健康护理商品 26","Replace this with polished product copy based on the selected Gulf-market bestseller.","استبدل هذا النص بوصف احترافي للمنتج المناسب لسوق الخليج.","替换为适合海湾市场爆品的正式商品描述。","$99-$199","$75","$65","$55","assets/products/health/ORDER-371386/main.webp","assets/products/health/ORDER-371386/detail-01.webp","assets/products/health/ORDER-371386/detail-02.webp","assets/products/health/ORDER-371386/detail-03.webp","assets/products/health/ORDER-371386/detail-04.webp"
"ORDER-371387","health","Health and wellness product 27","منتج الصحة والعناية 27","健康护理商品 27","Replace this with polished product copy based on the selected Gulf-market bestseller.","استبدل هذا النص بوصف احترافي للمنتج المناسب لسوق الخليج.","替换为适合海湾市场爆品的正式商品描述。","$99-$199","$75","$65","$55","assets/products/health/ORDER-371387/main.webp","assets/products/health/ORDER-371387/detail-01.webp","assets/products/health/ORDER-371387/detail-02.webp","assets/products/health/ORDER-371387/detail-03.webp","assets/products/health/ORDER-371387/detail-04.webp"
"ORDER-371388","health","Health and wellness product 28","منتج الصحة والعناية 28","健康护理商品 28","Replace this with polished product copy based on the selected Gulf-market bestseller.","استبدل هذا النص بوصف احترافي للمنتج المناسب لسوق الخليج.","替换为适合海湾市场爆品的正式商品描述。","$99-$199","$75","$65","$55","assets/products/health/ORDER-371388/main.webp","assets/products/health/ORDER-371388/detail-01.webp","assets/products/health/ORDER-371388/detail-02.webp","assets/products/health/ORDER-371388/detail-03.webp","assets/products/health/ORDER-371388/detail-04.webp"
"ORDER-371389","health","Health and wellness product 29","منتج الصحة والعناية 29","健康护理商品 29","Replace this with polished product copy based on the selected Gulf-market bestseller.","استبدل هذا النص بوصف احترافي للمنتج المناسب لسوق الخليج.","替换为适合海湾市场爆品的正式商品描述。","$99-$199","$75","$65","$55","assets/products/health/ORDER-371389/main.webp","assets/products/health/ORDER-371389/detail-01.webp","assets/products/health/ORDER-371389/detail-02.webp","assets/products/health/ORDER-371389/detail-03.webp","assets/products/health/ORDER-371389/detail-04.webp"
"ORDER-371390","health","Health and wellness product 30","منتج الصحة والعناية 30","健康护理商品 30","Replace this with polished product copy based on the selected Gulf-market bestseller.","استبدل هذا النص بوصف احترافي للمنتج المناسب لسوق الخليج.","替换为适合海湾市场爆品的正式商品描述。","$99-$199","$75","$65","$55","assets/products/health/ORDER-371390/main.webp","assets/products/health/ORDER-371390/detail-01.webp","assets/products/health/ORDER-371390/detail-02.webp","assets/products/health/ORDER-371390/detail-03.webp","assets/products/health/ORDER-371390/detail-04.webp"
"ORDER-371391","health","Health and wellness product 31","منتج الصحة والعناية 31","健康护理商品 31","Replace this with polished product copy based on the selected Gulf-market bestseller.","استبدل هذا النص بوصف احترافي للمنتج المناسب لسوق الخليج.","替换为适合海湾市场爆品的正式商品描述。","$99-$199","$75","$65","$55","assets/products/health/ORDER-371391/main.webp","assets/products/health/ORDER-371391/detail-01.webp","assets/products/health/ORDER-371391/detail-02.webp","assets/products/health/ORDER-371391/detail-03.webp","assets/products/health/ORDER-371391/detail-04.webp"
"ORDER-371392","health","Health and wellness product 32","منتج الصحة والعناية 32","健康护理商品 32","Replace this with polished product copy based on the selected Gulf-market bestseller.","استبدل هذا النص بوصف احترافي للمنتج المناسب لسوق الخليج.","替换为适合海湾市场爆品的正式商品描述。","$99-$199","$75","$65","$55","assets/products/health/ORDER-371392/main.webp","assets/products/health/ORDER-371392/detail-01.webp","assets/products/health/ORDER-371392/detail-02.webp","assets/products/health/ORDER-371392/detail-03.webp","assets/products/health/ORDER-371392/detail-04.webp"
"ORDER-371393","health","Health and wellness product 33","منتج الصحة والعناية 33","健康护理商品 33","Replace this with polished product copy based on the selected Gulf-market bestseller.","استبدل هذا النص بوصف احترافي للمنتج المناسب لسوق الخليج.","替换为适合海湾市场爆品的正式商品描述。","$99-$199","$75","$65","$55","assets/products/health/ORDER-371393/main.webp","assets/products/health/ORDER-371393/detail-01.webp","assets/products/health/ORDER-371393/detail-02.webp","assets/products/health/ORDER-371393/detail-03.webp","assets/products/health/ORDER-371393/detail-04.webp"
"ORDER-371394","health","Health and wellness product 34","منتج الصحة والعناية 34","健康护理商品 34","Replace this with polished product copy based on the selected Gulf-market bestseller.","استبدل هذا النص بوصف احترافي للمنتج المناسب لسوق الخليج.","替换为适合海湾市场爆品的正式商品描述。","$99-$199","$75","$65","$55","assets/products/health/ORDER-371394/main.webp","assets/products/health/ORDER-371394/detail-01.webp","assets/products/health/ORDER-371394/detail-02.webp","assets/products/health/ORDER-371394/detail-03.webp","assets/products/health/ORDER-371394/detail-04.webp"
"ORDER-371395","health","Health and wellness product 35","منتج الصحة والعناية 35","健康护理商品 35","Replace this with polished product copy based on the selected Gulf-market bestseller.","استبدل هذا النص بوصف احترافي للمنتج المناسب لسوق الخليج.","替换为适合海湾市场爆品的正式商品描述。","$99-$199","$75","$65","$55","assets/products/health/ORDER-371395/main.webp","assets/products/health/ORDER-371395/detail-01.webp","assets/products/health/ORDER-371395/detail-02.webp","assets/products/health/ORDER-371395/detail-03.webp","assets/products/health/ORDER-371395/detail-04.webp"
"ORDER-371396","health","Health and wellness product 36","منتج الصحة والعناية 36","健康护理商品 36","Replace this with polished product copy based on the selected Gulf-market bestseller.","استبدل هذا النص بوصف احترافي للمنتج المناسب لسوق الخليج.","替换为适合海湾市场爆品的正式商品描述。","$99-$199","$75","$65","$55","assets/products/health/ORDER-371396/main.webp","assets/products/health/ORDER-371396/detail-01.webp","assets/products/health/ORDER-371396/detail-02.webp","assets/products/health/ORDER-371396/detail-03.webp","assets/products/health/ORDER-371396/detail-04.webp"
"ORDER-371397","health","Health and wellness product 37","منتج الصحة والعناية 37","健康护理商品 37","Replace this with polished product copy based on the selected Gulf-market bestseller.","استبدل هذا النص بوصف احترافي للمنتج المناسب لسوق الخليج.","替换为适合海湾市场爆品的正式商品描述。","$99-$199","$75","$65","$55","assets/products/health/ORDER-371397/main.webp","assets/products/health/ORDER-371397/detail-01.webp","assets/products/health/ORDER-371397/detail-02.webp","assets/products/health/ORDER-371397/detail-03.webp","assets/products/health/ORDER-371397/detail-04.webp"
"ORDER-371398","health","Health and wellness product 38","منتج الصحة والعناية 38","健康护理商品 38","Replace this with polished product copy based on the selected Gulf-market bestseller.","استبدل هذا النص بوصف احترافي للمنتج المناسب لسوق الخليج.","替换为适合海湾市场爆品的正式商品描述。","$99-$199","$75","$65","$55","assets/products/health/ORDER-371398/main.webp","assets/products/health/ORDER-371398/detail-01.webp","assets/products/health/ORDER-371398/detail-02.webp","assets/products/health/ORDER-371398/detail-03.webp","assets/products/health/ORDER-371398/detail-04.webp"
"ORDER-371399","health","Health and wellness product 39","منتج الصحة والعناية 39","健康护理商品 39","Replace this with polished product copy based on the selected Gulf-market bestseller.","استبدل هذا النص بوصف احترافي للمنتج المناسب لسوق الخليج.","替换为适合海湾市场爆品的正式商品描述。","$99-$199","$75","$65","$55","assets/products/health/ORDER-371399/main.webp","assets/products/health/ORDER-371399/detail-01.webp","assets/products/health/ORDER-371399/detail-02.webp","assets/products/health/ORDER-371399/detail-03.webp","assets/products/health/ORDER-371399/detail-04.webp"
"ORDER-371400","health","Health and wellness product 40","منتج الصحة والعناية 40","健康护理商品 40","Replace this with polished product copy based on the selected Gulf-market bestseller.","استبدل هذا النص بوصف احترافي للمنتج المناسب لسوق الخليج.","替换为适合海湾市场爆品的正式商品描述。","$99-$199","$75","$65","$55","assets/products/health/ORDER-371400/main.webp","assets/products/health/ORDER-371400/detail-01.webp","assets/products/health/ORDER-371400/detail-02.webp","assets/products/health/ORDER-371400/detail-03.webp","assets/products/health/ORDER-371400/detail-04.webp"
"ORDER-371401","health","Health and wellness product 41","منتج الصحة والعناية 41","健康护理商品 41","Replace this with polished product copy based on the selected Gulf-market bestseller.","استبدل هذا النص بوصف احترافي للمنتج المناسب لسوق الخليج.","替换为适合海湾市场爆品的正式商品描述。","$99-$199","$75","$65","$55","assets/products/health/ORDER-371401/main.webp","assets/products/health/ORDER-371401/detail-01.webp","assets/products/health/ORDER-371401/detail-02.webp","assets/products/health/ORDER-371401/detail-03.webp","assets/products/health/ORDER-371401/detail-04.webp"
"ORDER-371402","health","Health and wellness product 42","منتج الصحة والعناية 42","健康护理商品 42","Replace this with polished product copy based on the selected Gulf-market bestseller.","استبدل هذا النص بوصف احترافي للمنتج المناسب لسوق الخليج.","替换为适合海湾市场爆品的正式商品描述。","$99-$199","$75","$65","$55","assets/products/health/ORDER-371402/main.webp","assets/products/health/ORDER-371402/detail-01.webp","assets/products/health/ORDER-371402/detail-02.webp","assets/products/health/ORDER-371402/detail-03.webp","assets/products/health/ORDER-371402/detail-04.webp"
"ORDER-371403","health","Health and wellness product 43","منتج الصحة والعناية 43","健康护理商品 43","Replace this with polished product copy based on the selected Gulf-market bestseller.","استبدل هذا النص بوصف احترافي للمنتج المناسب لسوق الخليج.","替换为适合海湾市场爆品的正式商品描述。","$99-$199","$75","$65","$55","assets/products/health/ORDER-371403/main.webp","assets/products/health/ORDER-371403/detail-01.webp","assets/products/health/ORDER-371403/detail-02.webp","assets/products/health/ORDER-371403/detail-03.webp","assets/products/health/ORDER-371403/detail-04.webp"
"ORDER-371404","health","Health and wellness product 44","منتج الصحة والعناية 44","健康护理商品 44","Replace this with polished product copy based on the selected Gulf-market bestseller.","استبدل هذا النص بوصف احترافي للمنتج المناسب لسوق الخليج.","替换为适合海湾市场爆品的正式商品描述。","$99-$199","$75","$65","$55","assets/products/health/ORDER-371404/main.webp","assets/products/health/ORDER-371404/detail-01.webp","assets/products/health/ORDER-371404/detail-02.webp","assets/products/health/ORDER-371404/detail-03.webp","assets/products/health/ORDER-371404/detail-04.webp"
"ORDER-371405","health","Health and wellness product 45","منتج الصحة والعناية 45","健康护理商品 45","Replace this with polished product copy based on the selected Gulf-market bestseller.","استبدل هذا النص بوصف احترافي للمنتج المناسب لسوق الخليج.","替换为适合海湾市场爆品的正式商品描述。","$99-$199","$75","$65","$55","assets/products/health/ORDER-371405/main.webp","assets/products/health/ORDER-371405/detail-01.webp","assets/products/health/ORDER-371405/detail-02.webp","assets/products/health/ORDER-371405/detail-03.webp","assets/products/health/ORDER-371405/detail-04.webp"
"ORDER-371406","health","Health and wellness product 46","منتج الصحة والعناية 46","健康护理商品 46","Replace this with polished product copy based on the selected Gulf-market bestseller.","استبدل هذا النص بوصف احترافي للمنتج المناسب لسوق الخليج.","替换为适合海湾市场爆品的正式商品描述。","$99-$199","$75","$65","$55","assets/products/health/ORDER-371406/main.webp","assets/products/health/ORDER-371406/detail-01.webp","assets/products/health/ORDER-371406/detail-02.webp","assets/products/health/ORDER-371406/detail-03.webp","assets/products/health/ORDER-371406/detail-04.webp"
"ORDER-371407","health","Health and wellness product 47","منتج الصحة والعناية 47","健康护理商品 47","Replace this with polished product copy based on the selected Gulf-market bestseller.","استبدل هذا النص بوصف احترافي للمنتج المناسب لسوق الخليج.","替换为适合海湾市场爆品的正式商品描述。","$99-$199","$75","$65","$55","assets/products/health/ORDER-371407/main.webp","assets/products/health/ORDER-371407/detail-01.webp","assets/products/health/ORDER-371407/detail-02.webp","assets/products/health/ORDER-371407/detail-03.webp","assets/products/health/ORDER-371407/detail-04.webp"
"ORDER-371408","health","Health and wellness product 48","منتج الصحة والعناية 48","健康护理商品 48","Replace this with polished product copy based on the selected Gulf-market bestseller.","استبدل هذا النص بوصف احترافي للمنتج المناسب لسوق الخليج.","替换为适合海湾市场爆品的正式商品描述。","$99-$199","$75","$65","$55","assets/products/health/ORDER-371408/main.webp","assets/products/health/ORDER-371408/detail-01.webp","assets/products/health/ORDER-371408/detail-02.webp","assets/products/health/ORDER-371408/detail-03.webp","assets/products/health/ORDER-371408/detail-04.webp"
"ORDER-371409","health","Health and wellness product 49","منتج الصحة والعناية 49","健康护理商品 49","Replace this with polished product copy based on the selected Gulf-market bestseller.","استبدل هذا النص بوصف احترافي للمنتج المناسب لسوق الخليج.","替换为适合海湾市场爆品的正式商品描述。","$99-$199","$75","$65","$55","assets/products/health/ORDER-371409/main.webp","assets/products/health/ORDER-371409/detail-01.webp","assets/products/health/ORDER-371409/detail-02.webp","assets/products/health/ORDER-371409/detail-03.webp","assets/products/health/ORDER-371409/detail-04.webp"
"ORDER-371410","health","Health and wellness product 50","منتج الصحة والعناية 50","健康护理商品 50","Replace this with polished product copy based on the selected Gulf-market bestseller.","استبدل هذا النص بوصف احترافي للمنتج المناسب لسوق الخليج.","替换为适合海湾市场爆品的正式商品描述。","$99-$199","$75","$65","$55","assets/products/health/ORDER-371410/main.webp","assets/products/health/ORDER-371410/detail-01.webp","assets/products/health/ORDER-371410/detail-02.webp","assets/products/health/ORDER-371410/detail-03.webp","assets/products/health/ORDER-371410/detail-04.webp"
"ORDER-371411","sports","Sports and outdoor product 1","منتج الرياضة والهواء الطلق 1","运动户外商品 1","Replace this with polished product copy based on the selected Gulf-market bestseller.","استبدل هذا النص بوصف احترافي للمنتج المناسب لسوق الخليج.","替换为适合海湾市场爆品的正式商品描述。","$99-$199","$75","$65","$55","assets/products/sports/ORDER-371411/main.webp","assets/products/sports/ORDER-371411/detail-01.webp","assets/products/sports/ORDER-371411/detail-02.webp","assets/products/sports/ORDER-371411/detail-03.webp","assets/products/sports/ORDER-371411/detail-04.webp"
"ORDER-371412","sports","Sports and outdoor product 2","منتج الرياضة والهواء الطلق 2","运动户外商品 2","Replace this with polished product copy based on the selected Gulf-market bestseller.","استبدل هذا النص بوصف احترافي للمنتج المناسب لسوق الخليج.","替换为适合海湾市场爆品的正式商品描述。","$99-$199","$75","$65","$55","assets/products/sports/ORDER-371412/main.webp","assets/products/sports/ORDER-371412/detail-01.webp","assets/products/sports/ORDER-371412/detail-02.webp","assets/products/sports/ORDER-371412/detail-03.webp","assets/products/sports/ORDER-371412/detail-04.webp"
"ORDER-371413","sports","Sports and outdoor product 3","منتج الرياضة والهواء الطلق 3","运动户外商品 3","Replace this with polished product copy based on the selected Gulf-market bestseller.","استبدل هذا النص بوصف احترافي للمنتج المناسب لسوق الخليج.","替换为适合海湾市场爆品的正式商品描述。","$99-$199","$75","$65","$55","assets/products/sports/ORDER-371413/main.webp","assets/products/sports/ORDER-371413/detail-01.webp","assets/products/sports/ORDER-371413/detail-02.webp","assets/products/sports/ORDER-371413/detail-03.webp","assets/products/sports/ORDER-371413/detail-04.webp"
"ORDER-371414","sports","Sports and outdoor product 4","منتج الرياضة والهواء الطلق 4","运动户外商品 4","Replace this with polished product copy based on the selected Gulf-market bestseller.","استبدل هذا النص بوصف احترافي للمنتج المناسب لسوق الخليج.","替换为适合海湾市场爆品的正式商品描述。","$99-$199","$75","$65","$55","assets/products/sports/ORDER-371414/main.webp","assets/products/sports/ORDER-371414/detail-01.webp","assets/products/sports/ORDER-371414/detail-02.webp","assets/products/sports/ORDER-371414/detail-03.webp","assets/products/sports/ORDER-371414/detail-04.webp"
"ORDER-371415","sports","Sports and outdoor product 5","منتج الرياضة والهواء الطلق 5","运动户外商品 5","Replace this with polished product copy based on the selected Gulf-market bestseller.","استبدل هذا النص بوصف احترافي للمنتج المناسب لسوق الخليج.","替换为适合海湾市场爆品的正式商品描述。","$99-$199","$75","$65","$55","assets/products/sports/ORDER-371415/main.webp","assets/products/sports/ORDER-371415/detail-01.webp","assets/products/sports/ORDER-371415/detail-02.webp","assets/products/sports/ORDER-371415/detail-03.webp","assets/products/sports/ORDER-371415/detail-04.webp"
"ORDER-371416","sports","Sports and outdoor product 6","منتج الرياضة والهواء الطلق 6","运动户外商品 6","Replace this with polished product copy based on the selected Gulf-market bestseller.","استبدل هذا النص بوصف احترافي للمنتج المناسب لسوق الخليج.","替换为适合海湾市场爆品的正式商品描述。","$99-$199","$75","$65","$55","assets/products/sports/ORDER-371416/main.webp","assets/products/sports/ORDER-371416/detail-01.webp","assets/products/sports/ORDER-371416/detail-02.webp","assets/products/sports/ORDER-371416/detail-03.webp","assets/products/sports/ORDER-371416/detail-04.webp"
"ORDER-371417","sports","Sports and outdoor product 7","منتج الرياضة والهواء الطلق 7","运动户外商品 7","Replace this with polished product copy based on the selected Gulf-market bestseller.","استبدل هذا النص بوصف احترافي للمنتج المناسب لسوق الخليج.","替换为适合海湾市场爆品的正式商品描述。","$99-$199","$75","$65","$55","assets/products/sports/ORDER-371417/main.webp","assets/products/sports/ORDER-371417/detail-01.webp","assets/products/sports/ORDER-371417/detail-02.webp","assets/products/sports/ORDER-371417/detail-03.webp","assets/products/sports/ORDER-371417/detail-04.webp"
"ORDER-371418","sports","Sports and outdoor product 8","منتج الرياضة والهواء الطلق 8","运动户外商品 8","Replace this with polished product copy based on the selected Gulf-market bestseller.","استبدل هذا النص بوصف احترافي للمنتج المناسب لسوق الخليج.","替换为适合海湾市场爆品的正式商品描述。","$99-$199","$75","$65","$55","assets/products/sports/ORDER-371418/main.webp","assets/products/sports/ORDER-371418/detail-01.webp","assets/products/sports/ORDER-371418/detail-02.webp","assets/products/sports/ORDER-371418/detail-03.webp","assets/products/sports/ORDER-371418/detail-04.webp"
"ORDER-371419","sports","Sports and outdoor product 9","منتج الرياضة والهواء الطلق 9","运动户外商品 9","Replace this with polished product copy based on the selected Gulf-market bestseller.","استبدل هذا النص بوصف احترافي للمنتج المناسب لسوق الخليج.","替换为适合海湾市场爆品的正式商品描述。","$99-$199","$75","$65","$55","assets/products/sports/ORDER-371419/main.webp","assets/products/sports/ORDER-371419/detail-01.webp","assets/products/sports/ORDER-371419/detail-02.webp","assets/products/sports/ORDER-371419/detail-03.webp","assets/products/sports/ORDER-371419/detail-04.webp"
"ORDER-371420","sports","Sports and outdoor product 10","منتج الرياضة والهواء الطلق 10","运动户外商品 10","Replace this with polished product copy based on the selected Gulf-market bestseller.","استبدل هذا النص بوصف احترافي للمنتج المناسب لسوق الخليج.","替换为适合海湾市场爆品的正式商品描述。","$99-$199","$75","$65","$55","assets/products/sports/ORDER-371420/main.webp","assets/products/sports/ORDER-371420/detail-01.webp","assets/products/sports/ORDER-371420/detail-02.webp","assets/products/sports/ORDER-371420/detail-03.webp","assets/products/sports/ORDER-371420/detail-04.webp"
"ORDER-371421","sports","Sports and outdoor product 11","منتج الرياضة والهواء الطلق 11","运动户外商品 11","Replace this with polished product copy based on the selected Gulf-market bestseller.","استبدل هذا النص بوصف احترافي للمنتج المناسب لسوق الخليج.","替换为适合海湾市场爆品的正式商品描述。","$99-$199","$75","$65","$55","assets/products/sports/ORDER-371421/main.webp","assets/products/sports/ORDER-371421/detail-01.webp","assets/products/sports/ORDER-371421/detail-02.webp","assets/products/sports/ORDER-371421/detail-03.webp","assets/products/sports/ORDER-371421/detail-04.webp"
"ORDER-371422","sports","Sports and outdoor product 12","منتج الرياضة والهواء الطلق 12","运动户外商品 12","Replace this with polished product copy based on the selected Gulf-market bestseller.","استبدل هذا النص بوصف احترافي للمنتج المناسب لسوق الخليج.","替换为适合海湾市场爆品的正式商品描述。","$99-$199","$75","$65","$55","assets/products/sports/ORDER-371422/main.webp","assets/products/sports/ORDER-371422/detail-01.webp","assets/products/sports/ORDER-371422/detail-02.webp","assets/products/sports/ORDER-371422/detail-03.webp","assets/products/sports/ORDER-371422/detail-04.webp"
"ORDER-371423","sports","Sports and outdoor product 13","منتج الرياضة والهواء الطلق 13","运动户外商品 13","Replace this with polished product copy based on the selected Gulf-market bestseller.","استبدل هذا النص بوصف احترافي للمنتج المناسب لسوق الخليج.","替换为适合海湾市场爆品的正式商品描述。","$99-$199","$75","$65","$55","assets/products/sports/ORDER-371423/main.webp","assets/products/sports/ORDER-371423/detail-01.webp","assets/products/sports/ORDER-371423/detail-02.webp","assets/products/sports/ORDER-371423/detail-03.webp","assets/products/sports/ORDER-371423/detail-04.webp"
"ORDER-371424","sports","Sports and outdoor product 14","منتج الرياضة والهواء الطلق 14","运动户外商品 14","Replace this with polished product copy based on the selected Gulf-market bestseller.","استبدل هذا النص بوصف احترافي للمنتج المناسب لسوق الخليج.","替换为适合海湾市场爆品的正式商品描述。","$99-$199","$75","$65","$55","assets/products/sports/ORDER-371424/main.webp","assets/products/sports/ORDER-371424/detail-01.webp","assets/products/sports/ORDER-371424/detail-02.webp","assets/products/sports/ORDER-371424/detail-03.webp","assets/products/sports/ORDER-371424/detail-04.webp"
"ORDER-371425","sports","Sports and outdoor product 15","منتج الرياضة والهواء الطلق 15","运动户外商品 15","Replace this with polished product copy based on the selected Gulf-market bestseller.","استبدل هذا النص بوصف احترافي للمنتج المناسب لسوق الخليج.","替换为适合海湾市场爆品的正式商品描述。","$99-$199","$75","$65","$55","assets/products/sports/ORDER-371425/main.webp","assets/products/sports/ORDER-371425/detail-01.webp","assets/products/sports/ORDER-371425/detail-02.webp","assets/products/sports/ORDER-371425/detail-03.webp","assets/products/sports/ORDER-371425/detail-04.webp"
"ORDER-371426","sports","Sports and outdoor product 16","منتج الرياضة والهواء الطلق 16","运动户外商品 16","Replace this with polished product copy based on the selected Gulf-market bestseller.","استبدل هذا النص بوصف احترافي للمنتج المناسب لسوق الخليج.","替换为适合海湾市场爆品的正式商品描述。","$99-$199","$75","$65","$55","assets/products/sports/ORDER-371426/main.webp","assets/products/sports/ORDER-371426/detail-01.webp","assets/products/sports/ORDER-371426/detail-02.webp","assets/products/sports/ORDER-371426/detail-03.webp","assets/products/sports/ORDER-371426/detail-04.webp"
"ORDER-371427","sports","Sports and outdoor product 17","منتج الرياضة والهواء الطلق 17","运动户外商品 17","Replace this with polished product copy based on the selected Gulf-market bestseller.","استبدل هذا النص بوصف احترافي للمنتج المناسب لسوق الخليج.","替换为适合海湾市场爆品的正式商品描述。","$99-$199","$75","$65","$55","assets/products/sports/ORDER-371427/main.webp","assets/products/sports/ORDER-371427/detail-01.webp","assets/products/sports/ORDER-371427/detail-02.webp","assets/products/sports/ORDER-371427/detail-03.webp","assets/products/sports/ORDER-371427/detail-04.webp"
"ORDER-371428","sports","Sports and outdoor product 18","منتج الرياضة والهواء الطلق 18","运动户外商品 18","Replace this with polished product copy based on the selected Gulf-market bestseller.","استبدل هذا النص بوصف احترافي للمنتج المناسب لسوق الخليج.","替换为适合海湾市场爆品的正式商品描述。","$99-$199","$75","$65","$55","assets/products/sports/ORDER-371428/main.webp","assets/products/sports/ORDER-371428/detail-01.webp","assets/products/sports/ORDER-371428/detail-02.webp","assets/products/sports/ORDER-371428/detail-03.webp","assets/products/sports/ORDER-371428/detail-04.webp"
"ORDER-371429","sports","Sports and outdoor product 19","منتج الرياضة والهواء الطلق 19","运动户外商品 19","Replace this with polished product copy based on the selected Gulf-market bestseller.","استبدل هذا النص بوصف احترافي للمنتج المناسب لسوق الخليج.","替换为适合海湾市场爆品的正式商品描述。","$99-$199","$75","$65","$55","assets/products/sports/ORDER-371429/main.webp","assets/products/sports/ORDER-371429/detail-01.webp","assets/products/sports/ORDER-371429/detail-02.webp","assets/products/sports/ORDER-371429/detail-03.webp","assets/products/sports/ORDER-371429/detail-04.webp"
"ORDER-371430","sports","Sports and outdoor product 20","منتج الرياضة والهواء الطلق 20","运动户外商品 20","Replace this with polished product copy based on the selected Gulf-market bestseller.","استبدل هذا النص بوصف احترافي للمنتج المناسب لسوق الخليج.","替换为适合海湾市场爆品的正式商品描述。","$99-$199","$75","$65","$55","assets/products/sports/ORDER-371430/main.webp","assets/products/sports/ORDER-371430/detail-01.webp","assets/products/sports/ORDER-371430/detail-02.webp","assets/products/sports/ORDER-371430/detail-03.webp","assets/products/sports/ORDER-371430/detail-04.webp"
"ORDER-371431","sports","Sports and outdoor product 21","منتج الرياضة والهواء الطلق 21","运动户外商品 21","Replace this with polished product copy based on the selected Gulf-market bestseller.","استبدل هذا النص بوصف احترافي للمنتج المناسب لسوق الخليج.","替换为适合海湾市场爆品的正式商品描述。","$99-$199","$75","$65","$55","assets/products/sports/ORDER-371431/main.webp","assets/products/sports/ORDER-371431/detail-01.webp","assets/products/sports/ORDER-371431/detail-02.webp","assets/products/sports/ORDER-371431/detail-03.webp","assets/products/sports/ORDER-371431/detail-04.webp"
"ORDER-371432","sports","Sports and outdoor product 22","منتج الرياضة والهواء الطلق 22","运动户外商品 22","Replace this with polished product copy based on the selected Gulf-market bestseller.","استبدل هذا النص بوصف احترافي للمنتج المناسب لسوق الخليج.","替换为适合海湾市场爆品的正式商品描述。","$99-$199","$75","$65","$55","assets/products/sports/ORDER-371432/main.webp","assets/products/sports/ORDER-371432/detail-01.webp","assets/products/sports/ORDER-371432/detail-02.webp","assets/products/sports/ORDER-371432/detail-03.webp","assets/products/sports/ORDER-371432/detail-04.webp"
"ORDER-371433","sports","Sports and outdoor product 23","منتج الرياضة والهواء الطلق 23","运动户外商品 23","Replace this with polished product copy based on the selected Gulf-market bestseller.","استبدل هذا النص بوصف احترافي للمنتج المناسب لسوق الخليج.","替换为适合海湾市场爆品的正式商品描述。","$99-$199","$75","$65","$55","assets/products/sports/ORDER-371433/main.webp","assets/products/sports/ORDER-371433/detail-01.webp","assets/products/sports/ORDER-371433/detail-02.webp","assets/products/sports/ORDER-371433/detail-03.webp","assets/products/sports/ORDER-371433/detail-04.webp"
"ORDER-371434","sports","Sports and outdoor product 24","منتج الرياضة والهواء الطلق 24","运动户外商品 24","Replace this with polished product copy based on the selected Gulf-market bestseller.","استبدل هذا النص بوصف احترافي للمنتج المناسب لسوق الخليج.","替换为适合海湾市场爆品的正式商品描述。","$99-$199","$75","$65","$55","assets/products/sports/ORDER-371434/main.webp","assets/products/sports/ORDER-371434/detail-01.webp","assets/products/sports/ORDER-371434/detail-02.webp","assets/products/sports/ORDER-371434/detail-03.webp","assets/products/sports/ORDER-371434/detail-04.webp"
"ORDER-371435","sports","Sports and outdoor product 25","منتج الرياضة والهواء الطلق 25","运动户外商品 25","Replace this with polished product copy based on the selected Gulf-market bestseller.","استبدل هذا النص بوصف احترافي للمنتج المناسب لسوق الخليج.","替换为适合海湾市场爆品的正式商品描述。","$99-$199","$75","$65","$55","assets/products/sports/ORDER-371435/main.webp","assets/products/sports/ORDER-371435/detail-01.webp","assets/products/sports/ORDER-371435/detail-02.webp","assets/products/sports/ORDER-371435/detail-03.webp","assets/products/sports/ORDER-371435/detail-04.webp"
"ORDER-371436","sports","Sports and outdoor product 26","منتج الرياضة والهواء الطلق 26","运动户外商品 26","Replace this with polished product copy based on the selected Gulf-market bestseller.","استبدل هذا النص بوصف احترافي للمنتج المناسب لسوق الخليج.","替换为适合海湾市场爆品的正式商品描述。","$99-$199","$75","$65","$55","assets/products/sports/ORDER-371436/main.webp","assets/products/sports/ORDER-371436/detail-01.webp","assets/products/sports/ORDER-371436/detail-02.webp","assets/products/sports/ORDER-371436/detail-03.webp","assets/products/sports/ORDER-371436/detail-04.webp"
"ORDER-371437","sports","Sports and outdoor product 27","منتج الرياضة والهواء الطلق 27","运动户外商品 27","Replace this with polished product copy based on the selected Gulf-market bestseller.","استبدل هذا النص بوصف احترافي للمنتج المناسب لسوق الخليج.","替换为适合海湾市场爆品的正式商品描述。","$99-$199","$75","$65","$55","assets/products/sports/ORDER-371437/main.webp","assets/products/sports/ORDER-371437/detail-01.webp","assets/products/sports/ORDER-371437/detail-02.webp","assets/products/sports/ORDER-371437/detail-03.webp","assets/products/sports/ORDER-371437/detail-04.webp"
"ORDER-371438","sports","Sports and outdoor product 28","منتج الرياضة والهواء الطلق 28","运动户外商品 28","Replace this with polished product copy based on the selected Gulf-market bestseller.","استبدل هذا النص بوصف احترافي للمنتج المناسب لسوق الخليج.","替换为适合海湾市场爆品的正式商品描述。","$99-$199","$75","$65","$55","assets/products/sports/ORDER-371438/main.webp","assets/products/sports/ORDER-371438/detail-01.webp","assets/products/sports/ORDER-371438/detail-02.webp","assets/products/sports/ORDER-371438/detail-03.webp","assets/products/sports/ORDER-371438/detail-04.webp"
"ORDER-371439","sports","Sports and outdoor product 29","منتج الرياضة والهواء الطلق 29","运动户外商品 29","Replace this with polished product copy based on the selected Gulf-market bestseller.","استبدل هذا النص بوصف احترافي للمنتج المناسب لسوق الخليج.","替换为适合海湾市场爆品的正式商品描述。","$99-$199","$75","$65","$55","assets/products/sports/ORDER-371439/main.webp","assets/products/sports/ORDER-371439/detail-01.webp","assets/products/sports/ORDER-371439/detail-02.webp","assets/products/sports/ORDER-371439/detail-03.webp","assets/products/sports/ORDER-371439/detail-04.webp"
"ORDER-371440","sports","Sports and outdoor product 30","منتج الرياضة والهواء الطلق 30","运动户外商品 30","Replace this with polished product copy based on the selected Gulf-market bestseller.","استبدل هذا النص بوصف احترافي للمنتج المناسب لسوق الخليج.","替换为适合海湾市场爆品的正式商品描述。","$99-$199","$75","$65","$55","assets/products/sports/ORDER-371440/main.webp","assets/products/sports/ORDER-371440/detail-01.webp","assets/products/sports/ORDER-371440/detail-02.webp","assets/products/sports/ORDER-371440/detail-03.webp","assets/products/sports/ORDER-371440/detail-04.webp"
"ORDER-371441","sports","Sports and outdoor product 31","منتج الرياضة والهواء الطلق 31","运动户外商品 31","Replace this with polished product copy based on the selected Gulf-market bestseller.","استبدل هذا النص بوصف احترافي للمنتج المناسب لسوق الخليج.","替换为适合海湾市场爆品的正式商品描述。","$99-$199","$75","$65","$55","assets/products/sports/ORDER-371441/main.webp","assets/products/sports/ORDER-371441/detail-01.webp","assets/products/sports/ORDER-371441/detail-02.webp","assets/products/sports/ORDER-371441/detail-03.webp","assets/products/sports/ORDER-371441/detail-04.webp"
"ORDER-371442","sports","Sports and outdoor product 32","منتج الرياضة والهواء الطلق 32","运动户外商品 32","Replace this with polished product copy based on the selected Gulf-market bestseller.","استبدل هذا النص بوصف احترافي للمنتج المناسب لسوق الخليج.","替换为适合海湾市场爆品的正式商品描述。","$99-$199","$75","$65","$55","assets/products/sports/ORDER-371442/main.webp","assets/products/sports/ORDER-371442/detail-01.webp","assets/products/sports/ORDER-371442/detail-02.webp","assets/products/sports/ORDER-371442/detail-03.webp","assets/products/sports/ORDER-371442/detail-04.webp"
"ORDER-371443","sports","Sports and outdoor product 33","منتج الرياضة والهواء الطلق 33","运动户外商品 33","Replace this with polished product copy based on the selected Gulf-market bestseller.","استبدل هذا النص بوصف احترافي للمنتج المناسب لسوق الخليج.","替换为适合海湾市场爆品的正式商品描述。","$99-$199","$75","$65","$55","assets/products/sports/ORDER-371443/main.webp","assets/products/sports/ORDER-371443/detail-01.webp","assets/products/sports/ORDER-371443/detail-02.webp","assets/products/sports/ORDER-371443/detail-03.webp","assets/products/sports/ORDER-371443/detail-04.webp"
"ORDER-371444","sports","Sports and outdoor product 34","منتج الرياضة والهواء الطلق 34","运动户外商品 34","Replace this with polished product copy based on the selected Gulf-market bestseller.","استبدل هذا النص بوصف احترافي للمنتج المناسب لسوق الخليج.","替换为适合海湾市场爆品的正式商品描述。","$99-$199","$75","$65","$55","assets/products/sports/ORDER-371444/main.webp","assets/products/sports/ORDER-371444/detail-01.webp","assets/products/sports/ORDER-371444/detail-02.webp","assets/products/sports/ORDER-371444/detail-03.webp","assets/products/sports/ORDER-371444/detail-04.webp"
"ORDER-371445","sports","Sports and outdoor product 35","منتج الرياضة والهواء الطلق 35","运动户外商品 35","Replace this with polished product copy based on the selected Gulf-market bestseller.","استبدل هذا النص بوصف احترافي للمنتج المناسب لسوق الخليج.","替换为适合海湾市场爆品的正式商品描述。","$99-$199","$75","$65","$55","assets/products/sports/ORDER-371445/main.webp","assets/products/sports/ORDER-371445/detail-01.webp","assets/products/sports/ORDER-371445/detail-02.webp","assets/products/sports/ORDER-371445/detail-03.webp","assets/products/sports/ORDER-371445/detail-04.webp"
"ORDER-371446","sports","Sports and outdoor product 36","منتج الرياضة والهواء الطلق 36","运动户外商品 36","Replace this with polished product copy based on the selected Gulf-market bestseller.","استبدل هذا النص بوصف احترافي للمنتج المناسب لسوق الخليج.","替换为适合海湾市场爆品的正式商品描述。","$99-$199","$75","$65","$55","assets/products/sports/ORDER-371446/main.webp","assets/products/sports/ORDER-371446/detail-01.webp","assets/products/sports/ORDER-371446/detail-02.webp","assets/products/sports/ORDER-371446/detail-03.webp","assets/products/sports/ORDER-371446/detail-04.webp"
"ORDER-371447","sports","Sports and outdoor product 37","منتج الرياضة والهواء الطلق 37","运动户外商品 37","Replace this with polished product copy based on the selected Gulf-market bestseller.","استبدل هذا النص بوصف احترافي للمنتج المناسب لسوق الخليج.","替换为适合海湾市场爆品的正式商品描述。","$99-$199","$75","$65","$55","assets/products/sports/ORDER-371447/main.webp","assets/products/sports/ORDER-371447/detail-01.webp","assets/products/sports/ORDER-371447/detail-02.webp","assets/products/sports/ORDER-371447/detail-03.webp","assets/products/sports/ORDER-371447/detail-04.webp"
"ORDER-371448","sports","Sports and outdoor product 38","منتج الرياضة والهواء الطلق 38","运动户外商品 38","Replace this with polished product copy based on the selected Gulf-market bestseller.","استبدل هذا النص بوصف احترافي للمنتج المناسب لسوق الخليج.","替换为适合海湾市场爆品的正式商品描述。","$99-$199","$75","$65","$55","assets/products/sports/ORDER-371448/main.webp","assets/products/sports/ORDER-371448/detail-01.webp","assets/products/sports/ORDER-371448/detail-02.webp","assets/products/sports/ORDER-371448/detail-03.webp","assets/products/sports/ORDER-371448/detail-04.webp"
"ORDER-371449","sports","Sports and outdoor product 39","منتج الرياضة والهواء الطلق 39","运动户外商品 39","Replace this with polished product copy based on the selected Gulf-market bestseller.","استبدل هذا النص بوصف احترافي للمنتج المناسب لسوق الخليج.","替换为适合海湾市场爆品的正式商品描述。","$99-$199","$75","$65","$55","assets/products/sports/ORDER-371449/main.webp","assets/products/sports/ORDER-371449/detail-01.webp","assets/products/sports/ORDER-371449/detail-02.webp","assets/products/sports/ORDER-371449/detail-03.webp","assets/products/sports/ORDER-371449/detail-04.webp"
"ORDER-371450","sports","Sports and outdoor product 40","منتج الرياضة والهواء الطلق 40","运动户外商品 40","Replace this with polished product copy based on the selected Gulf-market bestseller.","استبدل هذا النص بوصف احترافي للمنتج المناسب لسوق الخليج.","替换为适合海湾市场爆品的正式商品描述。","$99-$199","$75","$65","$55","assets/products/sports/ORDER-371450/main.webp","assets/products/sports/ORDER-371450/detail-01.webp","assets/products/sports/ORDER-371450/detail-02.webp","assets/products/sports/ORDER-371450/detail-03.webp","assets/products/sports/ORDER-371450/detail-04.webp"
"ORDER-371451","sports","Sports and outdoor product 41","منتج الرياضة والهواء الطلق 41","运动户外商品 41","Replace this with polished product copy based on the selected Gulf-market bestseller.","استبدل هذا النص بوصف احترافي للمنتج المناسب لسوق الخليج.","替换为适合海湾市场爆品的正式商品描述。","$99-$199","$75","$65","$55","assets/products/sports/ORDER-371451/main.webp","assets/products/sports/ORDER-371451/detail-01.webp","assets/products/sports/ORDER-371451/detail-02.webp","assets/products/sports/ORDER-371451/detail-03.webp","assets/products/sports/ORDER-371451/detail-04.webp"
"ORDER-371452","sports","Sports and outdoor product 42","منتج الرياضة والهواء الطلق 42","运动户外商品 42","Replace this with polished product copy based on the selected Gulf-market bestseller.","استبدل هذا النص بوصف احترافي للمنتج المناسب لسوق الخليج.","替换为适合海湾市场爆品的正式商品描述。","$99-$199","$75","$65","$55","assets/products/sports/ORDER-371452/main.webp","assets/products/sports/ORDER-371452/detail-01.webp","assets/products/sports/ORDER-371452/detail-02.webp","assets/products/sports/ORDER-371452/detail-03.webp","assets/products/sports/ORDER-371452/detail-04.webp"
"ORDER-371453","sports","Sports and outdoor product 43","منتج الرياضة والهواء الطلق 43","运动户外商品 43","Replace this with polished product copy based on the selected Gulf-market bestseller.","استبدل هذا النص بوصف احترافي للمنتج المناسب لسوق الخليج.","替换为适合海湾市场爆品的正式商品描述。","$99-$199","$75","$65","$55","assets/products/sports/ORDER-371453/main.webp","assets/products/sports/ORDER-371453/detail-01.webp","assets/products/sports/ORDER-371453/detail-02.webp","assets/products/sports/ORDER-371453/detail-03.webp","assets/products/sports/ORDER-371453/detail-04.webp"
"ORDER-371454","sports","Sports and outdoor product 44","منتج الرياضة والهواء الطلق 44","运动户外商品 44","Replace this with polished product copy based on the selected Gulf-market bestseller.","استبدل هذا النص بوصف احترافي للمنتج المناسب لسوق الخليج.","替换为适合海湾市场爆品的正式商品描述。","$99-$199","$75","$65","$55","assets/products/sports/ORDER-371454/main.webp","assets/products/sports/ORDER-371454/detail-01.webp","assets/products/sports/ORDER-371454/detail-02.webp","assets/products/sports/ORDER-371454/detail-03.webp","assets/products/sports/ORDER-371454/detail-04.webp"
"ORDER-371455","sports","Sports and outdoor product 45","منتج الرياضة والهواء الطلق 45","运动户外商品 45","Replace this with polished product copy based on the selected Gulf-market bestseller.","استبدل هذا النص بوصف احترافي للمنتج المناسب لسوق الخليج.","替换为适合海湾市场爆品的正式商品描述。","$99-$199","$75","$65","$55","assets/products/sports/ORDER-371455/main.webp","assets/products/sports/ORDER-371455/detail-01.webp","assets/products/sports/ORDER-371455/detail-02.webp","assets/products/sports/ORDER-371455/detail-03.webp","assets/products/sports/ORDER-371455/detail-04.webp"
"ORDER-371456","sports","Sports and outdoor product 46","منتج الرياضة والهواء الطلق 46","运动户外商品 46","Replace this with polished product copy based on the selected Gulf-market bestseller.","استبدل هذا النص بوصف احترافي للمنتج المناسب لسوق الخليج.","替换为适合海湾市场爆品的正式商品描述。","$99-$199","$75","$65","$55","assets/products/sports/ORDER-371456/main.webp","assets/products/sports/ORDER-371456/detail-01.webp","assets/products/sports/ORDER-371456/detail-02.webp","assets/products/sports/ORDER-371456/detail-03.webp","assets/products/sports/ORDER-371456/detail-04.webp"
"ORDER-371457","sports","Sports and outdoor product 47","منتج الرياضة والهواء الطلق 47","运动户外商品 47","Replace this with polished product copy based on the selected Gulf-market bestseller.","استبدل هذا النص بوصف احترافي للمنتج المناسب لسوق الخليج.","替换为适合海湾市场爆品的正式商品描述。","$99-$199","$75","$65","$55","assets/products/sports/ORDER-371457/main.webp","assets/products/sports/ORDER-371457/detail-01.webp","assets/products/sports/ORDER-371457/detail-02.webp","assets/products/sports/ORDER-371457/detail-03.webp","assets/products/sports/ORDER-371457/detail-04.webp"
"ORDER-371458","sports","Sports and outdoor product 48","منتج الرياضة والهواء الطلق 48","运动户外商品 48","Replace this with polished product copy based on the selected Gulf-market bestseller.","استبدل هذا النص بوصف احترافي للمنتج المناسب لسوق الخليج.","替换为适合海湾市场爆品的正式商品描述。","$99-$199","$75","$65","$55","assets/products/sports/ORDER-371458/main.webp","assets/products/sports/ORDER-371458/detail-01.webp","assets/products/sports/ORDER-371458/detail-02.webp","assets/products/sports/ORDER-371458/detail-03.webp","assets/products/sports/ORDER-371458/detail-04.webp"
"ORDER-371459","sports","Sports and outdoor product 49","منتج الرياضة والهواء الطلق 49","运动户外商品 49","Replace this with polished product copy based on the selected Gulf-market bestseller.","استبدل هذا النص بوصف احترافي للمنتج المناسب لسوق الخليج.","替换为适合海湾市场爆品的正式商品描述。","$99-$199","$75","$65","$55","assets/products/sports/ORDER-371459/main.webp","assets/products/sports/ORDER-371459/detail-01.webp","assets/products/sports/ORDER-371459/detail-02.webp","assets/products/sports/ORDER-371459/detail-03.webp","assets/products/sports/ORDER-371459/detail-04.webp"
"ORDER-371460","sports","Sports and outdoor product 50","منتج الرياضة والهواء الطلق 50","运动户外商品 50","Replace this with polished product copy based on the selected Gulf-market bestseller.","استبدل هذا النص بوصف احترافي للمنتج المناسب لسوق الخليج.","替换为适合海湾市场爆品的正式商品描述。","$99-$199","$75","$65","$55","assets/products/sports/ORDER-371460/main.webp","assets/products/sports/ORDER-371460/detail-01.webp","assets/products/sports/ORDER-371460/detail-02.webp","assets/products/sports/ORDER-371460/detail-03.webp","assets/products/sports/ORDER-371460/detail-04.webp"
"ORDER-371461","creator","Creator commerce product 1","منتج تجارة المحتوى 1","直播电商商品 1","Replace this with polished product copy based on the selected Gulf-market bestseller.","استبدل هذا النص بوصف احترافي للمنتج المناسب لسوق الخليج.","替换为适合海湾市场爆品的正式商品描述。","$99-$199","$75","$65","$55","assets/products/creator/ORDER-371461/main.webp","assets/products/creator/ORDER-371461/detail-01.webp","assets/products/creator/ORDER-371461/detail-02.webp","assets/products/creator/ORDER-371461/detail-03.webp","assets/products/creator/ORDER-371461/detail-04.webp"
"ORDER-371462","creator","Creator commerce product 2","منتج تجارة المحتوى 2","直播电商商品 2","Replace this with polished product copy based on the selected Gulf-market bestseller.","استبدل هذا النص بوصف احترافي للمنتج المناسب لسوق الخليج.","替换为适合海湾市场爆品的正式商品描述。","$99-$199","$75","$65","$55","assets/products/creator/ORDER-371462/main.webp","assets/products/creator/ORDER-371462/detail-01.webp","assets/products/creator/ORDER-371462/detail-02.webp","assets/products/creator/ORDER-371462/detail-03.webp","assets/products/creator/ORDER-371462/detail-04.webp"
"ORDER-371463","creator","Creator commerce product 3","منتج تجارة المحتوى 3","直播电商商品 3","Replace this with polished product copy based on the selected Gulf-market bestseller.","استبدل هذا النص بوصف احترافي للمنتج المناسب لسوق الخليج.","替换为适合海湾市场爆品的正式商品描述。","$99-$199","$75","$65","$55","assets/products/creator/ORDER-371463/main.webp","assets/products/creator/ORDER-371463/detail-01.webp","assets/products/creator/ORDER-371463/detail-02.webp","assets/products/creator/ORDER-371463/detail-03.webp","assets/products/creator/ORDER-371463/detail-04.webp"
"ORDER-371464","creator","Creator commerce product 4","منتج تجارة المحتوى 4","直播电商商品 4","Replace this with polished product copy based on the selected Gulf-market bestseller.","استبدل هذا النص بوصف احترافي للمنتج المناسب لسوق الخليج.","替换为适合海湾市场爆品的正式商品描述。","$99-$199","$75","$65","$55","assets/products/creator/ORDER-371464/main.webp","assets/products/creator/ORDER-371464/detail-01.webp","assets/products/creator/ORDER-371464/detail-02.webp","assets/products/creator/ORDER-371464/detail-03.webp","assets/products/creator/ORDER-371464/detail-04.webp"
"ORDER-371465","creator","Creator commerce product 5","منتج تجارة المحتوى 5","直播电商商品 5","Replace this with polished product copy based on the selected Gulf-market bestseller.","استبدل هذا النص بوصف احترافي للمنتج المناسب لسوق الخليج.","替换为适合海湾市场爆品的正式商品描述。","$99-$199","$75","$65","$55","assets/products/creator/ORDER-371465/main.webp","assets/products/creator/ORDER-371465/detail-01.webp","assets/products/creator/ORDER-371465/detail-02.webp","assets/products/creator/ORDER-371465/detail-03.webp","assets/products/creator/ORDER-371465/detail-04.webp"
"ORDER-371466","creator","Creator commerce product 6","منتج تجارة المحتوى 6","直播电商商品 6","Replace this with polished product copy based on the selected Gulf-market bestseller.","استبدل هذا النص بوصف احترافي للمنتج المناسب لسوق الخليج.","替换为适合海湾市场爆品的正式商品描述。","$99-$199","$75","$65","$55","assets/products/creator/ORDER-371466/main.webp","assets/products/creator/ORDER-371466/detail-01.webp","assets/products/creator/ORDER-371466/detail-02.webp","assets/products/creator/ORDER-371466/detail-03.webp","assets/products/creator/ORDER-371466/detail-04.webp"
"ORDER-371467","creator","Creator commerce product 7","منتج تجارة المحتوى 7","直播电商商品 7","Replace this with polished product copy based on the selected Gulf-market bestseller.","استبدل هذا النص بوصف احترافي للمنتج المناسب لسوق الخليج.","替换为适合海湾市场爆品的正式商品描述。","$99-$199","$75","$65","$55","assets/products/creator/ORDER-371467/main.webp","assets/products/creator/ORDER-371467/detail-01.webp","assets/products/creator/ORDER-371467/detail-02.webp","assets/products/creator/ORDER-371467/detail-03.webp","assets/products/creator/ORDER-371467/detail-04.webp"
"ORDER-371468","creator","Creator commerce product 8","منتج تجارة المحتوى 8","直播电商商品 8","Replace this with polished product copy based on the selected Gulf-market bestseller.","استبدل هذا النص بوصف احترافي للمنتج المناسب لسوق الخليج.","替换为适合海湾市场爆品的正式商品描述。","$99-$199","$75","$65","$55","assets/products/creator/ORDER-371468/main.webp","assets/products/creator/ORDER-371468/detail-01.webp","assets/products/creator/ORDER-371468/detail-02.webp","assets/products/creator/ORDER-371468/detail-03.webp","assets/products/creator/ORDER-371468/detail-04.webp"
"ORDER-371469","creator","Creator commerce product 9","منتج تجارة المحتوى 9","直播电商商品 9","Replace this with polished product copy based on the selected Gulf-market bestseller.","استبدل هذا النص بوصف احترافي للمنتج المناسب لسوق الخليج.","替换为适合海湾市场爆品的正式商品描述。","$99-$199","$75","$65","$55","assets/products/creator/ORDER-371469/main.webp","assets/products/creator/ORDER-371469/detail-01.webp","assets/products/creator/ORDER-371469/detail-02.webp","assets/products/creator/ORDER-371469/detail-03.webp","assets/products/creator/ORDER-371469/detail-04.webp"
"ORDER-371470","creator","Creator commerce product 10","منتج تجارة المحتوى 10","直播电商商品 10","Replace this with polished product copy based on the selected Gulf-market bestseller.","استبدل هذا النص بوصف احترافي للمنتج المناسب لسوق الخليج.","替换为适合海湾市场爆品的正式商品描述。","$99-$199","$75","$65","$55","assets/products/creator/ORDER-371470/main.webp","assets/products/creator/ORDER-371470/detail-01.webp","assets/products/creator/ORDER-371470/detail-02.webp","assets/products/creator/ORDER-371470/detail-03.webp","assets/products/creator/ORDER-371470/detail-04.webp"
"ORDER-371471","creator","Creator commerce product 11","منتج تجارة المحتوى 11","直播电商商品 11","Replace this with polished product copy based on the selected Gulf-market bestseller.","استبدل هذا النص بوصف احترافي للمنتج المناسب لسوق الخليج.","替换为适合海湾市场爆品的正式商品描述。","$99-$199","$75","$65","$55","assets/products/creator/ORDER-371471/main.webp","assets/products/creator/ORDER-371471/detail-01.webp","assets/products/creator/ORDER-371471/detail-02.webp","assets/products/creator/ORDER-371471/detail-03.webp","assets/products/creator/ORDER-371471/detail-04.webp"
"ORDER-371472","creator","Creator commerce product 12","منتج تجارة المحتوى 12","直播电商商品 12","Replace this with polished product copy based on the selected Gulf-market bestseller.","استبدل هذا النص بوصف احترافي للمنتج المناسب لسوق الخليج.","替换为适合海湾市场爆品的正式商品描述。","$99-$199","$75","$65","$55","assets/products/creator/ORDER-371472/main.webp","assets/products/creator/ORDER-371472/detail-01.webp","assets/products/creator/ORDER-371472/detail-02.webp","assets/products/creator/ORDER-371472/detail-03.webp","assets/products/creator/ORDER-371472/detail-04.webp"
"ORDER-371473","creator","Creator commerce product 13","منتج تجارة المحتوى 13","直播电商商品 13","Replace this with polished product copy based on the selected Gulf-market bestseller.","استبدل هذا النص بوصف احترافي للمنتج المناسب لسوق الخليج.","替换为适合海湾市场爆品的正式商品描述。","$99-$199","$75","$65","$55","assets/products/creator/ORDER-371473/main.webp","assets/products/creator/ORDER-371473/detail-01.webp","assets/products/creator/ORDER-371473/detail-02.webp","assets/products/creator/ORDER-371473/detail-03.webp","assets/products/creator/ORDER-371473/detail-04.webp"
"ORDER-371474","creator","Creator commerce product 14","منتج تجارة المحتوى 14","直播电商商品 14","Replace this with polished product copy based on the selected Gulf-market bestseller.","استبدل هذا النص بوصف احترافي للمنتج المناسب لسوق الخليج.","替换为适合海湾市场爆品的正式商品描述。","$99-$199","$75","$65","$55","assets/products/creator/ORDER-371474/main.webp","assets/products/creator/ORDER-371474/detail-01.webp","assets/products/creator/ORDER-371474/detail-02.webp","assets/products/creator/ORDER-371474/detail-03.webp","assets/products/creator/ORDER-371474/detail-04.webp"
"ORDER-371475","creator","Creator commerce product 15","منتج تجارة المحتوى 15","直播电商商品 15","Replace this with polished product copy based on the selected Gulf-market bestseller.","استبدل هذا النص بوصف احترافي للمنتج المناسب لسوق الخليج.","替换为适合海湾市场爆品的正式商品描述。","$99-$199","$75","$65","$55","assets/products/creator/ORDER-371475/main.webp","assets/products/creator/ORDER-371475/detail-01.webp","assets/products/creator/ORDER-371475/detail-02.webp","assets/products/creator/ORDER-371475/detail-03.webp","assets/products/creator/ORDER-371475/detail-04.webp"
"ORDER-371476","creator","Creator commerce product 16","منتج تجارة المحتوى 16","直播电商商品 16","Replace this with polished product copy based on the selected Gulf-market bestseller.","استبدل هذا النص بوصف احترافي للمنتج المناسب لسوق الخليج.","替换为适合海湾市场爆品的正式商品描述。","$99-$199","$75","$65","$55","assets/products/creator/ORDER-371476/main.webp","assets/products/creator/ORDER-371476/detail-01.webp","assets/products/creator/ORDER-371476/detail-02.webp","assets/products/creator/ORDER-371476/detail-03.webp","assets/products/creator/ORDER-371476/detail-04.webp"
"ORDER-371477","creator","Creator commerce product 17","منتج تجارة المحتوى 17","直播电商商品 17","Replace this with polished product copy based on the selected Gulf-market bestseller.","استبدل هذا النص بوصف احترافي للمنتج المناسب لسوق الخليج.","替换为适合海湾市场爆品的正式商品描述。","$99-$199","$75","$65","$55","assets/products/creator/ORDER-371477/main.webp","assets/products/creator/ORDER-371477/detail-01.webp","assets/products/creator/ORDER-371477/detail-02.webp","assets/products/creator/ORDER-371477/detail-03.webp","assets/products/creator/ORDER-371477/detail-04.webp"
"ORDER-371478","creator","Creator commerce product 18","منتج تجارة المحتوى 18","直播电商商品 18","Replace this with polished product copy based on the selected Gulf-market bestseller.","استبدل هذا النص بوصف احترافي للمنتج المناسب لسوق الخليج.","替换为适合海湾市场爆品的正式商品描述。","$99-$199","$75","$65","$55","assets/products/creator/ORDER-371478/main.webp","assets/products/creator/ORDER-371478/detail-01.webp","assets/products/creator/ORDER-371478/detail-02.webp","assets/products/creator/ORDER-371478/detail-03.webp","assets/products/creator/ORDER-371478/detail-04.webp"
"ORDER-371479","creator","Creator commerce product 19","منتج تجارة المحتوى 19","直播电商商品 19","Replace this with polished product copy based on the selected Gulf-market bestseller.","استبدل هذا النص بوصف احترافي للمنتج المناسب لسوق الخليج.","替换为适合海湾市场爆品的正式商品描述。","$99-$199","$75","$65","$55","assets/products/creator/ORDER-371479/main.webp","assets/products/creator/ORDER-371479/detail-01.webp","assets/products/creator/ORDER-371479/detail-02.webp","assets/products/creator/ORDER-371479/detail-03.webp","assets/products/creator/ORDER-371479/detail-04.webp"
"ORDER-371480","creator","Creator commerce product 20","منتج تجارة المحتوى 20","直播电商商品 20","Replace this with polished product copy based on the selected Gulf-market bestseller.","استبدل هذا النص بوصف احترافي للمنتج المناسب لسوق الخليج.","替换为适合海湾市场爆品的正式商品描述。","$99-$199","$75","$65","$55","assets/products/creator/ORDER-371480/main.webp","assets/products/creator/ORDER-371480/detail-01.webp","assets/products/creator/ORDER-371480/detail-02.webp","assets/products/creator/ORDER-371480/detail-03.webp","assets/products/creator/ORDER-371480/detail-04.webp"
"ORDER-371481","creator","Creator commerce product 21","منتج تجارة المحتوى 21","直播电商商品 21","Replace this with polished product copy based on the selected Gulf-market bestseller.","استبدل هذا النص بوصف احترافي للمنتج المناسب لسوق الخليج.","替换为适合海湾市场爆品的正式商品描述。","$99-$199","$75","$65","$55","assets/products/creator/ORDER-371481/main.webp","assets/products/creator/ORDER-371481/detail-01.webp","assets/products/creator/ORDER-371481/detail-02.webp","assets/products/creator/ORDER-371481/detail-03.webp","assets/products/creator/ORDER-371481/detail-04.webp"
"ORDER-371482","creator","Creator commerce product 22","منتج تجارة المحتوى 22","直播电商商品 22","Replace this with polished product copy based on the selected Gulf-market bestseller.","استبدل هذا النص بوصف احترافي للمنتج المناسب لسوق الخليج.","替换为适合海湾市场爆品的正式商品描述。","$99-$199","$75","$65","$55","assets/products/creator/ORDER-371482/main.webp","assets/products/creator/ORDER-371482/detail-01.webp","assets/products/creator/ORDER-371482/detail-02.webp","assets/products/creator/ORDER-371482/detail-03.webp","assets/products/creator/ORDER-371482/detail-04.webp"
"ORDER-371483","creator","Creator commerce product 23","منتج تجارة المحتوى 23","直播电商商品 23","Replace this with polished product copy based on the selected Gulf-market bestseller.","استبدل هذا النص بوصف احترافي للمنتج المناسب لسوق الخليج.","替换为适合海湾市场爆品的正式商品描述。","$99-$199","$75","$65","$55","assets/products/creator/ORDER-371483/main.webp","assets/products/creator/ORDER-371483/detail-01.webp","assets/products/creator/ORDER-371483/detail-02.webp","assets/products/creator/ORDER-371483/detail-03.webp","assets/products/creator/ORDER-371483/detail-04.webp"
"ORDER-371484","creator","Creator commerce product 24","منتج تجارة المحتوى 24","直播电商商品 24","Replace this with polished product copy based on the selected Gulf-market bestseller.","استبدل هذا النص بوصف احترافي للمنتج المناسب لسوق الخليج.","替换为适合海湾市场爆品的正式商品描述。","$99-$199","$75","$65","$55","assets/products/creator/ORDER-371484/main.webp","assets/products/creator/ORDER-371484/detail-01.webp","assets/products/creator/ORDER-371484/detail-02.webp","assets/products/creator/ORDER-371484/detail-03.webp","assets/products/creator/ORDER-371484/detail-04.webp"
"ORDER-371485","creator","Creator commerce product 25","منتج تجارة المحتوى 25","直播电商商品 25","Replace this with polished product copy based on the selected Gulf-market bestseller.","استبدل هذا النص بوصف احترافي للمنتج المناسب لسوق الخليج.","替换为适合海湾市场爆品的正式商品描述。","$99-$199","$75","$65","$55","assets/products/creator/ORDER-371485/main.webp","assets/products/creator/ORDER-371485/detail-01.webp","assets/products/creator/ORDER-371485/detail-02.webp","assets/products/creator/ORDER-371485/detail-03.webp","assets/products/creator/ORDER-371485/detail-04.webp"
"ORDER-371486","creator","Creator commerce product 26","منتج تجارة المحتوى 26","直播电商商品 26","Replace this with polished product copy based on the selected Gulf-market bestseller.","استبدل هذا النص بوصف احترافي للمنتج المناسب لسوق الخليج.","替换为适合海湾市场爆品的正式商品描述。","$99-$199","$75","$65","$55","assets/products/creator/ORDER-371486/main.webp","assets/products/creator/ORDER-371486/detail-01.webp","assets/products/creator/ORDER-371486/detail-02.webp","assets/products/creator/ORDER-371486/detail-03.webp","assets/products/creator/ORDER-371486/detail-04.webp"
"ORDER-371487","creator","Creator commerce product 27","منتج تجارة المحتوى 27","直播电商商品 27","Replace this with polished product copy based on the selected Gulf-market bestseller.","استبدل هذا النص بوصف احترافي للمنتج المناسب لسوق الخليج.","替换为适合海湾市场爆品的正式商品描述。","$99-$199","$75","$65","$55","assets/products/creator/ORDER-371487/main.webp","assets/products/creator/ORDER-371487/detail-01.webp","assets/products/creator/ORDER-371487/detail-02.webp","assets/products/creator/ORDER-371487/detail-03.webp","assets/products/creator/ORDER-371487/detail-04.webp"
"ORDER-371488","creator","Creator commerce product 28","منتج تجارة المحتوى 28","直播电商商品 28","Replace this with polished product copy based on the selected Gulf-market bestseller.","استبدل هذا النص بوصف احترافي للمنتج المناسب لسوق الخليج.","替换为适合海湾市场爆品的正式商品描述。","$99-$199","$75","$65","$55","assets/products/creator/ORDER-371488/main.webp","assets/products/creator/ORDER-371488/detail-01.webp","assets/products/creator/ORDER-371488/detail-02.webp","assets/products/creator/ORDER-371488/detail-03.webp","assets/products/creator/ORDER-371488/detail-04.webp"
"ORDER-371489","creator","Creator commerce product 29","منتج تجارة المحتوى 29","直播电商商品 29","Replace this with polished product copy based on the selected Gulf-market bestseller.","استبدل هذا النص بوصف احترافي للمنتج المناسب لسوق الخليج.","替换为适合海湾市场爆品的正式商品描述。","$99-$199","$75","$65","$55","assets/products/creator/ORDER-371489/main.webp","assets/products/creator/ORDER-371489/detail-01.webp","assets/products/creator/ORDER-371489/detail-02.webp","assets/products/creator/ORDER-371489/detail-03.webp","assets/products/creator/ORDER-371489/detail-04.webp"
"ORDER-371490","creator","Creator commerce product 30","منتج تجارة المحتوى 30","直播电商商品 30","Replace this with polished product copy based on the selected Gulf-market bestseller.","استبدل هذا النص بوصف احترافي للمنتج المناسب لسوق الخليج.","替换为适合海湾市场爆品的正式商品描述。","$99-$199","$75","$65","$55","assets/products/creator/ORDER-371490/main.webp","assets/products/creator/ORDER-371490/detail-01.webp","assets/products/creator/ORDER-371490/detail-02.webp","assets/products/creator/ORDER-371490/detail-03.webp","assets/products/creator/ORDER-371490/detail-04.webp"
"ORDER-371491","creator","Creator commerce product 31","منتج تجارة المحتوى 31","直播电商商品 31","Replace this with polished product copy based on the selected Gulf-market bestseller.","استبدل هذا النص بوصف احترافي للمنتج المناسب لسوق الخليج.","替换为适合海湾市场爆品的正式商品描述。","$99-$199","$75","$65","$55","assets/products/creator/ORDER-371491/main.webp","assets/products/creator/ORDER-371491/detail-01.webp","assets/products/creator/ORDER-371491/detail-02.webp","assets/products/creator/ORDER-371491/detail-03.webp","assets/products/creator/ORDER-371491/detail-04.webp"
"ORDER-371492","creator","Creator commerce product 32","منتج تجارة المحتوى 32","直播电商商品 32","Replace this with polished product copy based on the selected Gulf-market bestseller.","استبدل هذا النص بوصف احترافي للمنتج المناسب لسوق الخليج.","替换为适合海湾市场爆品的正式商品描述。","$99-$199","$75","$65","$55","assets/products/creator/ORDER-371492/main.webp","assets/products/creator/ORDER-371492/detail-01.webp","assets/products/creator/ORDER-371492/detail-02.webp","assets/products/creator/ORDER-371492/detail-03.webp","assets/products/creator/ORDER-371492/detail-04.webp"
"ORDER-371493","creator","Creator commerce product 33","منتج تجارة المحتوى 33","直播电商商品 33","Replace this with polished product copy based on the selected Gulf-market bestseller.","استبدل هذا النص بوصف احترافي للمنتج المناسب لسوق الخليج.","替换为适合海湾市场爆品的正式商品描述。","$99-$199","$75","$65","$55","assets/products/creator/ORDER-371493/main.webp","assets/products/creator/ORDER-371493/detail-01.webp","assets/products/creator/ORDER-371493/detail-02.webp","assets/products/creator/ORDER-371493/detail-03.webp","assets/products/creator/ORDER-371493/detail-04.webp"
"ORDER-371494","creator","Creator commerce product 34","منتج تجارة المحتوى 34","直播电商商品 34","Replace this with polished product copy based on the selected Gulf-market bestseller.","استبدل هذا النص بوصف احترافي للمنتج المناسب لسوق الخليج.","替换为适合海湾市场爆品的正式商品描述。","$99-$199","$75","$65","$55","assets/products/creator/ORDER-371494/main.webp","assets/products/creator/ORDER-371494/detail-01.webp","assets/products/creator/ORDER-371494/detail-02.webp","assets/products/creator/ORDER-371494/detail-03.webp","assets/products/creator/ORDER-371494/detail-04.webp"
"ORDER-371495","creator","Creator commerce product 35","منتج تجارة المحتوى 35","直播电商商品 35","Replace this with polished product copy based on the selected Gulf-market bestseller.","استبدل هذا النص بوصف احترافي للمنتج المناسب لسوق الخليج.","替换为适合海湾市场爆品的正式商品描述。","$99-$199","$75","$65","$55","assets/products/creator/ORDER-371495/main.webp","assets/products/creator/ORDER-371495/detail-01.webp","assets/products/creator/ORDER-371495/detail-02.webp","assets/products/creator/ORDER-371495/detail-03.webp","assets/products/creator/ORDER-371495/detail-04.webp"
"ORDER-371496","creator","Creator commerce product 36","منتج تجارة المحتوى 36","直播电商商品 36","Replace this with polished product copy based on the selected Gulf-market bestseller.","استبدل هذا النص بوصف احترافي للمنتج المناسب لسوق الخليج.","替换为适合海湾市场爆品的正式商品描述。","$99-$199","$75","$65","$55","assets/products/creator/ORDER-371496/main.webp","assets/products/creator/ORDER-371496/detail-01.webp","assets/products/creator/ORDER-371496/detail-02.webp","assets/products/creator/ORDER-371496/detail-03.webp","assets/products/creator/ORDER-371496/detail-04.webp"
"ORDER-371497","creator","Creator commerce product 37","منتج تجارة المحتوى 37","直播电商商品 37","Replace this with polished product copy based on the selected Gulf-market bestseller.","استبدل هذا النص بوصف احترافي للمنتج المناسب لسوق الخليج.","替换为适合海湾市场爆品的正式商品描述。","$99-$199","$75","$65","$55","assets/products/creator/ORDER-371497/main.webp","assets/products/creator/ORDER-371497/detail-01.webp","assets/products/creator/ORDER-371497/detail-02.webp","assets/products/creator/ORDER-371497/detail-03.webp","assets/products/creator/ORDER-371497/detail-04.webp"
"ORDER-371498","creator","Creator commerce product 38","منتج تجارة المحتوى 38","直播电商商品 38","Replace this with polished product copy based on the selected Gulf-market bestseller.","استبدل هذا النص بوصف احترافي للمنتج المناسب لسوق الخليج.","替换为适合海湾市场爆品的正式商品描述。","$99-$199","$75","$65","$55","assets/products/creator/ORDER-371498/main.webp","assets/products/creator/ORDER-371498/detail-01.webp","assets/products/creator/ORDER-371498/detail-02.webp","assets/products/creator/ORDER-371498/detail-03.webp","assets/products/creator/ORDER-371498/detail-04.webp"
"ORDER-371499","creator","Creator commerce product 39","منتج تجارة المحتوى 39","直播电商商品 39","Replace this with polished product copy based on the selected Gulf-market bestseller.","استبدل هذا النص بوصف احترافي للمنتج المناسب لسوق الخليج.","替换为适合海湾市场爆品的正式商品描述。","$99-$199","$75","$65","$55","assets/products/creator/ORDER-371499/main.webp","assets/products/creator/ORDER-371499/detail-01.webp","assets/products/creator/ORDER-371499/detail-02.webp","assets/products/creator/ORDER-371499/detail-03.webp","assets/products/creator/ORDER-371499/detail-04.webp"
"ORDER-371500","creator","Creator commerce product 40","منتج تجارة المحتوى 40","直播电商商品 40","Replace this with polished product copy based on the selected Gulf-market bestseller.","استبدل هذا النص بوصف احترافي للمنتج المناسب لسوق الخليج.","替换为适合海湾市场爆品的正式商品描述。","$99-$199","$75","$65","$55","assets/products/creator/ORDER-371500/main.webp","assets/products/creator/ORDER-371500/detail-01.webp","assets/products/creator/ORDER-371500/detail-02.webp","assets/products/creator/ORDER-371500/detail-03.webp","assets/products/creator/ORDER-371500/detail-04.webp"
"ORDER-371501","creator","Creator commerce product 41","منتج تجارة المحتوى 41","直播电商商品 41","Replace this with polished product copy based on the selected Gulf-market bestseller.","استبدل هذا النص بوصف احترافي للمنتج المناسب لسوق الخليج.","替换为适合海湾市场爆品的正式商品描述。","$99-$199","$75","$65","$55","assets/products/creator/ORDER-371501/main.webp","assets/products/creator/ORDER-371501/detail-01.webp","assets/products/creator/ORDER-371501/detail-02.webp","assets/products/creator/ORDER-371501/detail-03.webp","assets/products/creator/ORDER-371501/detail-04.webp"
"ORDER-371502","creator","Creator commerce product 42","منتج تجارة المحتوى 42","直播电商商品 42","Replace this with polished product copy based on the selected Gulf-market bestseller.","استبدل هذا النص بوصف احترافي للمنتج المناسب لسوق الخليج.","替换为适合海湾市场爆品的正式商品描述。","$99-$199","$75","$65","$55","assets/products/creator/ORDER-371502/main.webp","assets/products/creator/ORDER-371502/detail-01.webp","assets/products/creator/ORDER-371502/detail-02.webp","assets/products/creator/ORDER-371502/detail-03.webp","assets/products/creator/ORDER-371502/detail-04.webp"
"ORDER-371503","creator","Creator commerce product 43","منتج تجارة المحتوى 43","直播电商商品 43","Replace this with polished product copy based on the selected Gulf-market bestseller.","استبدل هذا النص بوصف احترافي للمنتج المناسب لسوق الخليج.","替换为适合海湾市场爆品的正式商品描述。","$99-$199","$75","$65","$55","assets/products/creator/ORDER-371503/main.webp","assets/products/creator/ORDER-371503/detail-01.webp","assets/products/creator/ORDER-371503/detail-02.webp","assets/products/creator/ORDER-371503/detail-03.webp","assets/products/creator/ORDER-371503/detail-04.webp"
"ORDER-371504","creator","Creator commerce product 44","منتج تجارة المحتوى 44","直播电商商品 44","Replace this with polished product copy based on the selected Gulf-market bestseller.","استبدل هذا النص بوصف احترافي للمنتج المناسب لسوق الخليج.","替换为适合海湾市场爆品的正式商品描述。","$99-$199","$75","$65","$55","assets/products/creator/ORDER-371504/main.webp","assets/products/creator/ORDER-371504/detail-01.webp","assets/products/creator/ORDER-371504/detail-02.webp","assets/products/creator/ORDER-371504/detail-03.webp","assets/products/creator/ORDER-371504/detail-04.webp"
"ORDER-371505","creator","Creator commerce product 45","منتج تجارة المحتوى 45","直播电商商品 45","Replace this with polished product copy based on the selected Gulf-market bestseller.","استبدل هذا النص بوصف احترافي للمنتج المناسب لسوق الخليج.","替换为适合海湾市场爆品的正式商品描述。","$99-$199","$75","$65","$55","assets/products/creator/ORDER-371505/main.webp","assets/products/creator/ORDER-371505/detail-01.webp","assets/products/creator/ORDER-371505/detail-02.webp","assets/products/creator/ORDER-371505/detail-03.webp","assets/products/creator/ORDER-371505/detail-04.webp"
"ORDER-371506","creator","Creator commerce product 46","منتج تجارة المحتوى 46","直播电商商品 46","Replace this with polished product copy based on the selected Gulf-market bestseller.","استبدل هذا النص بوصف احترافي للمنتج المناسب لسوق الخليج.","替换为适合海湾市场爆品的正式商品描述。","$99-$199","$75","$65","$55","assets/products/creator/ORDER-371506/main.webp","assets/products/creator/ORDER-371506/detail-01.webp","assets/products/creator/ORDER-371506/detail-02.webp","assets/products/creator/ORDER-371506/detail-03.webp","assets/products/creator/ORDER-371506/detail-04.webp"
"ORDER-371507","creator","Creator commerce product 47","منتج تجارة المحتوى 47","直播电商商品 47","Replace this with polished product copy based on the selected Gulf-market bestseller.","استبدل هذا النص بوصف احترافي للمنتج المناسب لسوق الخليج.","替换为适合海湾市场爆品的正式商品描述。","$99-$199","$75","$65","$55","assets/products/creator/ORDER-371507/main.webp","assets/products/creator/ORDER-371507/detail-01.webp","assets/products/creator/ORDER-371507/detail-02.webp","assets/products/creator/ORDER-371507/detail-03.webp","assets/products/creator/ORDER-371507/detail-04.webp"
"ORDER-371508","creator","Creator commerce product 48","منتج تجارة المحتوى 48","直播电商商品 48","Replace this with polished product copy based on the selected Gulf-market bestseller.","استبدل هذا النص بوصف احترافي للمنتج المناسب لسوق الخليج.","替换为适合海湾市场爆品的正式商品描述。","$99-$199","$75","$65","$55","assets/products/creator/ORDER-371508/main.webp","assets/products/creator/ORDER-371508/detail-01.webp","assets/products/creator/ORDER-371508/detail-02.webp","assets/products/creator/ORDER-371508/detail-03.webp","assets/products/creator/ORDER-371508/detail-04.webp"
"ORDER-371509","creator","Creator commerce product 49","منتج تجارة المحتوى 49","直播电商商品 49","Replace this with polished product copy based on the selected Gulf-market bestseller.","استبدل هذا النص بوصف احترافي للمنتج المناسب لسوق الخليج.","替换为适合海湾市场爆品的正式商品描述。","$99-$199","$75","$65","$55","assets/products/creator/ORDER-371509/main.webp","assets/products/creator/ORDER-371509/detail-01.webp","assets/products/creator/ORDER-371509/detail-02.webp","assets/products/creator/ORDER-371509/detail-03.webp","assets/products/creator/ORDER-371509/detail-04.webp"
"ORDER-371510","creator","Creator commerce product 50","منتج تجارة المحتوى 50","直播电商商品 50","Replace this with polished product copy based on the selected Gulf-market bestseller.","استبدل هذا النص بوصف احترافي للمنتج المناسب لسوق الخليج.","替换为适合海湾市场爆品的正式商品描述。","$99-$199","$75","$65","$55","assets/products/creator/ORDER-371510/main.webp","assets/products/creator/ORDER-371510/detail-01.webp","assets/products/creator/ORDER-371510/detail-02.webp","assets/products/creator/ORDER-371510/detail-03.webp","assets/products/creator/ORDER-371510/detail-04.webp"
"ORDER-371511","travel","Travel and bag product 1","منتج السفر والحقائب 1","旅行箱包商品 1","Replace this with polished product copy based on the selected Gulf-market bestseller.","استبدل هذا النص بوصف احترافي للمنتج المناسب لسوق الخليج.","替换为适合海湾市场爆品的正式商品描述。","$99-$199","$75","$65","$55","assets/products/travel/ORDER-371511/main.webp","assets/products/travel/ORDER-371511/detail-01.webp","assets/products/travel/ORDER-371511/detail-02.webp","assets/products/travel/ORDER-371511/detail-03.webp","assets/products/travel/ORDER-371511/detail-04.webp"
"ORDER-371512","travel","Travel and bag product 2","منتج السفر والحقائب 2","旅行箱包商品 2","Replace this with polished product copy based on the selected Gulf-market bestseller.","استبدل هذا النص بوصف احترافي للمنتج المناسب لسوق الخليج.","替换为适合海湾市场爆品的正式商品描述。","$99-$199","$75","$65","$55","assets/products/travel/ORDER-371512/main.webp","assets/products/travel/ORDER-371512/detail-01.webp","assets/products/travel/ORDER-371512/detail-02.webp","assets/products/travel/ORDER-371512/detail-03.webp","assets/products/travel/ORDER-371512/detail-04.webp"
"ORDER-371513","travel","Travel and bag product 3","منتج السفر والحقائب 3","旅行箱包商品 3","Replace this with polished product copy based on the selected Gulf-market bestseller.","استبدل هذا النص بوصف احترافي للمنتج المناسب لسوق الخليج.","替换为适合海湾市场爆品的正式商品描述。","$99-$199","$75","$65","$55","assets/products/travel/ORDER-371513/main.webp","assets/products/travel/ORDER-371513/detail-01.webp","assets/products/travel/ORDER-371513/detail-02.webp","assets/products/travel/ORDER-371513/detail-03.webp","assets/products/travel/ORDER-371513/detail-04.webp"
"ORDER-371514","travel","Travel and bag product 4","منتج السفر والحقائب 4","旅行箱包商品 4","Replace this with polished product copy based on the selected Gulf-market bestseller.","استبدل هذا النص بوصف احترافي للمنتج المناسب لسوق الخليج.","替换为适合海湾市场爆品的正式商品描述。","$99-$199","$75","$65","$55","assets/products/travel/ORDER-371514/main.webp","assets/products/travel/ORDER-371514/detail-01.webp","assets/products/travel/ORDER-371514/detail-02.webp","assets/products/travel/ORDER-371514/detail-03.webp","assets/products/travel/ORDER-371514/detail-04.webp"
"ORDER-371515","travel","Travel and bag product 5","منتج السفر والحقائب 5","旅行箱包商品 5","Replace this with polished product copy based on the selected Gulf-market bestseller.","استبدل هذا النص بوصف احترافي للمنتج المناسب لسوق الخليج.","替换为适合海湾市场爆品的正式商品描述。","$99-$199","$75","$65","$55","assets/products/travel/ORDER-371515/main.webp","assets/products/travel/ORDER-371515/detail-01.webp","assets/products/travel/ORDER-371515/detail-02.webp","assets/products/travel/ORDER-371515/detail-03.webp","assets/products/travel/ORDER-371515/detail-04.webp"
"ORDER-371516","travel","Travel and bag product 6","منتج السفر والحقائب 6","旅行箱包商品 6","Replace this with polished product copy based on the selected Gulf-market bestseller.","استبدل هذا النص بوصف احترافي للمنتج المناسب لسوق الخليج.","替换为适合海湾市场爆品的正式商品描述。","$99-$199","$75","$65","$55","assets/products/travel/ORDER-371516/main.webp","assets/products/travel/ORDER-371516/detail-01.webp","assets/products/travel/ORDER-371516/detail-02.webp","assets/products/travel/ORDER-371516/detail-03.webp","assets/products/travel/ORDER-371516/detail-04.webp"
"ORDER-371517","travel","Travel and bag product 7","منتج السفر والحقائب 7","旅行箱包商品 7","Replace this with polished product copy based on the selected Gulf-market bestseller.","استبدل هذا النص بوصف احترافي للمنتج المناسب لسوق الخليج.","替换为适合海湾市场爆品的正式商品描述。","$99-$199","$75","$65","$55","assets/products/travel/ORDER-371517/main.webp","assets/products/travel/ORDER-371517/detail-01.webp","assets/products/travel/ORDER-371517/detail-02.webp","assets/products/travel/ORDER-371517/detail-03.webp","assets/products/travel/ORDER-371517/detail-04.webp"
"ORDER-371518","travel","Travel and bag product 8","منتج السفر والحقائب 8","旅行箱包商品 8","Replace this with polished product copy based on the selected Gulf-market bestseller.","استبدل هذا النص بوصف احترافي للمنتج المناسب لسوق الخليج.","替换为适合海湾市场爆品的正式商品描述。","$99-$199","$75","$65","$55","assets/products/travel/ORDER-371518/main.webp","assets/products/travel/ORDER-371518/detail-01.webp","assets/products/travel/ORDER-371518/detail-02.webp","assets/products/travel/ORDER-371518/detail-03.webp","assets/products/travel/ORDER-371518/detail-04.webp"
"ORDER-371519","travel","Travel and bag product 9","منتج السفر والحقائب 9","旅行箱包商品 9","Replace this with polished product copy based on the selected Gulf-market bestseller.","استبدل هذا النص بوصف احترافي للمنتج المناسب لسوق الخليج.","替换为适合海湾市场爆品的正式商品描述。","$99-$199","$75","$65","$55","assets/products/travel/ORDER-371519/main.webp","assets/products/travel/ORDER-371519/detail-01.webp","assets/products/travel/ORDER-371519/detail-02.webp","assets/products/travel/ORDER-371519/detail-03.webp","assets/products/travel/ORDER-371519/detail-04.webp"
"ORDER-371520","travel","Travel and bag product 10","منتج السفر والحقائب 10","旅行箱包商品 10","Replace this with polished product copy based on the selected Gulf-market bestseller.","استبدل هذا النص بوصف احترافي للمنتج المناسب لسوق الخليج.","替换为适合海湾市场爆品的正式商品描述。","$99-$199","$75","$65","$55","assets/products/travel/ORDER-371520/main.webp","assets/products/travel/ORDER-371520/detail-01.webp","assets/products/travel/ORDER-371520/detail-02.webp","assets/products/travel/ORDER-371520/detail-03.webp","assets/products/travel/ORDER-371520/detail-04.webp"
"ORDER-371521","travel","Travel and bag product 11","منتج السفر والحقائب 11","旅行箱包商品 11","Replace this with polished product copy based on the selected Gulf-market bestseller.","استبدل هذا النص بوصف احترافي للمنتج المناسب لسوق الخليج.","替换为适合海湾市场爆品的正式商品描述。","$99-$199","$75","$65","$55","assets/products/travel/ORDER-371521/main.webp","assets/products/travel/ORDER-371521/detail-01.webp","assets/products/travel/ORDER-371521/detail-02.webp","assets/products/travel/ORDER-371521/detail-03.webp","assets/products/travel/ORDER-371521/detail-04.webp"
"ORDER-371522","travel","Travel and bag product 12","منتج السفر والحقائب 12","旅行箱包商品 12","Replace this with polished product copy based on the selected Gulf-market bestseller.","استبدل هذا النص بوصف احترافي للمنتج المناسب لسوق الخليج.","替换为适合海湾市场爆品的正式商品描述。","$99-$199","$75","$65","$55","assets/products/travel/ORDER-371522/main.webp","assets/products/travel/ORDER-371522/detail-01.webp","assets/products/travel/ORDER-371522/detail-02.webp","assets/products/travel/ORDER-371522/detail-03.webp","assets/products/travel/ORDER-371522/detail-04.webp"
"ORDER-371523","travel","Travel and bag product 13","منتج السفر والحقائب 13","旅行箱包商品 13","Replace this with polished product copy based on the selected Gulf-market bestseller.","استبدل هذا النص بوصف احترافي للمنتج المناسب لسوق الخليج.","替换为适合海湾市场爆品的正式商品描述。","$99-$199","$75","$65","$55","assets/products/travel/ORDER-371523/main.webp","assets/products/travel/ORDER-371523/detail-01.webp","assets/products/travel/ORDER-371523/detail-02.webp","assets/products/travel/ORDER-371523/detail-03.webp","assets/products/travel/ORDER-371523/detail-04.webp"
"ORDER-371524","travel","Travel and bag product 14","منتج السفر والحقائب 14","旅行箱包商品 14","Replace this with polished product copy based on the selected Gulf-market bestseller.","استبدل هذا النص بوصف احترافي للمنتج المناسب لسوق الخليج.","替换为适合海湾市场爆品的正式商品描述。","$99-$199","$75","$65","$55","assets/products/travel/ORDER-371524/main.webp","assets/products/travel/ORDER-371524/detail-01.webp","assets/products/travel/ORDER-371524/detail-02.webp","assets/products/travel/ORDER-371524/detail-03.webp","assets/products/travel/ORDER-371524/detail-04.webp"
"ORDER-371525","travel","Travel and bag product 15","منتج السفر والحقائب 15","旅行箱包商品 15","Replace this with polished product copy based on the selected Gulf-market bestseller.","استبدل هذا النص بوصف احترافي للمنتج المناسب لسوق الخليج.","替换为适合海湾市场爆品的正式商品描述。","$99-$199","$75","$65","$55","assets/products/travel/ORDER-371525/main.webp","assets/products/travel/ORDER-371525/detail-01.webp","assets/products/travel/ORDER-371525/detail-02.webp","assets/products/travel/ORDER-371525/detail-03.webp","assets/products/travel/ORDER-371525/detail-04.webp"
"ORDER-371526","travel","Travel and bag product 16","منتج السفر والحقائب 16","旅行箱包商品 16","Replace this with polished product copy based on the selected Gulf-market bestseller.","استبدل هذا النص بوصف احترافي للمنتج المناسب لسوق الخليج.","替换为适合海湾市场爆品的正式商品描述。","$99-$199","$75","$65","$55","assets/products/travel/ORDER-371526/main.webp","assets/products/travel/ORDER-371526/detail-01.webp","assets/products/travel/ORDER-371526/detail-02.webp","assets/products/travel/ORDER-371526/detail-03.webp","assets/products/travel/ORDER-371526/detail-04.webp"
"ORDER-371527","travel","Travel and bag product 17","منتج السفر والحقائب 17","旅行箱包商品 17","Replace this with polished product copy based on the selected Gulf-market bestseller.","استبدل هذا النص بوصف احترافي للمنتج المناسب لسوق الخليج.","替换为适合海湾市场爆品的正式商品描述。","$99-$199","$75","$65","$55","assets/products/travel/ORDER-371527/main.webp","assets/products/travel/ORDER-371527/detail-01.webp","assets/products/travel/ORDER-371527/detail-02.webp","assets/products/travel/ORDER-371527/detail-03.webp","assets/products/travel/ORDER-371527/detail-04.webp"
"ORDER-371528","travel","Travel and bag product 18","منتج السفر والحقائب 18","旅行箱包商品 18","Replace this with polished product copy based on the selected Gulf-market bestseller.","استبدل هذا النص بوصف احترافي للمنتج المناسب لسوق الخليج.","替换为适合海湾市场爆品的正式商品描述。","$99-$199","$75","$65","$55","assets/products/travel/ORDER-371528/main.webp","assets/products/travel/ORDER-371528/detail-01.webp","assets/products/travel/ORDER-371528/detail-02.webp","assets/products/travel/ORDER-371528/detail-03.webp","assets/products/travel/ORDER-371528/detail-04.webp"
"ORDER-371529","travel","Travel and bag product 19","منتج السفر والحقائب 19","旅行箱包商品 19","Replace this with polished product copy based on the selected Gulf-market bestseller.","استبدل هذا النص بوصف احترافي للمنتج المناسب لسوق الخليج.","替换为适合海湾市场爆品的正式商品描述。","$99-$199","$75","$65","$55","assets/products/travel/ORDER-371529/main.webp","assets/products/travel/ORDER-371529/detail-01.webp","assets/products/travel/ORDER-371529/detail-02.webp","assets/products/travel/ORDER-371529/detail-03.webp","assets/products/travel/ORDER-371529/detail-04.webp"
"ORDER-371530","travel","Travel and bag product 20","منتج السفر والحقائب 20","旅行箱包商品 20","Replace this with polished product copy based on the selected Gulf-market bestseller.","استبدل هذا النص بوصف احترافي للمنتج المناسب لسوق الخليج.","替换为适合海湾市场爆品的正式商品描述。","$99-$199","$75","$65","$55","assets/products/travel/ORDER-371530/main.webp","assets/products/travel/ORDER-371530/detail-01.webp","assets/products/travel/ORDER-371530/detail-02.webp","assets/products/travel/ORDER-371530/detail-03.webp","assets/products/travel/ORDER-371530/detail-04.webp"
"ORDER-371531","travel","Travel and bag product 21","منتج السفر والحقائب 21","旅行箱包商品 21","Replace this with polished product copy based on the selected Gulf-market bestseller.","استبدل هذا النص بوصف احترافي للمنتج المناسب لسوق الخليج.","替换为适合海湾市场爆品的正式商品描述。","$99-$199","$75","$65","$55","assets/products/travel/ORDER-371531/main.webp","assets/products/travel/ORDER-371531/detail-01.webp","assets/products/travel/ORDER-371531/detail-02.webp","assets/products/travel/ORDER-371531/detail-03.webp","assets/products/travel/ORDER-371531/detail-04.webp"
"ORDER-371532","travel","Travel and bag product 22","منتج السفر والحقائب 22","旅行箱包商品 22","Replace this with polished product copy based on the selected Gulf-market bestseller.","استبدل هذا النص بوصف احترافي للمنتج المناسب لسوق الخليج.","替换为适合海湾市场爆品的正式商品描述。","$99-$199","$75","$65","$55","assets/products/travel/ORDER-371532/main.webp","assets/products/travel/ORDER-371532/detail-01.webp","assets/products/travel/ORDER-371532/detail-02.webp","assets/products/travel/ORDER-371532/detail-03.webp","assets/products/travel/ORDER-371532/detail-04.webp"
"ORDER-371533","travel","Travel and bag product 23","منتج السفر والحقائب 23","旅行箱包商品 23","Replace this with polished product copy based on the selected Gulf-market bestseller.","استبدل هذا النص بوصف احترافي للمنتج المناسب لسوق الخليج.","替换为适合海湾市场爆品的正式商品描述。","$99-$199","$75","$65","$55","assets/products/travel/ORDER-371533/main.webp","assets/products/travel/ORDER-371533/detail-01.webp","assets/products/travel/ORDER-371533/detail-02.webp","assets/products/travel/ORDER-371533/detail-03.webp","assets/products/travel/ORDER-371533/detail-04.webp"
"ORDER-371534","travel","Travel and bag product 24","منتج السفر والحقائب 24","旅行箱包商品 24","Replace this with polished product copy based on the selected Gulf-market bestseller.","استبدل هذا النص بوصف احترافي للمنتج المناسب لسوق الخليج.","替换为适合海湾市场爆品的正式商品描述。","$99-$199","$75","$65","$55","assets/products/travel/ORDER-371534/main.webp","assets/products/travel/ORDER-371534/detail-01.webp","assets/products/travel/ORDER-371534/detail-02.webp","assets/products/travel/ORDER-371534/detail-03.webp","assets/products/travel/ORDER-371534/detail-04.webp"
"ORDER-371535","travel","Travel and bag product 25","منتج السفر والحقائب 25","旅行箱包商品 25","Replace this with polished product copy based on the selected Gulf-market bestseller.","استبدل هذا النص بوصف احترافي للمنتج المناسب لسوق الخليج.","替换为适合海湾市场爆品的正式商品描述。","$99-$199","$75","$65","$55","assets/products/travel/ORDER-371535/main.webp","assets/products/travel/ORDER-371535/detail-01.webp","assets/products/travel/ORDER-371535/detail-02.webp","assets/products/travel/ORDER-371535/detail-03.webp","assets/products/travel/ORDER-371535/detail-04.webp"
"ORDER-371536","travel","Travel and bag product 26","منتج السفر والحقائب 26","旅行箱包商品 26","Replace this with polished product copy based on the selected Gulf-market bestseller.","استبدل هذا النص بوصف احترافي للمنتج المناسب لسوق الخليج.","替换为适合海湾市场爆品的正式商品描述。","$99-$199","$75","$65","$55","assets/products/travel/ORDER-371536/main.webp","assets/products/travel/ORDER-371536/detail-01.webp","assets/products/travel/ORDER-371536/detail-02.webp","assets/products/travel/ORDER-371536/detail-03.webp","assets/products/travel/ORDER-371536/detail-04.webp"
"ORDER-371537","travel","Travel and bag product 27","منتج السفر والحقائب 27","旅行箱包商品 27","Replace this with polished product copy based on the selected Gulf-market bestseller.","استبدل هذا النص بوصف احترافي للمنتج المناسب لسوق الخليج.","替换为适合海湾市场爆品的正式商品描述。","$99-$199","$75","$65","$55","assets/products/travel/ORDER-371537/main.webp","assets/products/travel/ORDER-371537/detail-01.webp","assets/products/travel/ORDER-371537/detail-02.webp","assets/products/travel/ORDER-371537/detail-03.webp","assets/products/travel/ORDER-371537/detail-04.webp"
"ORDER-371538","travel","Travel and bag product 28","منتج السفر والحقائب 28","旅行箱包商品 28","Replace this with polished product copy based on the selected Gulf-market bestseller.","استبدل هذا النص بوصف احترافي للمنتج المناسب لسوق الخليج.","替换为适合海湾市场爆品的正式商品描述。","$99-$199","$75","$65","$55","assets/products/travel/ORDER-371538/main.webp","assets/products/travel/ORDER-371538/detail-01.webp","assets/products/travel/ORDER-371538/detail-02.webp","assets/products/travel/ORDER-371538/detail-03.webp","assets/products/travel/ORDER-371538/detail-04.webp"
"ORDER-371539","travel","Travel and bag product 29","منتج السفر والحقائب 29","旅行箱包商品 29","Replace this with polished product copy based on the selected Gulf-market bestseller.","استبدل هذا النص بوصف احترافي للمنتج المناسب لسوق الخليج.","替换为适合海湾市场爆品的正式商品描述。","$99-$199","$75","$65","$55","assets/products/travel/ORDER-371539/main.webp","assets/products/travel/ORDER-371539/detail-01.webp","assets/products/travel/ORDER-371539/detail-02.webp","assets/products/travel/ORDER-371539/detail-03.webp","assets/products/travel/ORDER-371539/detail-04.webp"
"ORDER-371540","travel","Travel and bag product 30","منتج السفر والحقائب 30","旅行箱包商品 30","Replace this with polished product copy based on the selected Gulf-market bestseller.","استبدل هذا النص بوصف احترافي للمنتج المناسب لسوق الخليج.","替换为适合海湾市场爆品的正式商品描述。","$99-$199","$75","$65","$55","assets/products/travel/ORDER-371540/main.webp","assets/products/travel/ORDER-371540/detail-01.webp","assets/products/travel/ORDER-371540/detail-02.webp","assets/products/travel/ORDER-371540/detail-03.webp","assets/products/travel/ORDER-371540/detail-04.webp"
"ORDER-371541","travel","Travel and bag product 31","منتج السفر والحقائب 31","旅行箱包商品 31","Replace this with polished product copy based on the selected Gulf-market bestseller.","استبدل هذا النص بوصف احترافي للمنتج المناسب لسوق الخليج.","替换为适合海湾市场爆品的正式商品描述。","$99-$199","$75","$65","$55","assets/products/travel/ORDER-371541/main.webp","assets/products/travel/ORDER-371541/detail-01.webp","assets/products/travel/ORDER-371541/detail-02.webp","assets/products/travel/ORDER-371541/detail-03.webp","assets/products/travel/ORDER-371541/detail-04.webp"
"ORDER-371542","travel","Travel and bag product 32","منتج السفر والحقائب 32","旅行箱包商品 32","Replace this with polished product copy based on the selected Gulf-market bestseller.","استبدل هذا النص بوصف احترافي للمنتج المناسب لسوق الخليج.","替换为适合海湾市场爆品的正式商品描述。","$99-$199","$75","$65","$55","assets/products/travel/ORDER-371542/main.webp","assets/products/travel/ORDER-371542/detail-01.webp","assets/products/travel/ORDER-371542/detail-02.webp","assets/products/travel/ORDER-371542/detail-03.webp","assets/products/travel/ORDER-371542/detail-04.webp"
"ORDER-371543","travel","Travel and bag product 33","منتج السفر والحقائب 33","旅行箱包商品 33","Replace this with polished product copy based on the selected Gulf-market bestseller.","استبدل هذا النص بوصف احترافي للمنتج المناسب لسوق الخليج.","替换为适合海湾市场爆品的正式商品描述。","$99-$199","$75","$65","$55","assets/products/travel/ORDER-371543/main.webp","assets/products/travel/ORDER-371543/detail-01.webp","assets/products/travel/ORDER-371543/detail-02.webp","assets/products/travel/ORDER-371543/detail-03.webp","assets/products/travel/ORDER-371543/detail-04.webp"
"ORDER-371544","travel","Travel and bag product 34","منتج السفر والحقائب 34","旅行箱包商品 34","Replace this with polished product copy based on the selected Gulf-market bestseller.","استبدل هذا النص بوصف احترافي للمنتج المناسب لسوق الخليج.","替换为适合海湾市场爆品的正式商品描述。","$99-$199","$75","$65","$55","assets/products/travel/ORDER-371544/main.webp","assets/products/travel/ORDER-371544/detail-01.webp","assets/products/travel/ORDER-371544/detail-02.webp","assets/products/travel/ORDER-371544/detail-03.webp","assets/products/travel/ORDER-371544/detail-04.webp"
"ORDER-371545","travel","Travel and bag product 35","منتج السفر والحقائب 35","旅行箱包商品 35","Replace this with polished product copy based on the selected Gulf-market bestseller.","استبدل هذا النص بوصف احترافي للمنتج المناسب لسوق الخليج.","替换为适合海湾市场爆品的正式商品描述。","$99-$199","$75","$65","$55","assets/products/travel/ORDER-371545/main.webp","assets/products/travel/ORDER-371545/detail-01.webp","assets/products/travel/ORDER-371545/detail-02.webp","assets/products/travel/ORDER-371545/detail-03.webp","assets/products/travel/ORDER-371545/detail-04.webp"
"ORDER-371546","travel","Travel and bag product 36","منتج السفر والحقائب 36","旅行箱包商品 36","Replace this with polished product copy based on the selected Gulf-market bestseller.","استبدل هذا النص بوصف احترافي للمنتج المناسب لسوق الخليج.","替换为适合海湾市场爆品的正式商品描述。","$99-$199","$75","$65","$55","assets/products/travel/ORDER-371546/main.webp","assets/products/travel/ORDER-371546/detail-01.webp","assets/products/travel/ORDER-371546/detail-02.webp","assets/products/travel/ORDER-371546/detail-03.webp","assets/products/travel/ORDER-371546/detail-04.webp"
"ORDER-371547","travel","Travel and bag product 37","منتج السفر والحقائب 37","旅行箱包商品 37","Replace this with polished product copy based on the selected Gulf-market bestseller.","استبدل هذا النص بوصف احترافي للمنتج المناسب لسوق الخليج.","替换为适合海湾市场爆品的正式商品描述。","$99-$199","$75","$65","$55","assets/products/travel/ORDER-371547/main.webp","assets/products/travel/ORDER-371547/detail-01.webp","assets/products/travel/ORDER-371547/detail-02.webp","assets/products/travel/ORDER-371547/detail-03.webp","assets/products/travel/ORDER-371547/detail-04.webp"
"ORDER-371548","travel","Travel and bag product 38","منتج السفر والحقائب 38","旅行箱包商品 38","Replace this with polished product copy based on the selected Gulf-market bestseller.","استبدل هذا النص بوصف احترافي للمنتج المناسب لسوق الخليج.","替换为适合海湾市场爆品的正式商品描述。","$99-$199","$75","$65","$55","assets/products/travel/ORDER-371548/main.webp","assets/products/travel/ORDER-371548/detail-01.webp","assets/products/travel/ORDER-371548/detail-02.webp","assets/products/travel/ORDER-371548/detail-03.webp","assets/products/travel/ORDER-371548/detail-04.webp"
"ORDER-371549","travel","Travel and bag product 39","منتج السفر والحقائب 39","旅行箱包商品 39","Replace this with polished product copy based on the selected Gulf-market bestseller.","استبدل هذا النص بوصف احترافي للمنتج المناسب لسوق الخليج.","替换为适合海湾市场爆品的正式商品描述。","$99-$199","$75","$65","$55","assets/products/travel/ORDER-371549/main.webp","assets/products/travel/ORDER-371549/detail-01.webp","assets/products/travel/ORDER-371549/detail-02.webp","assets/products/travel/ORDER-371549/detail-03.webp","assets/products/travel/ORDER-371549/detail-04.webp"
"ORDER-371550","travel","Travel and bag product 40","منتج السفر والحقائب 40","旅行箱包商品 40","Replace this with polished product copy based on the selected Gulf-market bestseller.","استبدل هذا النص بوصف احترافي للمنتج المناسب لسوق الخليج.","替换为适合海湾市场爆品的正式商品描述。","$99-$199","$75","$65","$55","assets/products/travel/ORDER-371550/main.webp","assets/products/travel/ORDER-371550/detail-01.webp","assets/products/travel/ORDER-371550/detail-02.webp","assets/products/travel/ORDER-371550/detail-03.webp","assets/products/travel/ORDER-371550/detail-04.webp"
"ORDER-371551","travel","Travel and bag product 41","منتج السفر والحقائب 41","旅行箱包商品 41","Replace this with polished product copy based on the selected Gulf-market bestseller.","استبدل هذا النص بوصف احترافي للمنتج المناسب لسوق الخليج.","替换为适合海湾市场爆品的正式商品描述。","$99-$199","$75","$65","$55","assets/products/travel/ORDER-371551/main.webp","assets/products/travel/ORDER-371551/detail-01.webp","assets/products/travel/ORDER-371551/detail-02.webp","assets/products/travel/ORDER-371551/detail-03.webp","assets/products/travel/ORDER-371551/detail-04.webp"
"ORDER-371552","travel","Travel and bag product 42","منتج السفر والحقائب 42","旅行箱包商品 42","Replace this with polished product copy based on the selected Gulf-market bestseller.","استبدل هذا النص بوصف احترافي للمنتج المناسب لسوق الخليج.","替换为适合海湾市场爆品的正式商品描述。","$99-$199","$75","$65","$55","assets/products/travel/ORDER-371552/main.webp","assets/products/travel/ORDER-371552/detail-01.webp","assets/products/travel/ORDER-371552/detail-02.webp","assets/products/travel/ORDER-371552/detail-03.webp","assets/products/travel/ORDER-371552/detail-04.webp"
"ORDER-371553","travel","Travel and bag product 43","منتج السفر والحقائب 43","旅行箱包商品 43","Replace this with polished product copy based on the selected Gulf-market bestseller.","استبدل هذا النص بوصف احترافي للمنتج المناسب لسوق الخليج.","替换为适合海湾市场爆品的正式商品描述。","$99-$199","$75","$65","$55","assets/products/travel/ORDER-371553/main.webp","assets/products/travel/ORDER-371553/detail-01.webp","assets/products/travel/ORDER-371553/detail-02.webp","assets/products/travel/ORDER-371553/detail-03.webp","assets/products/travel/ORDER-371553/detail-04.webp"
"ORDER-371554","travel","Travel and bag product 44","منتج السفر والحقائب 44","旅行箱包商品 44","Replace this with polished product copy based on the selected Gulf-market bestseller.","استبدل هذا النص بوصف احترافي للمنتج المناسب لسوق الخليج.","替换为适合海湾市场爆品的正式商品描述。","$99-$199","$75","$65","$55","assets/products/travel/ORDER-371554/main.webp","assets/products/travel/ORDER-371554/detail-01.webp","assets/products/travel/ORDER-371554/detail-02.webp","assets/products/travel/ORDER-371554/detail-03.webp","assets/products/travel/ORDER-371554/detail-04.webp"
"ORDER-371555","travel","Travel and bag product 45","منتج السفر والحقائب 45","旅行箱包商品 45","Replace this with polished product copy based on the selected Gulf-market bestseller.","استبدل هذا النص بوصف احترافي للمنتج المناسب لسوق الخليج.","替换为适合海湾市场爆品的正式商品描述。","$99-$199","$75","$65","$55","assets/products/travel/ORDER-371555/main.webp","assets/products/travel/ORDER-371555/detail-01.webp","assets/products/travel/ORDER-371555/detail-02.webp","assets/products/travel/ORDER-371555/detail-03.webp","assets/products/travel/ORDER-371555/detail-04.webp"
"ORDER-371556","travel","Travel and bag product 46","منتج السفر والحقائب 46","旅行箱包商品 46","Replace this with polished product copy based on the selected Gulf-market bestseller.","استبدل هذا النص بوصف احترافي للمنتج المناسب لسوق الخليج.","替换为适合海湾市场爆品的正式商品描述。","$99-$199","$75","$65","$55","assets/products/travel/ORDER-371556/main.webp","assets/products/travel/ORDER-371556/detail-01.webp","assets/products/travel/ORDER-371556/detail-02.webp","assets/products/travel/ORDER-371556/detail-03.webp","assets/products/travel/ORDER-371556/detail-04.webp"
"ORDER-371557","travel","Travel and bag product 47","منتج السفر والحقائب 47","旅行箱包商品 47","Replace this with polished product copy based on the selected Gulf-market bestseller.","استبدل هذا النص بوصف احترافي للمنتج المناسب لسوق الخليج.","替换为适合海湾市场爆品的正式商品描述。","$99-$199","$75","$65","$55","assets/products/travel/ORDER-371557/main.webp","assets/products/travel/ORDER-371557/detail-01.webp","assets/products/travel/ORDER-371557/detail-02.webp","assets/products/travel/ORDER-371557/detail-03.webp","assets/products/travel/ORDER-371557/detail-04.webp"
"ORDER-371558","travel","Travel and bag product 48","منتج السفر والحقائب 48","旅行箱包商品 48","Replace this with polished product copy based on the selected Gulf-market bestseller.","استبدل هذا النص بوصف احترافي للمنتج المناسب لسوق الخليج.","替换为适合海湾市场爆品的正式商品描述。","$99-$199","$75","$65","$55","assets/products/travel/ORDER-371558/main.webp","assets/products/travel/ORDER-371558/detail-01.webp","assets/products/travel/ORDER-371558/detail-02.webp","assets/products/travel/ORDER-371558/detail-03.webp","assets/products/travel/ORDER-371558/detail-04.webp"
"ORDER-371559","travel","Travel and bag product 49","منتج السفر والحقائب 49","旅行箱包商品 49","Replace this with polished product copy based on the selected Gulf-market bestseller.","استبدل هذا النص بوصف احترافي للمنتج المناسب لسوق الخليج.","替换为适合海湾市场爆品的正式商品描述。","$99-$199","$75","$65","$55","assets/products/travel/ORDER-371559/main.webp","assets/products/travel/ORDER-371559/detail-01.webp","assets/products/travel/ORDER-371559/detail-02.webp","assets/products/travel/ORDER-371559/detail-03.webp","assets/products/travel/ORDER-371559/detail-04.webp"
"ORDER-371560","travel","Travel and bag product 50","منتج السفر والحقائب 50","旅行箱包商品 50","Replace this with polished product copy based on the selected Gulf-market bestseller.","استبدل هذا النص بوصف احترافي للمنتج المناسب لسوق الخليج.","替换为适合海湾市场爆品的正式商品描述。","$99-$199","$75","$65","$55","assets/products/travel/ORDER-371560/main.webp","assets/products/travel/ORDER-371560/detail-01.webp","assets/products/travel/ORDER-371560/detail-02.webp","assets/products/travel/ORDER-371560/detail-03.webp","assets/products/travel/ORDER-371560/detail-04.webp"
"ORDER-371561","gaming","Gaming and entertainment product 1","منتج الألعاب والترفيه 1","游戏娱乐商品 1","Replace this with polished product copy based on the selected Gulf-market bestseller.","استبدل هذا النص بوصف احترافي للمنتج المناسب لسوق الخليج.","替换为适合海湾市场爆品的正式商品描述。","$99-$199","$75","$65","$55","assets/products/gaming/ORDER-371561/main.webp","assets/products/gaming/ORDER-371561/detail-01.webp","assets/products/gaming/ORDER-371561/detail-02.webp","assets/products/gaming/ORDER-371561/detail-03.webp","assets/products/gaming/ORDER-371561/detail-04.webp"
"ORDER-371562","gaming","Gaming and entertainment product 2","منتج الألعاب والترفيه 2","游戏娱乐商品 2","Replace this with polished product copy based on the selected Gulf-market bestseller.","استبدل هذا النص بوصف احترافي للمنتج المناسب لسوق الخليج.","替换为适合海湾市场爆品的正式商品描述。","$99-$199","$75","$65","$55","assets/products/gaming/ORDER-371562/main.webp","assets/products/gaming/ORDER-371562/detail-01.webp","assets/products/gaming/ORDER-371562/detail-02.webp","assets/products/gaming/ORDER-371562/detail-03.webp","assets/products/gaming/ORDER-371562/detail-04.webp"
"ORDER-371563","gaming","Gaming and entertainment product 3","منتج الألعاب والترفيه 3","游戏娱乐商品 3","Replace this with polished product copy based on the selected Gulf-market bestseller.","استبدل هذا النص بوصف احترافي للمنتج المناسب لسوق الخليج.","替换为适合海湾市场爆品的正式商品描述。","$99-$199","$75","$65","$55","assets/products/gaming/ORDER-371563/main.webp","assets/products/gaming/ORDER-371563/detail-01.webp","assets/products/gaming/ORDER-371563/detail-02.webp","assets/products/gaming/ORDER-371563/detail-03.webp","assets/products/gaming/ORDER-371563/detail-04.webp"
"ORDER-371564","gaming","Gaming and entertainment product 4","منتج الألعاب والترفيه 4","游戏娱乐商品 4","Replace this with polished product copy based on the selected Gulf-market bestseller.","استبدل هذا النص بوصف احترافي للمنتج المناسب لسوق الخليج.","替换为适合海湾市场爆品的正式商品描述。","$99-$199","$75","$65","$55","assets/products/gaming/ORDER-371564/main.webp","assets/products/gaming/ORDER-371564/detail-01.webp","assets/products/gaming/ORDER-371564/detail-02.webp","assets/products/gaming/ORDER-371564/detail-03.webp","assets/products/gaming/ORDER-371564/detail-04.webp"
"ORDER-371565","gaming","Gaming and entertainment product 5","منتج الألعاب والترفيه 5","游戏娱乐商品 5","Replace this with polished product copy based on the selected Gulf-market bestseller.","استبدل هذا النص بوصف احترافي للمنتج المناسب لسوق الخليج.","替换为适合海湾市场爆品的正式商品描述。","$99-$199","$75","$65","$55","assets/products/gaming/ORDER-371565/main.webp","assets/products/gaming/ORDER-371565/detail-01.webp","assets/products/gaming/ORDER-371565/detail-02.webp","assets/products/gaming/ORDER-371565/detail-03.webp","assets/products/gaming/ORDER-371565/detail-04.webp"
"ORDER-371566","gaming","Gaming and entertainment product 6","منتج الألعاب والترفيه 6","游戏娱乐商品 6","Replace this with polished product copy based on the selected Gulf-market bestseller.","استبدل هذا النص بوصف احترافي للمنتج المناسب لسوق الخليج.","替换为适合海湾市场爆品的正式商品描述。","$99-$199","$75","$65","$55","assets/products/gaming/ORDER-371566/main.webp","assets/products/gaming/ORDER-371566/detail-01.webp","assets/products/gaming/ORDER-371566/detail-02.webp","assets/products/gaming/ORDER-371566/detail-03.webp","assets/products/gaming/ORDER-371566/detail-04.webp"
"ORDER-371567","gaming","Gaming and entertainment product 7","منتج الألعاب والترفيه 7","游戏娱乐商品 7","Replace this with polished product copy based on the selected Gulf-market bestseller.","استبدل هذا النص بوصف احترافي للمنتج المناسب لسوق الخليج.","替换为适合海湾市场爆品的正式商品描述。","$99-$199","$75","$65","$55","assets/products/gaming/ORDER-371567/main.webp","assets/products/gaming/ORDER-371567/detail-01.webp","assets/products/gaming/ORDER-371567/detail-02.webp","assets/products/gaming/ORDER-371567/detail-03.webp","assets/products/gaming/ORDER-371567/detail-04.webp"
"ORDER-371568","gaming","Gaming and entertainment product 8","منتج الألعاب والترفيه 8","游戏娱乐商品 8","Replace this with polished product copy based on the selected Gulf-market bestseller.","استبدل هذا النص بوصف احترافي للمنتج المناسب لسوق الخليج.","替换为适合海湾市场爆品的正式商品描述。","$99-$199","$75","$65","$55","assets/products/gaming/ORDER-371568/main.webp","assets/products/gaming/ORDER-371568/detail-01.webp","assets/products/gaming/ORDER-371568/detail-02.webp","assets/products/gaming/ORDER-371568/detail-03.webp","assets/products/gaming/ORDER-371568/detail-04.webp"
"ORDER-371569","gaming","Gaming and entertainment product 9","منتج الألعاب والترفيه 9","游戏娱乐商品 9","Replace this with polished product copy based on the selected Gulf-market bestseller.","استبدل هذا النص بوصف احترافي للمنتج المناسب لسوق الخليج.","替换为适合海湾市场爆品的正式商品描述。","$99-$199","$75","$65","$55","assets/products/gaming/ORDER-371569/main.webp","assets/products/gaming/ORDER-371569/detail-01.webp","assets/products/gaming/ORDER-371569/detail-02.webp","assets/products/gaming/ORDER-371569/detail-03.webp","assets/products/gaming/ORDER-371569/detail-04.webp"
"ORDER-371570","gaming","Gaming and entertainment product 10","منتج الألعاب والترفيه 10","游戏娱乐商品 10","Replace this with polished product copy based on the selected Gulf-market bestseller.","استبدل هذا النص بوصف احترافي للمنتج المناسب لسوق الخليج.","替换为适合海湾市场爆品的正式商品描述。","$99-$199","$75","$65","$55","assets/products/gaming/ORDER-371570/main.webp","assets/products/gaming/ORDER-371570/detail-01.webp","assets/products/gaming/ORDER-371570/detail-02.webp","assets/products/gaming/ORDER-371570/detail-03.webp","assets/products/gaming/ORDER-371570/detail-04.webp"
"ORDER-371571","gaming","Gaming and entertainment product 11","منتج الألعاب والترفيه 11","游戏娱乐商品 11","Replace this with polished product copy based on the selected Gulf-market bestseller.","استبدل هذا النص بوصف احترافي للمنتج المناسب لسوق الخليج.","替换为适合海湾市场爆品的正式商品描述。","$99-$199","$75","$65","$55","assets/products/gaming/ORDER-371571/main.webp","assets/products/gaming/ORDER-371571/detail-01.webp","assets/products/gaming/ORDER-371571/detail-02.webp","assets/products/gaming/ORDER-371571/detail-03.webp","assets/products/gaming/ORDER-371571/detail-04.webp"
"ORDER-371572","gaming","Gaming and entertainment product 12","منتج الألعاب والترفيه 12","游戏娱乐商品 12","Replace this with polished product copy based on the selected Gulf-market bestseller.","استبدل هذا النص بوصف احترافي للمنتج المناسب لسوق الخليج.","替换为适合海湾市场爆品的正式商品描述。","$99-$199","$75","$65","$55","assets/products/gaming/ORDER-371572/main.webp","assets/products/gaming/ORDER-371572/detail-01.webp","assets/products/gaming/ORDER-371572/detail-02.webp","assets/products/gaming/ORDER-371572/detail-03.webp","assets/products/gaming/ORDER-371572/detail-04.webp"
"ORDER-371573","gaming","Gaming and entertainment product 13","منتج الألعاب والترفيه 13","游戏娱乐商品 13","Replace this with polished product copy based on the selected Gulf-market bestseller.","استبدل هذا النص بوصف احترافي للمنتج المناسب لسوق الخليج.","替换为适合海湾市场爆品的正式商品描述。","$99-$199","$75","$65","$55","assets/products/gaming/ORDER-371573/main.webp","assets/products/gaming/ORDER-371573/detail-01.webp","assets/products/gaming/ORDER-371573/detail-02.webp","assets/products/gaming/ORDER-371573/detail-03.webp","assets/products/gaming/ORDER-371573/detail-04.webp"
"ORDER-371574","gaming","Gaming and entertainment product 14","منتج الألعاب والترفيه 14","游戏娱乐商品 14","Replace this with polished product copy based on the selected Gulf-market bestseller.","استبدل هذا النص بوصف احترافي للمنتج المناسب لسوق الخليج.","替换为适合海湾市场爆品的正式商品描述。","$99-$199","$75","$65","$55","assets/products/gaming/ORDER-371574/main.webp","assets/products/gaming/ORDER-371574/detail-01.webp","assets/products/gaming/ORDER-371574/detail-02.webp","assets/products/gaming/ORDER-371574/detail-03.webp","assets/products/gaming/ORDER-371574/detail-04.webp"
"ORDER-371575","gaming","Gaming and entertainment product 15","منتج الألعاب والترفيه 15","游戏娱乐商品 15","Replace this with polished product copy based on the selected Gulf-market bestseller.","استبدل هذا النص بوصف احترافي للمنتج المناسب لسوق الخليج.","替换为适合海湾市场爆品的正式商品描述。","$99-$199","$75","$65","$55","assets/products/gaming/ORDER-371575/main.webp","assets/products/gaming/ORDER-371575/detail-01.webp","assets/products/gaming/ORDER-371575/detail-02.webp","assets/products/gaming/ORDER-371575/detail-03.webp","assets/products/gaming/ORDER-371575/detail-04.webp"
"ORDER-371576","gaming","Gaming and entertainment product 16","منتج الألعاب والترفيه 16","游戏娱乐商品 16","Replace this with polished product copy based on the selected Gulf-market bestseller.","استبدل هذا النص بوصف احترافي للمنتج المناسب لسوق الخليج.","替换为适合海湾市场爆品的正式商品描述。","$99-$199","$75","$65","$55","assets/products/gaming/ORDER-371576/main.webp","assets/products/gaming/ORDER-371576/detail-01.webp","assets/products/gaming/ORDER-371576/detail-02.webp","assets/products/gaming/ORDER-371576/detail-03.webp","assets/products/gaming/ORDER-371576/detail-04.webp"
"ORDER-371577","gaming","Gaming and entertainment product 17","منتج الألعاب والترفيه 17","游戏娱乐商品 17","Replace this with polished product copy based on the selected Gulf-market bestseller.","استبدل هذا النص بوصف احترافي للمنتج المناسب لسوق الخليج.","替换为适合海湾市场爆品的正式商品描述。","$99-$199","$75","$65","$55","assets/products/gaming/ORDER-371577/main.webp","assets/products/gaming/ORDER-371577/detail-01.webp","assets/products/gaming/ORDER-371577/detail-02.webp","assets/products/gaming/ORDER-371577/detail-03.webp","assets/products/gaming/ORDER-371577/detail-04.webp"
"ORDER-371578","gaming","Gaming and entertainment product 18","منتج الألعاب والترفيه 18","游戏娱乐商品 18","Replace this with polished product copy based on the selected Gulf-market bestseller.","استبدل هذا النص بوصف احترافي للمنتج المناسب لسوق الخليج.","替换为适合海湾市场爆品的正式商品描述。","$99-$199","$75","$65","$55","assets/products/gaming/ORDER-371578/main.webp","assets/products/gaming/ORDER-371578/detail-01.webp","assets/products/gaming/ORDER-371578/detail-02.webp","assets/products/gaming/ORDER-371578/detail-03.webp","assets/products/gaming/ORDER-371578/detail-04.webp"
"ORDER-371579","gaming","Gaming and entertainment product 19","منتج الألعاب والترفيه 19","游戏娱乐商品 19","Replace this with polished product copy based on the selected Gulf-market bestseller.","استبدل هذا النص بوصف احترافي للمنتج المناسب لسوق الخليج.","替换为适合海湾市场爆品的正式商品描述。","$99-$199","$75","$65","$55","assets/products/gaming/ORDER-371579/main.webp","assets/products/gaming/ORDER-371579/detail-01.webp","assets/products/gaming/ORDER-371579/detail-02.webp","assets/products/gaming/ORDER-371579/detail-03.webp","assets/products/gaming/ORDER-371579/detail-04.webp"
"ORDER-371580","gaming","Gaming and entertainment product 20","منتج الألعاب والترفيه 20","游戏娱乐商品 20","Replace this with polished product copy based on the selected Gulf-market bestseller.","استبدل هذا النص بوصف احترافي للمنتج المناسب لسوق الخليج.","替换为适合海湾市场爆品的正式商品描述。","$99-$199","$75","$65","$55","assets/products/gaming/ORDER-371580/main.webp","assets/products/gaming/ORDER-371580/detail-01.webp","assets/products/gaming/ORDER-371580/detail-02.webp","assets/products/gaming/ORDER-371580/detail-03.webp","assets/products/gaming/ORDER-371580/detail-04.webp"
"ORDER-371581","gaming","Gaming and entertainment product 21","منتج الألعاب والترفيه 21","游戏娱乐商品 21","Replace this with polished product copy based on the selected Gulf-market bestseller.","استبدل هذا النص بوصف احترافي للمنتج المناسب لسوق الخليج.","替换为适合海湾市场爆品的正式商品描述。","$99-$199","$75","$65","$55","assets/products/gaming/ORDER-371581/main.webp","assets/products/gaming/ORDER-371581/detail-01.webp","assets/products/gaming/ORDER-371581/detail-02.webp","assets/products/gaming/ORDER-371581/detail-03.webp","assets/products/gaming/ORDER-371581/detail-04.webp"
"ORDER-371582","gaming","Gaming and entertainment product 22","منتج الألعاب والترفيه 22","游戏娱乐商品 22","Replace this with polished product copy based on the selected Gulf-market bestseller.","استبدل هذا النص بوصف احترافي للمنتج المناسب لسوق الخليج.","替换为适合海湾市场爆品的正式商品描述。","$99-$199","$75","$65","$55","assets/products/gaming/ORDER-371582/main.webp","assets/products/gaming/ORDER-371582/detail-01.webp","assets/products/gaming/ORDER-371582/detail-02.webp","assets/products/gaming/ORDER-371582/detail-03.webp","assets/products/gaming/ORDER-371582/detail-04.webp"
"ORDER-371583","gaming","Gaming and entertainment product 23","منتج الألعاب والترفيه 23","游戏娱乐商品 23","Replace this with polished product copy based on the selected Gulf-market bestseller.","استبدل هذا النص بوصف احترافي للمنتج المناسب لسوق الخليج.","替换为适合海湾市场爆品的正式商品描述。","$99-$199","$75","$65","$55","assets/products/gaming/ORDER-371583/main.webp","assets/products/gaming/ORDER-371583/detail-01.webp","assets/products/gaming/ORDER-371583/detail-02.webp","assets/products/gaming/ORDER-371583/detail-03.webp","assets/products/gaming/ORDER-371583/detail-04.webp"
"ORDER-371584","gaming","Gaming and entertainment product 24","منتج الألعاب والترفيه 24","游戏娱乐商品 24","Replace this with polished product copy based on the selected Gulf-market bestseller.","استبدل هذا النص بوصف احترافي للمنتج المناسب لسوق الخليج.","替换为适合海湾市场爆品的正式商品描述。","$99-$199","$75","$65","$55","assets/products/gaming/ORDER-371584/main.webp","assets/products/gaming/ORDER-371584/detail-01.webp","assets/products/gaming/ORDER-371584/detail-02.webp","assets/products/gaming/ORDER-371584/detail-03.webp","assets/products/gaming/ORDER-371584/detail-04.webp"
"ORDER-371585","gaming","Gaming and entertainment product 25","منتج الألعاب والترفيه 25","游戏娱乐商品 25","Replace this with polished product copy based on the selected Gulf-market bestseller.","استبدل هذا النص بوصف احترافي للمنتج المناسب لسوق الخليج.","替换为适合海湾市场爆品的正式商品描述。","$99-$199","$75","$65","$55","assets/products/gaming/ORDER-371585/main.webp","assets/products/gaming/ORDER-371585/detail-01.webp","assets/products/gaming/ORDER-371585/detail-02.webp","assets/products/gaming/ORDER-371585/detail-03.webp","assets/products/gaming/ORDER-371585/detail-04.webp"
"ORDER-371586","gaming","Gaming and entertainment product 26","منتج الألعاب والترفيه 26","游戏娱乐商品 26","Replace this with polished product copy based on the selected Gulf-market bestseller.","استبدل هذا النص بوصف احترافي للمنتج المناسب لسوق الخليج.","替换为适合海湾市场爆品的正式商品描述。","$99-$199","$75","$65","$55","assets/products/gaming/ORDER-371586/main.webp","assets/products/gaming/ORDER-371586/detail-01.webp","assets/products/gaming/ORDER-371586/detail-02.webp","assets/products/gaming/ORDER-371586/detail-03.webp","assets/products/gaming/ORDER-371586/detail-04.webp"
"ORDER-371587","gaming","Gaming and entertainment product 27","منتج الألعاب والترفيه 27","游戏娱乐商品 27","Replace this with polished product copy based on the selected Gulf-market bestseller.","استبدل هذا النص بوصف احترافي للمنتج المناسب لسوق الخليج.","替换为适合海湾市场爆品的正式商品描述。","$99-$199","$75","$65","$55","assets/products/gaming/ORDER-371587/main.webp","assets/products/gaming/ORDER-371587/detail-01.webp","assets/products/gaming/ORDER-371587/detail-02.webp","assets/products/gaming/ORDER-371587/detail-03.webp","assets/products/gaming/ORDER-371587/detail-04.webp"
"ORDER-371588","gaming","Gaming and entertainment product 28","منتج الألعاب والترفيه 28","游戏娱乐商品 28","Replace this with polished product copy based on the selected Gulf-market bestseller.","استبدل هذا النص بوصف احترافي للمنتج المناسب لسوق الخليج.","替换为适合海湾市场爆品的正式商品描述。","$99-$199","$75","$65","$55","assets/products/gaming/ORDER-371588/main.webp","assets/products/gaming/ORDER-371588/detail-01.webp","assets/products/gaming/ORDER-371588/detail-02.webp","assets/products/gaming/ORDER-371588/detail-03.webp","assets/products/gaming/ORDER-371588/detail-04.webp"
"ORDER-371589","gaming","Gaming and entertainment product 29","منتج الألعاب والترفيه 29","游戏娱乐商品 29","Replace this with polished product copy based on the selected Gulf-market bestseller.","استبدل هذا النص بوصف احترافي للمنتج المناسب لسوق الخليج.","替换为适合海湾市场爆品的正式商品描述。","$99-$199","$75","$65","$55","assets/products/gaming/ORDER-371589/main.webp","assets/products/gaming/ORDER-371589/detail-01.webp","assets/products/gaming/ORDER-371589/detail-02.webp","assets/products/gaming/ORDER-371589/detail-03.webp","assets/products/gaming/ORDER-371589/detail-04.webp"
"ORDER-371590","gaming","Gaming and entertainment product 30","منتج الألعاب والترفيه 30","游戏娱乐商品 30","Replace this with polished product copy based on the selected Gulf-market bestseller.","استبدل هذا النص بوصف احترافي للمنتج المناسب لسوق الخليج.","替换为适合海湾市场爆品的正式商品描述。","$99-$199","$75","$65","$55","assets/products/gaming/ORDER-371590/main.webp","assets/products/gaming/ORDER-371590/detail-01.webp","assets/products/gaming/ORDER-371590/detail-02.webp","assets/products/gaming/ORDER-371590/detail-03.webp","assets/products/gaming/ORDER-371590/detail-04.webp"
"ORDER-371591","gaming","Gaming and entertainment product 31","منتج الألعاب والترفيه 31","游戏娱乐商品 31","Replace this with polished product copy based on the selected Gulf-market bestseller.","استبدل هذا النص بوصف احترافي للمنتج المناسب لسوق الخليج.","替换为适合海湾市场爆品的正式商品描述。","$99-$199","$75","$65","$55","assets/products/gaming/ORDER-371591/main.webp","assets/products/gaming/ORDER-371591/detail-01.webp","assets/products/gaming/ORDER-371591/detail-02.webp","assets/products/gaming/ORDER-371591/detail-03.webp","assets/products/gaming/ORDER-371591/detail-04.webp"
"ORDER-371592","gaming","Gaming and entertainment product 32","منتج الألعاب والترفيه 32","游戏娱乐商品 32","Replace this with polished product copy based on the selected Gulf-market bestseller.","استبدل هذا النص بوصف احترافي للمنتج المناسب لسوق الخليج.","替换为适合海湾市场爆品的正式商品描述。","$99-$199","$75","$65","$55","assets/products/gaming/ORDER-371592/main.webp","assets/products/gaming/ORDER-371592/detail-01.webp","assets/products/gaming/ORDER-371592/detail-02.webp","assets/products/gaming/ORDER-371592/detail-03.webp","assets/products/gaming/ORDER-371592/detail-04.webp"
"ORDER-371593","gaming","Gaming and entertainment product 33","منتج الألعاب والترفيه 33","游戏娱乐商品 33","Replace this with polished product copy based on the selected Gulf-market bestseller.","استبدل هذا النص بوصف احترافي للمنتج المناسب لسوق الخليج.","替换为适合海湾市场爆品的正式商品描述。","$99-$199","$75","$65","$55","assets/products/gaming/ORDER-371593/main.webp","assets/products/gaming/ORDER-371593/detail-01.webp","assets/products/gaming/ORDER-371593/detail-02.webp","assets/products/gaming/ORDER-371593/detail-03.webp","assets/products/gaming/ORDER-371593/detail-04.webp"
"ORDER-371594","gaming","Gaming and entertainment product 34","منتج الألعاب والترفيه 34","游戏娱乐商品 34","Replace this with polished product copy based on the selected Gulf-market bestseller.","استبدل هذا النص بوصف احترافي للمنتج المناسب لسوق الخليج.","替换为适合海湾市场爆品的正式商品描述。","$99-$199","$75","$65","$55","assets/products/gaming/ORDER-371594/main.webp","assets/products/gaming/ORDER-371594/detail-01.webp","assets/products/gaming/ORDER-371594/detail-02.webp","assets/products/gaming/ORDER-371594/detail-03.webp","assets/products/gaming/ORDER-371594/detail-04.webp"
"ORDER-371595","gaming","Gaming and entertainment product 35","منتج الألعاب والترفيه 35","游戏娱乐商品 35","Replace this with polished product copy based on the selected Gulf-market bestseller.","استبدل هذا النص بوصف احترافي للمنتج المناسب لسوق الخليج.","替换为适合海湾市场爆品的正式商品描述。","$99-$199","$75","$65","$55","assets/products/gaming/ORDER-371595/main.webp","assets/products/gaming/ORDER-371595/detail-01.webp","assets/products/gaming/ORDER-371595/detail-02.webp","assets/products/gaming/ORDER-371595/detail-03.webp","assets/products/gaming/ORDER-371595/detail-04.webp"
"ORDER-371596","gaming","Gaming and entertainment product 36","منتج الألعاب والترفيه 36","游戏娱乐商品 36","Replace this with polished product copy based on the selected Gulf-market bestseller.","استبدل هذا النص بوصف احترافي للمنتج المناسب لسوق الخليج.","替换为适合海湾市场爆品的正式商品描述。","$99-$199","$75","$65","$55","assets/products/gaming/ORDER-371596/main.webp","assets/products/gaming/ORDER-371596/detail-01.webp","assets/products/gaming/ORDER-371596/detail-02.webp","assets/products/gaming/ORDER-371596/detail-03.webp","assets/products/gaming/ORDER-371596/detail-04.webp"
"ORDER-371597","gaming","Gaming and entertainment product 37","منتج الألعاب والترفيه 37","游戏娱乐商品 37","Replace this with polished product copy based on the selected Gulf-market bestseller.","استبدل هذا النص بوصف احترافي للمنتج المناسب لسوق الخليج.","替换为适合海湾市场爆品的正式商品描述。","$99-$199","$75","$65","$55","assets/products/gaming/ORDER-371597/main.webp","assets/products/gaming/ORDER-371597/detail-01.webp","assets/products/gaming/ORDER-371597/detail-02.webp","assets/products/gaming/ORDER-371597/detail-03.webp","assets/products/gaming/ORDER-371597/detail-04.webp"
"ORDER-371598","gaming","Gaming and entertainment product 38","منتج الألعاب والترفيه 38","游戏娱乐商品 38","Replace this with polished product copy based on the selected Gulf-market bestseller.","استبدل هذا النص بوصف احترافي للمنتج المناسب لسوق الخليج.","替换为适合海湾市场爆品的正式商品描述。","$99-$199","$75","$65","$55","assets/products/gaming/ORDER-371598/main.webp","assets/products/gaming/ORDER-371598/detail-01.webp","assets/products/gaming/ORDER-371598/detail-02.webp","assets/products/gaming/ORDER-371598/detail-03.webp","assets/products/gaming/ORDER-371598/detail-04.webp"
"ORDER-371599","gaming","Gaming and entertainment product 39","منتج الألعاب والترفيه 39","游戏娱乐商品 39","Replace this with polished product copy based on the selected Gulf-market bestseller.","استبدل هذا النص بوصف احترافي للمنتج المناسب لسوق الخليج.","替换为适合海湾市场爆品的正式商品描述。","$99-$199","$75","$65","$55","assets/products/gaming/ORDER-371599/main.webp","assets/products/gaming/ORDER-371599/detail-01.webp","assets/products/gaming/ORDER-371599/detail-02.webp","assets/products/gaming/ORDER-371599/detail-03.webp","assets/products/gaming/ORDER-371599/detail-04.webp"
"ORDER-371600","gaming","Gaming and entertainment product 40","منتج الألعاب والترفيه 40","游戏娱乐商品 40","Replace this with polished product copy based on the selected Gulf-market bestseller.","استبدل هذا النص بوصف احترافي للمنتج المناسب لسوق الخليج.","替换为适合海湾市场爆品的正式商品描述。","$99-$199","$75","$65","$55","assets/products/gaming/ORDER-371600/main.webp","assets/products/gaming/ORDER-371600/detail-01.webp","assets/products/gaming/ORDER-371600/detail-02.webp","assets/products/gaming/ORDER-371600/detail-03.webp","assets/products/gaming/ORDER-371600/detail-04.webp"
"ORDER-371601","gaming","Gaming and entertainment product 41","منتج الألعاب والترفيه 41","游戏娱乐商品 41","Replace this with polished product copy based on the selected Gulf-market bestseller.","استبدل هذا النص بوصف احترافي للمنتج المناسب لسوق الخليج.","替换为适合海湾市场爆品的正式商品描述。","$99-$199","$75","$65","$55","assets/products/gaming/ORDER-371601/main.webp","assets/products/gaming/ORDER-371601/detail-01.webp","assets/products/gaming/ORDER-371601/detail-02.webp","assets/products/gaming/ORDER-371601/detail-03.webp","assets/products/gaming/ORDER-371601/detail-04.webp"
"ORDER-371602","gaming","Gaming and entertainment product 42","منتج الألعاب والترفيه 42","游戏娱乐商品 42","Replace this with polished product copy based on the selected Gulf-market bestseller.","استبدل هذا النص بوصف احترافي للمنتج المناسب لسوق الخليج.","替换为适合海湾市场爆品的正式商品描述。","$99-$199","$75","$65","$55","assets/products/gaming/ORDER-371602/main.webp","assets/products/gaming/ORDER-371602/detail-01.webp","assets/products/gaming/ORDER-371602/detail-02.webp","assets/products/gaming/ORDER-371602/detail-03.webp","assets/products/gaming/ORDER-371602/detail-04.webp"
"ORDER-371603","gaming","Gaming and entertainment product 43","منتج الألعاب والترفيه 43","游戏娱乐商品 43","Replace this with polished product copy based on the selected Gulf-market bestseller.","استبدل هذا النص بوصف احترافي للمنتج المناسب لسوق الخليج.","替换为适合海湾市场爆品的正式商品描述。","$99-$199","$75","$65","$55","assets/products/gaming/ORDER-371603/main.webp","assets/products/gaming/ORDER-371603/detail-01.webp","assets/products/gaming/ORDER-371603/detail-02.webp","assets/products/gaming/ORDER-371603/detail-03.webp","assets/products/gaming/ORDER-371603/detail-04.webp"
"ORDER-371604","gaming","Gaming and entertainment product 44","منتج الألعاب والترفيه 44","游戏娱乐商品 44","Replace this with polished product copy based on the selected Gulf-market bestseller.","استبدل هذا النص بوصف احترافي للمنتج المناسب لسوق الخليج.","替换为适合海湾市场爆品的正式商品描述。","$99-$199","$75","$65","$55","assets/products/gaming/ORDER-371604/main.webp","assets/products/gaming/ORDER-371604/detail-01.webp","assets/products/gaming/ORDER-371604/detail-02.webp","assets/products/gaming/ORDER-371604/detail-03.webp","assets/products/gaming/ORDER-371604/detail-04.webp"
"ORDER-371605","gaming","Gaming and entertainment product 45","منتج الألعاب والترفيه 45","游戏娱乐商品 45","Replace this with polished product copy based on the selected Gulf-market bestseller.","استبدل هذا النص بوصف احترافي للمنتج المناسب لسوق الخليج.","替换为适合海湾市场爆品的正式商品描述。","$99-$199","$75","$65","$55","assets/products/gaming/ORDER-371605/main.webp","assets/products/gaming/ORDER-371605/detail-01.webp","assets/products/gaming/ORDER-371605/detail-02.webp","assets/products/gaming/ORDER-371605/detail-03.webp","assets/products/gaming/ORDER-371605/detail-04.webp"
"ORDER-371606","gaming","Gaming and entertainment product 46","منتج الألعاب والترفيه 46","游戏娱乐商品 46","Replace this with polished product copy based on the selected Gulf-market bestseller.","استبدل هذا النص بوصف احترافي للمنتج المناسب لسوق الخليج.","替换为适合海湾市场爆品的正式商品描述。","$99-$199","$75","$65","$55","assets/products/gaming/ORDER-371606/main.webp","assets/products/gaming/ORDER-371606/detail-01.webp","assets/products/gaming/ORDER-371606/detail-02.webp","assets/products/gaming/ORDER-371606/detail-03.webp","assets/products/gaming/ORDER-371606/detail-04.webp"
"ORDER-371607","gaming","Gaming and entertainment product 47","منتج الألعاب والترفيه 47","游戏娱乐商品 47","Replace this with polished product copy based on the selected Gulf-market bestseller.","استبدل هذا النص بوصف احترافي للمنتج المناسب لسوق الخليج.","替换为适合海湾市场爆品的正式商品描述。","$99-$199","$75","$65","$55","assets/products/gaming/ORDER-371607/main.webp","assets/products/gaming/ORDER-371607/detail-01.webp","assets/products/gaming/ORDER-371607/detail-02.webp","assets/products/gaming/ORDER-371607/detail-03.webp","assets/products/gaming/ORDER-371607/detail-04.webp"
"ORDER-371608","gaming","Gaming and entertainment product 48","منتج الألعاب والترفيه 48","游戏娱乐商品 48","Replace this with polished product copy based on the selected Gulf-market bestseller.","استبدل هذا النص بوصف احترافي للمنتج المناسب لسوق الخليج.","替换为适合海湾市场爆品的正式商品描述。","$99-$199","$75","$65","$55","assets/products/gaming/ORDER-371608/main.webp","assets/products/gaming/ORDER-371608/detail-01.webp","assets/products/gaming/ORDER-371608/detail-02.webp","assets/products/gaming/ORDER-371608/detail-03.webp","assets/products/gaming/ORDER-371608/detail-04.webp"
"ORDER-371609","gaming","Gaming and entertainment product 49","منتج الألعاب والترفيه 49","游戏娱乐商品 49","Replace this with polished product copy based on the selected Gulf-market bestseller.","استبدل هذا النص بوصف احترافي للمنتج المناسب لسوق الخليج.","替换为适合海湾市场爆品的正式商品描述。","$99-$199","$75","$65","$55","assets/products/gaming/ORDER-371609/main.webp","assets/products/gaming/ORDER-371609/detail-01.webp","assets/products/gaming/ORDER-371609/detail-02.webp","assets/products/gaming/ORDER-371609/detail-03.webp","assets/products/gaming/ORDER-371609/detail-04.webp"
"ORDER-371610","gaming","Gaming and entertainment product 50","منتج الألعاب والترفيه 50","游戏娱乐商品 50","Replace this with polished product copy based on the selected Gulf-market bestseller.","استبدل هذا النص بوصف احترافي للمنتج المناسب لسوق الخليج.","替换为适合海湾市场爆品的正式商品描述。","$99-$199","$75","$65","$55","assets/products/gaming/ORDER-371610/main.webp","assets/products/gaming/ORDER-371610/detail-01.webp","assets/products/gaming/ORDER-371610/detail-02.webp","assets/products/gaming/ORDER-371610/detail-03.webp","assets/products/gaming/ORDER-371610/detail-04.webp"
